network,property,n_unfixed,result,time,steps,hist_file,time_file,y
mnist-net_256x2.onnx,0,1,unsat,0.406550605,1,./eval/mnist_fc_growing/mnist-net_256x2.onnx_0_1_hist_2026-07-06_15-15-29.jld2,0.28795814514160156,0.0
mnist-net_256x2.onnx,0,2,unsat,0.065090648,1,./eval/mnist_fc_growing/mnist-net_256x2.onnx_0_2_hist_2026-07-06_15-15-29.jld2,0.0427861213684082,0.0
mnist-net_256x2.onnx,0,3,unsat,0.105210386,1,./eval/mnist_fc_growing/mnist-net_256x2.onnx_0_3_hist_2026-07-06_15-15-29.jld2,0.08138298988342285,0.0
mnist-net_256x2.onnx,0,4,unsat,0.111087083,1,./eval/mnist_fc_growing/mnist-net_256x2.onnx_0_4_hist_2026-07-06_15-15-29.jld2,0.07960700988769531,0.0
mnist-net_256x2.onnx,0,5,unsat,0.095536778,1,./eval/mnist_fc_growing/mnist-net_256x2.onnx_0_5_hist_2026-07-06_15-15-29.jld2,0.06495022773742676,0.0
mnist-net_256x2.onnx,0,6,unsat,0.130322523,1,./eval/mnist_fc_growing/mnist-net_256x2.onnx_0_6_hist_2026-07-06_15-15-29.jld2,0.09685492515563965,0.0
mnist-net_256x2.onnx,0,7,unsat,0.508480737,1,./eval/mnist_fc_growing/mnist-net_256x2.onnx_0_7_hist_2026-07-06_15-15-29.jld2,0.46628689765930176,0.0
mnist-net_256x2.onnx,0,8,unsat,0.112255885,1,./eval/mnist_fc_growing/mnist-net_256x2.onnx_0_8_hist_2026-07-06_15-15-29.jld2,0.06425881385803223,0.0
mnist-net_256x2.onnx,0,9,unsat,0.136349933,1,./eval/mnist_fc_growing/mnist-net_256x2.onnx_0_9_hist_2026-07-06_15-15-29.jld2,0.0743861198425293,0.0
mnist-net_256x2.onnx,0,10,unsat,0.160125995,1,./eval/mnist_fc_growing/mnist-net_256x2.onnx_0_10_hist_2026-07-06_15-15-29.jld2,0.09806299209594727,0.0
mnist-net_256x2.onnx,0,11,unsat,0.185167422,1,./eval/mnist_fc_growing/mnist-net_256x2.onnx_0_11_hist_2026-07-06_15-15-29.jld2,0.11498785018920898,0.0
mnist-net_256x2.onnx,0,12,unsat,0.206200099,1,./eval/mnist_fc_growing/mnist-net_256x2.onnx_0_12_hist_2026-07-06_15-15-29.jld2,0.12527918815612793,0.0
mnist-net_256x2.onnx,0,13,unsat,0.252309299,1,./eval/mnist_fc_growing/mnist-net_256x2.onnx_0_13_hist_2026-07-06_15-15-29.jld2,0.16028285026550293,0.0
mnist-net_256x2.onnx,0,14,unknown,0.295339358,1,./eval/mnist_fc_growing/mnist-net_256x2.onnx_0_14_hist_2026-07-06_15-15-29.jld2,0.17502284049987793,0.7111541458043757
mnist-net_256x2.onnx,0,15,unknown,0.267083334,1,./eval/mnist_fc_growing/mnist-net_256x2.onnx_0_15_hist_2026-07-06_15-15-29.jld2,0.1366128921508789,0.7900071938885417
mnist-net_256x2.onnx,0,16,unknown,0.34826299,1,./eval/mnist_fc_growing/mnist-net_256x2.onnx_0_16_hist_2026-07-06_15-15-29.jld2,0.20303916931152344,0.8627982617890659
mnist-net_256x2.onnx,0,17,unknown,0.39584459,1,./eval/mnist_fc_growing/mnist-net_256x2.onnx_0_17_hist_2026-07-06_15-15-29.jld2,0.2337660789489746,0.042095030148345036
mnist-net_256x2.onnx,0,18,unknown,0.449416561,1,./eval/mnist_fc_growing/mnist-net_256x2.onnx_0_18_hist_2026-07-06_15-15-29.jld2,0.2671229839324951,14.7732576738809
mnist-net_256x2.onnx,0,19,unknown,0.511845652,1,./eval/mnist_fc_growing/mnist-net_256x2.onnx_0_19_hist_2026-07-06_15-15-29.jld2,0.31281208992004395,36.31430200678463
mnist-net_256x2.onnx,0,20,unknown,0.554482007,1,./eval/mnist_fc_growing/mnist-net_256x2.onnx_0_20_hist_2026-07-06_15-15-29.jld2,0.3120460510253906,36.26708880199953
mnist-net_256x2.onnx,0,21,unknown,0.67773547,1,./eval/mnist_fc_growing/mnist-net_256x2.onnx_0_21_hist_2026-07-06_15-15-29.jld2,0.4097750186920166,40.28107013943897
mnist-net_256x2.onnx,0,22,unknown,0.77237946,1,./eval/mnist_fc_growing/mnist-net_256x2.onnx_0_22_hist_2026-07-06_15-15-29.jld2,0.4808530807495117,26.409734344950074
mnist-net_256x2.onnx,0,23,unknown,0.846338195,1,./eval/mnist_fc_growing/mnist-net_256x2.onnx_0_23_hist_2026-07-06_15-15-29.jld2,0.5283398628234863,36.50135296831905
mnist-net_256x2.onnx,0,24,unknown,0.983256684,1,./eval/mnist_fc_growing/mnist-net_256x2.onnx_0_24_hist_2026-07-06_15-15-29.jld2,0.649226188659668,36.71723671645512
mnist-net_256x2.onnx,0,25,unknown,1.057686041,1,./eval/mnist_fc_growing/mnist-net_256x2.onnx_0_25_hist_2026-07-06_15-15-29.jld2,0.691831111907959,38.87351287001505
mnist-net_256x2.onnx,0,26,unknown,1.19313759,1,./eval/mnist_fc_growing/mnist-net_256x2.onnx_0_26_hist_2026-07-06_15-15-29.jld2,0.7883298397064209,40.33543357972307
mnist-net_256x2.onnx,0,27,unknown,1.337160926,1,./eval/mnist_fc_growing/mnist-net_256x2.onnx_0_27_hist_2026-07-06_15-15-29.jld2,0.8987281322479248,45.42326869444017
mnist-net_256x2.onnx,0,28,unknown,1.499537049,1,./eval/mnist_fc_growing/mnist-net_256x2.onnx_0_28_hist_2026-07-06_15-15-29.jld2,1.022711992263794,46.425111640460415
mnist-net_256x2.onnx,0,29,unknown,1.772648679,1,./eval/mnist_fc_growing/mnist-net_256x2.onnx_0_29_hist_2026-07-06_15-15-29.jld2,1.1778600215911865,39.568932297939725
mnist-net_256x2.onnx,0,30,unknown,1.904472212,1,./eval/mnist_fc_growing/mnist-net_256x2.onnx_0_30_hist_2026-07-06_15-15-29.jld2,1.3280088901519775,42.67589910453439
mnist-net_256x2.onnx,0,31,unknown,2.1237353,1,./eval/mnist_fc_growing/mnist-net_256x2.onnx_0_31_hist_2026-07-06_15-15-29.jld2,1.495068073272705,44.89406061691087
mnist-net_256x2.onnx,0,32,unknown,2.70226684,1,./eval/mnist_fc_growing/mnist-net_256x2.onnx_0_32_hist_2026-07-06_15-15-29.jld2,2.0265581607818604,49.66130771140145
mnist-net_256x2.onnx,0,33,unknown,2.962093626,1,./eval/mnist_fc_growing/mnist-net_256x2.onnx_0_33_hist_2026-07-06_15-15-29.jld2,2.2244789600372314,51.30517557381832
mnist-net_256x2.onnx,0,34,unknown,3.237508714,1,./eval/mnist_fc_growing/mnist-net_256x2.onnx_0_34_hist_2026-07-06_15-15-29.jld2,2.4446191787719727,53.238743861095664
mnist-net_256x2.onnx,0,35,unknown,3.557803691,1,./eval/mnist_fc_growing/mnist-net_256x2.onnx_0_35_hist_2026-07-06_15-15-29.jld2,2.6885650157928467,54.16961111573524
mnist-net_256x2.onnx,0,36,unknown,3.935901842,1,./eval/mnist_fc_growing/mnist-net_256x2.onnx_0_36_hist_2026-07-06_15-15-29.jld2,2.967918872833252,94.25845299343514
mnist-net_256x2.onnx,0,37,unknown,4.292738769,1,./eval/mnist_fc_growing/mnist-net_256x2.onnx_0_37_hist_2026-07-06_15-15-29.jld2,3.2783758640289307,74.83106022175815
mnist-net_256x2.onnx,0,38,unknown,4.695203895,1,./eval/mnist_fc_growing/mnist-net_256x2.onnx_0_38_hist_2026-07-06_15-15-29.jld2,3.565824031829834,81.75220378365636
mnist-net_256x2.onnx,0,39,unknown,5.149680849,1,./eval/mnist_fc_growing/mnist-net_256x2.onnx_0_39_hist_2026-07-06_15-15-29.jld2,3.9084041118621826,60.43314590026949
mnist-net_256x2.onnx,0,40,unknown,5.622183608,1,./eval/mnist_fc_growing/mnist-net_256x2.onnx_0_40_hist_2026-07-06_15-15-29.jld2,4.266723155975342,70.25076529735014
mnist-net_256x2.onnx,0,41,unknown,6.164847124,1,./eval/mnist_fc_growing/mnist-net_256x2.onnx_0_41_hist_2026-07-06_15-15-29.jld2,4.67844295501709,130.12951008178533
mnist-net_256x2.onnx,0,42,unknown,6.681964726,1,./eval/mnist_fc_growing/mnist-net_256x2.onnx_0_42_hist_2026-07-06_15-15-29.jld2,5.053911924362183,102.05296728621943
mnist-net_256x2.onnx,0,43,unknown,7.285725712,1,./eval/mnist_fc_growing/mnist-net_256x2.onnx_0_43_hist_2026-07-06_15-15-29.jld2,5.5250420570373535,103.42438569061683
mnist-net_256x2.onnx,0,44,unknown,7.919726671,1,./eval/mnist_fc_growing/mnist-net_256x2.onnx_0_44_hist_2026-07-06_15-15-29.jld2,6.029943943023682,105.13424771340439
mnist-net_256x2.onnx,0,45,unknown,8.638174496,1,./eval/mnist_fc_growing/mnist-net_256x2.onnx_0_45_hist_2026-07-06_15-15-29.jld2,6.566695928573608,106.9241752890352
mnist-net_256x2.onnx,0,46,unknown,9.346457651,1,./eval/mnist_fc_growing/mnist-net_256x2.onnx_0_46_hist_2026-07-06_15-15-29.jld2,7.125946044921875,139.4132634981892
mnist-net_256x2.onnx,0,47,unknown,10.269763004,1,./eval/mnist_fc_growing/mnist-net_256x2.onnx_0_47_hist_2026-07-06_15-15-29.jld2,7.845767021179199,142.41616133348603
mnist-net_256x2.onnx,0,48,unknown,11.412112535,1,./eval/mnist_fc_growing/mnist-net_256x2.onnx_0_48_hist_2026-07-06_15-15-29.jld2,8.459677934646606,144.70210579980983
mnist-net_256x2.onnx,0,49,unknown,12.223622702,1,./eval/mnist_fc_growing/mnist-net_256x2.onnx_0_49_hist_2026-07-06_15-15-29.jld2,9.093430042266846,145.73222652985638
mnist-net_256x2.onnx,0,50,unknown,13.218616338,1,./eval/mnist_fc_growing/mnist-net_256x2.onnx_0_50_hist_2026-07-06_15-15-29.jld2,10.212240219116211,148.58271233224391
mnist-net_256x2.onnx,1,1,unknown,0.036366931,1,./eval/mnist_fc_growing/mnist-net_256x2.onnx_1_1_hist_2026-07-06_15-15-29.jld2,0.014495134353637695,0.5763218490691712
mnist-net_256x2.onnx,1,2,unknown,0.040120205,1,./eval/mnist_fc_growing/mnist-net_256x2.onnx_1_2_hist_2026-07-06_15-15-29.jld2,0.016947031021118164,3.175446596634653
mnist-net_256x2.onnx,1,3,unknown,0.047218647,1,./eval/mnist_fc_growing/mnist-net_256x2.onnx_1_3_hist_2026-07-06_15-15-29.jld2,0.01848602294921875,4.783977290558252
mnist-net_256x2.onnx,1,4,unknown,0.053094877,1,./eval/mnist_fc_growing/mnist-net_256x2.onnx_1_4_hist_2026-07-06_15-15-29.jld2,0.02131199836730957,27.892019877465046
mnist-net_256x2.onnx,1,5,unknown,0.059290377,1,./eval/mnist_fc_growing/mnist-net_256x2.onnx_1_5_hist_2026-07-06_15-15-29.jld2,0.02429795265197754,19.26700857242337
mnist-net_256x2.onnx,1,6,unknown,0.065008435,1,./eval/mnist_fc_growing/mnist-net_256x2.onnx_1_6_hist_2026-07-06_15-15-29.jld2,0.027420997619628906,5.885878900200486
mnist-net_256x2.onnx,1,7,unknown,0.074230716,1,./eval/mnist_fc_growing/mnist-net_256x2.onnx_1_7_hist_2026-07-06_15-15-29.jld2,0.03129720687866211,5.951307779682777
mnist-net_256x2.onnx,1,8,unknown,0.086243829,1,./eval/mnist_fc_growing/mnist-net_256x2.onnx_1_8_hist_2026-07-06_15-15-29.jld2,0.03655195236206055,6.016122473444238
mnist-net_256x2.onnx,1,9,unknown,0.098675691,1,./eval/mnist_fc_growing/mnist-net_256x2.onnx_1_9_hist_2026-07-06_15-15-29.jld2,0.04308509826660156,6.2854546301045735
mnist-net_256x2.onnx,1,10,unknown,0.119731677,1,./eval/mnist_fc_growing/mnist-net_256x2.onnx_1_10_hist_2026-07-06_15-15-29.jld2,0.05531501770019531,6.444682496601812
mnist-net_256x2.onnx,1,11,unknown,0.135650969,1,./eval/mnist_fc_growing/mnist-net_256x2.onnx_1_11_hist_2026-07-06_15-15-29.jld2,0.06433320045471191,6.741962468334916
mnist-net_256x2.onnx,1,12,unknown,0.156833006,1,./eval/mnist_fc_growing/mnist-net_256x2.onnx_1_12_hist_2026-07-06_15-15-29.jld2,0.07556486129760742,7.306529938395034
mnist-net_256x2.onnx,1,13,unknown,0.185588971,1,./eval/mnist_fc_growing/mnist-net_256x2.onnx_1_13_hist_2026-07-06_15-15-29.jld2,0.09262394905090332,8.266647209885932
mnist-net_256x2.onnx,1,14,unknown,0.218462155,1,./eval/mnist_fc_growing/mnist-net_256x2.onnx_1_14_hist_2026-07-06_15-15-29.jld2,0.11269092559814453,9.057389582316718
mnist-net_256x2.onnx,1,15,unknown,0.244482495,1,./eval/mnist_fc_growing/mnist-net_256x2.onnx_1_15_hist_2026-07-06_15-15-29.jld2,0.11968612670898438,9.438695434614099
mnist-net_256x2.onnx,1,16,unknown,0.282512592,1,./eval/mnist_fc_growing/mnist-net_256x2.onnx_1_16_hist_2026-07-06_15-15-29.jld2,0.14426112174987793,10.553239918106474
mnist-net_256x2.onnx,1,17,unknown,0.339153191,1,./eval/mnist_fc_growing/mnist-net_256x2.onnx_1_17_hist_2026-07-06_15-15-29.jld2,0.17670702934265137,11.44448512655406
mnist-net_256x2.onnx,1,18,unknown,0.380958251,1,./eval/mnist_fc_growing/mnist-net_256x2.onnx_1_18_hist_2026-07-06_15-15-29.jld2,0.21204876899719238,11.722155645878418
mnist-net_256x2.onnx,1,19,unknown,0.44670289,1,./eval/mnist_fc_growing/mnist-net_256x2.onnx_1_19_hist_2026-07-06_15-15-29.jld2,0.25803089141845703,12.63774014320611
mnist-net_256x2.onnx,1,20,unknown,0.515354958,1,./eval/mnist_fc_growing/mnist-net_256x2.onnx_1_20_hist_2026-07-06_15-15-29.jld2,0.29994893074035645,13.272229102890105
mnist-net_256x2.onnx,1,21,unknown,0.598327989,1,./eval/mnist_fc_growing/mnist-net_256x2.onnx_1_21_hist_2026-07-06_15-15-29.jld2,0.36206912994384766,14.612084324646062
mnist-net_256x2.onnx,1,22,unknown,0.690976267,1,./eval/mnist_fc_growing/mnist-net_256x2.onnx_1_22_hist_2026-07-06_15-15-29.jld2,0.4283130168914795,15.699797695944744
mnist-net_256x2.onnx,1,23,unknown,0.786512447,1,./eval/mnist_fc_growing/mnist-net_256x2.onnx_1_23_hist_2026-07-06_15-15-29.jld2,0.4997420310974121,16.32851080825857
mnist-net_256x2.onnx,1,24,unknown,0.90234886,1,./eval/mnist_fc_growing/mnist-net_256x2.onnx_1_24_hist_2026-07-06_15-15-29.jld2,0.5799210071563721,16.8156054428207
mnist-net_256x2.onnx,1,25,unknown,1.022075823,1,./eval/mnist_fc_growing/mnist-net_256x2.onnx_1_25_hist_2026-07-06_15-15-29.jld2,0.6699039936065674,17.524570684668376
mnist-net_256x2.onnx,1,26,unknown,1.168205395,1,./eval/mnist_fc_growing/mnist-net_256x2.onnx_1_26_hist_2026-07-06_15-15-29.jld2,0.7652139663696289,18.932126390433737
mnist-net_256x2.onnx,1,27,unknown,1.312651394,1,./eval/mnist_fc_growing/mnist-net_256x2.onnx_1_27_hist_2026-07-06_15-15-29.jld2,0.8776829242706299,19.318771941819747
mnist-net_256x2.onnx,1,28,unknown,1.479587788,1,./eval/mnist_fc_growing/mnist-net_256x2.onnx_1_28_hist_2026-07-06_15-15-29.jld2,1.0045249462127686,19.909906455412674
mnist-net_256x2.onnx,1,29,unknown,1.652627249,1,./eval/mnist_fc_growing/mnist-net_256x2.onnx_1_29_hist_2026-07-06_15-15-29.jld2,1.1410160064697266,20.210017154797573
mnist-net_256x2.onnx,1,30,unknown,1.844520348,1,./eval/mnist_fc_growing/mnist-net_256x2.onnx_1_30_hist_2026-07-06_15-15-29.jld2,1.2857909202575684,21.697835265784782
mnist-net_256x2.onnx,1,31,unknown,2.118308196,1,./eval/mnist_fc_growing/mnist-net_256x2.onnx_1_31_hist_2026-07-06_15-15-29.jld2,1.458554983139038,23.797624756007824
mnist-net_256x2.onnx,1,32,unknown,2.665265326,1,./eval/mnist_fc_growing/mnist-net_256x2.onnx_1_32_hist_2026-07-06_15-15-29.jld2,1.9971730709075928,26.234449332007063
mnist-net_256x2.onnx,1,33,unknown,2.916467757,1,./eval/mnist_fc_growing/mnist-net_256x2.onnx_1_33_hist_2026-07-06_15-15-29.jld2,2.1983771324157715,29.58357760165487
mnist-net_256x2.onnx,1,34,unknown,3.192483129,1,./eval/mnist_fc_growing/mnist-net_256x2.onnx_1_34_hist_2026-07-06_15-15-29.jld2,2.4096500873565674,31.3308475066185
mnist-net_256x2.onnx,1,35,unknown,3.511607698,1,./eval/mnist_fc_growing/mnist-net_256x2.onnx_1_35_hist_2026-07-06_15-15-29.jld2,2.6521739959716797,34.01118160243179
mnist-net_256x2.onnx,1,36,unknown,3.842518449,1,./eval/mnist_fc_growing/mnist-net_256x2.onnx_1_36_hist_2026-07-06_15-15-29.jld2,2.9130101203918457,35.23574602746739
mnist-net_256x2.onnx,1,37,unknown,4.232656058,1,./eval/mnist_fc_growing/mnist-net_256x2.onnx_1_37_hist_2026-07-06_15-15-29.jld2,3.2135069370269775,36.80061094947915
mnist-net_256x2.onnx,1,38,unknown,4.664317011,1,./eval/mnist_fc_growing/mnist-net_256x2.onnx_1_38_hist_2026-07-06_15-15-29.jld2,3.5222902297973633,39.35578652544865
mnist-net_256x2.onnx,1,39,unknown,5.121733865,1,./eval/mnist_fc_growing/mnist-net_256x2.onnx_1_39_hist_2026-07-06_15-15-29.jld2,3.8732821941375732,42.27491052867675
mnist-net_256x2.onnx,1,40,unknown,5.634527257,1,./eval/mnist_fc_growing/mnist-net_256x2.onnx_1_40_hist_2026-07-06_15-15-29.jld2,4.260991811752319,73.3202731915631
mnist-net_256x2.onnx,1,41,unknown,6.14456255,1,./eval/mnist_fc_growing/mnist-net_256x2.onnx_1_41_hist_2026-07-06_15-15-29.jld2,4.631724834442139,75.6356153089083
mnist-net_256x2.onnx,1,42,unknown,6.664919288,1,./eval/mnist_fc_growing/mnist-net_256x2.onnx_1_42_hist_2026-07-06_15-15-29.jld2,5.040818929672241,77.2561713417102
mnist-net_256x2.onnx,1,43,unknown,7.332228423,1,./eval/mnist_fc_growing/mnist-net_256x2.onnx_1_43_hist_2026-07-06_15-15-29.jld2,5.567345142364502,78.82859347954982
mnist-net_256x2.onnx,1,44,unknown,7.905493771,1,./eval/mnist_fc_growing/mnist-net_256x2.onnx_1_44_hist_2026-07-06_15-15-29.jld2,6.009776830673218,81.4977858051455
mnist-net_256x2.onnx,1,45,unknown,8.623610236,1,./eval/mnist_fc_growing/mnist-net_256x2.onnx_1_45_hist_2026-07-06_15-15-29.jld2,6.5518798828125,56.11102275361993
mnist-net_256x2.onnx,1,46,unknown,9.399091475,1,./eval/mnist_fc_growing/mnist-net_256x2.onnx_1_46_hist_2026-07-06_15-15-29.jld2,7.170148134231567,117.97245387146084
mnist-net_256x2.onnx,1,47,unknown,10.124527527,1,./eval/mnist_fc_growing/mnist-net_256x2.onnx_1_47_hist_2026-07-06_15-15-29.jld2,7.734292030334473,83.65764802624489
mnist-net_256x2.onnx,1,48,unknown,11.327001882,1,./eval/mnist_fc_growing/mnist-net_256x2.onnx_1_48_hist_2026-07-06_15-15-29.jld2,8.678562879562378,84.11008189186134
mnist-net_256x2.onnx,1,49,unknown,12.161781241,1,./eval/mnist_fc_growing/mnist-net_256x2.onnx_1_49_hist_2026-07-06_15-15-29.jld2,9.043267011642456,84.92608067466963
mnist-net_256x2.onnx,1,50,unknown,13.137503137,1,./eval/mnist_fc_growing/mnist-net_256x2.onnx_1_50_hist_2026-07-06_15-15-29.jld2,9.842669010162354,86.05453265682817
mnist-net_256x2.onnx,2,1,unsat,0.035756214,1,./eval/mnist_fc_growing/mnist-net_256x2.onnx_2_1_hist_2026-07-06_15-15-29.jld2,0.01472783088684082,0.0
mnist-net_256x2.onnx,2,2,unsat,0.039868083,1,./eval/mnist_fc_growing/mnist-net_256x2.onnx_2_2_hist_2026-07-06_15-15-29.jld2,0.015876054763793945,0.0
mnist-net_256x2.onnx,2,3,unsat,0.041474127,1,./eval/mnist_fc_growing/mnist-net_256x2.onnx_2_3_hist_2026-07-06_15-15-29.jld2,0.016742944717407227,0.0
mnist-net_256x2.onnx,2,4,unsat,0.047804233,1,./eval/mnist_fc_growing/mnist-net_256x2.onnx_2_4_hist_2026-07-06_15-15-29.jld2,0.017513036727905273,0.0
mnist-net_256x2.onnx,2,5,unknown,0.049929219,1,./eval/mnist_fc_growing/mnist-net_256x2.onnx_2_5_hist_2026-07-06_15-15-29.jld2,0.018785953521728516,0.0778692483508685
mnist-net_256x2.onnx,2,6,unknown,0.055150828,1,./eval/mnist_fc_growing/mnist-net_256x2.onnx_2_6_hist_2026-07-06_15-15-29.jld2,0.02057790756225586,0.07973342691719532
mnist-net_256x2.onnx,2,7,unknown,0.091896758,1,./eval/mnist_fc_growing/mnist-net_256x2.onnx_2_7_hist_2026-07-06_15-15-29.jld2,0.05312204360961914,0.08830751424254968
mnist-net_256x2.onnx,2,8,unknown,0.099967903,1,./eval/mnist_fc_growing/mnist-net_256x2.onnx_2_8_hist_2026-07-06_15-15-29.jld2,0.05660104751586914,0.09537045927876786
mnist-net_256x2.onnx,2,9,unknown,0.076757452,1,./eval/mnist_fc_growing/mnist-net_256x2.onnx_2_9_hist_2026-07-06_15-15-29.jld2,0.027981996536254883,0.09988582555473835
mnist-net_256x2.onnx,2,10,unknown,0.116745852,1,./eval/mnist_fc_growing/mnist-net_256x2.onnx_2_10_hist_2026-07-06_15-15-29.jld2,0.05400395393371582,0.15055681037738644
mnist-net_256x2.onnx,2,11,unknown,0.136522213,1,./eval/mnist_fc_growing/mnist-net_256x2.onnx_2_11_hist_2026-07-06_15-15-29.jld2,0.06389594078063965,0.17728671137110635
mnist-net_256x2.onnx,2,12,unknown,0.153349358,1,./eval/mnist_fc_growing/mnist-net_256x2.onnx_2_12_hist_2026-07-06_15-15-29.jld2,0.07490921020507812,0.1977752951637045
mnist-net_256x2.onnx,2,13,unknown,0.180317675,1,./eval/mnist_fc_growing/mnist-net_256x2.onnx_2_13_hist_2026-07-06_15-15-29.jld2,0.09008908271789551,0.2977605000329899
mnist-net_256x2.onnx,2,14,unknown,0.21414182,1,./eval/mnist_fc_growing/mnist-net_256x2.onnx_2_14_hist_2026-07-06_15-15-29.jld2,0.11159706115722656,0.36407834736090916
mnist-net_256x2.onnx,2,15,unknown,0.238811379,1,./eval/mnist_fc_growing/mnist-net_256x2.onnx_2_15_hist_2026-07-06_15-15-29.jld2,0.1183769702911377,0.4092512313689739
mnist-net_256x2.onnx,2,16,unknown,0.278614217,1,./eval/mnist_fc_growing/mnist-net_256x2.onnx_2_16_hist_2026-07-06_15-15-29.jld2,0.14284396171569824,0.4763693240742553
mnist-net_256x2.onnx,2,17,unknown,0.331685331,1,./eval/mnist_fc_growing/mnist-net_256x2.onnx_2_17_hist_2026-07-06_15-15-29.jld2,0.17508983612060547,1.1110155203451766
mnist-net_256x2.onnx,2,18,unknown,0.393113625,1,./eval/mnist_fc_growing/mnist-net_256x2.onnx_2_18_hist_2026-07-06_15-15-29.jld2,0.22565698623657227,3.211768500833692
mnist-net_256x2.onnx,2,19,unknown,0.443299753,1,./eval/mnist_fc_growing/mnist-net_256x2.onnx_2_19_hist_2026-07-06_15-15-29.jld2,0.2565310001373291,9.649242765005273
mnist-net_256x2.onnx,2,20,unknown,0.529498354,1,./eval/mnist_fc_growing/mnist-net_256x2.onnx_2_20_hist_2026-07-06_15-15-29.jld2,0.3085660934448242,20.298502104679347
mnist-net_256x2.onnx,2,21,unknown,0.611811587,1,./eval/mnist_fc_growing/mnist-net_256x2.onnx_2_21_hist_2026-07-06_15-15-29.jld2,0.3688199520111084,21.0980861111839
mnist-net_256x2.onnx,2,22,unknown,0.706483306,1,./eval/mnist_fc_growing/mnist-net_256x2.onnx_2_22_hist_2026-07-06_15-15-29.jld2,0.43990421295166016,20.99164905747593
mnist-net_256x2.onnx,2,23,unknown,0.798605472,1,./eval/mnist_fc_growing/mnist-net_256x2.onnx_2_23_hist_2026-07-06_15-15-29.jld2,0.5066258907318115,20.90707221165595
mnist-net_256x2.onnx,2,24,unknown,0.937516476,1,./eval/mnist_fc_growing/mnist-net_256x2.onnx_2_24_hist_2026-07-06_15-15-29.jld2,0.5796899795532227,20.7927153907781
mnist-net_256x2.onnx,2,25,unknown,1.031087892,1,./eval/mnist_fc_growing/mnist-net_256x2.onnx_2_25_hist_2026-07-06_15-15-29.jld2,0.6753571033477783,22.02329680069443
mnist-net_256x2.onnx,2,26,unknown,1.226275281,1,./eval/mnist_fc_growing/mnist-net_256x2.onnx_2_26_hist_2026-07-06_15-15-29.jld2,0.7696099281311035,22.933659356398095
mnist-net_256x2.onnx,2,27,unknown,1.321264244,1,./eval/mnist_fc_growing/mnist-net_256x2.onnx_2_27_hist_2026-07-06_15-15-29.jld2,0.8842060565948486,24.015443845659874
mnist-net_256x2.onnx,2,28,unknown,1.492004376,1,./eval/mnist_fc_growing/mnist-net_256x2.onnx_2_28_hist_2026-07-06_15-15-29.jld2,1.011763095855713,25.19712672873662
mnist-net_256x2.onnx,2,29,unknown,1.668615099,1,./eval/mnist_fc_growing/mnist-net_256x2.onnx_2_29_hist_2026-07-06_15-15-29.jld2,1.1472139358520508,27.746063847250145
mnist-net_256x2.onnx,2,30,unknown,1.871808007,1,./eval/mnist_fc_growing/mnist-net_256x2.onnx_2_30_hist_2026-07-06_15-15-29.jld2,1.3047471046447754,43.25291856791644
mnist-net_256x2.onnx,2,31,unknown,2.080091666,1,./eval/mnist_fc_growing/mnist-net_256x2.onnx_2_31_hist_2026-07-06_15-15-29.jld2,1.4610350131988525,63.19747940597281
mnist-net_256x2.onnx,2,32,unknown,2.679183824,1,./eval/mnist_fc_growing/mnist-net_256x2.onnx_2_32_hist_2026-07-06_15-15-29.jld2,2.0059478282928467,68.24772485167647
mnist-net_256x2.onnx,2,33,unknown,2.932184249,1,./eval/mnist_fc_growing/mnist-net_256x2.onnx_2_33_hist_2026-07-06_15-15-29.jld2,2.20841383934021,69.60435972806934
mnist-net_256x2.onnx,2,34,unknown,3.212288586,1,./eval/mnist_fc_growing/mnist-net_256x2.onnx_2_34_hist_2026-07-06_15-15-29.jld2,2.4237141609191895,69.78065846826458
mnist-net_256x2.onnx,2,35,unknown,3.551385903,1,./eval/mnist_fc_growing/mnist-net_256x2.onnx_2_35_hist_2026-07-06_15-15-29.jld2,2.6592729091644287,70.2514239414789
mnist-net_256x2.onnx,2,36,unknown,3.855706637,1,./eval/mnist_fc_growing/mnist-net_256x2.onnx_2_36_hist_2026-07-06_15-15-29.jld2,2.918534994125366,71.52092057433869
mnist-net_256x2.onnx,2,37,unknown,4.241500318,1,./eval/mnist_fc_growing/mnist-net_256x2.onnx_2_37_hist_2026-07-06_15-15-29.jld2,3.2148139476776123,74.04822023160582
mnist-net_256x2.onnx,2,38,unknown,4.678164513,1,./eval/mnist_fc_growing/mnist-net_256x2.onnx_2_38_hist_2026-07-06_15-15-29.jld2,3.540566921234131,81.04164739349935
mnist-net_256x2.onnx,2,39,unknown,5.122210834,1,./eval/mnist_fc_growing/mnist-net_256x2.onnx_2_39_hist_2026-07-06_15-15-29.jld2,3.8729190826416016,61.38000716865277
mnist-net_256x2.onnx,2,40,unknown,5.620565066,1,./eval/mnist_fc_growing/mnist-net_256x2.onnx_2_40_hist_2026-07-06_15-15-29.jld2,4.253278970718384,72.36072057599172
mnist-net_256x2.onnx,2,41,unknown,6.152974964,1,./eval/mnist_fc_growing/mnist-net_256x2.onnx_2_41_hist_2026-07-06_15-15-29.jld2,4.645174980163574,78.02218841837585
mnist-net_256x2.onnx,2,42,unknown,6.740757632,1,./eval/mnist_fc_growing/mnist-net_256x2.onnx_2_42_hist_2026-07-06_15-15-29.jld2,5.086642026901245,98.48264956844402
mnist-net_256x2.onnx,2,43,unknown,7.302027708,1,./eval/mnist_fc_growing/mnist-net_256x2.onnx_2_43_hist_2026-07-06_15-15-29.jld2,5.53165602684021,102.6413080938791
mnist-net_256x2.onnx,2,44,unknown,7.921665928,1,./eval/mnist_fc_growing/mnist-net_256x2.onnx_2_44_hist_2026-07-06_15-15-29.jld2,6.017430782318115,104.76820710890365
mnist-net_256x2.onnx,2,45,unknown,8.646862799,1,./eval/mnist_fc_growing/mnist-net_256x2.onnx_2_45_hist_2026-07-06_15-15-29.jld2,6.549836158752441,105.96300068766246
mnist-net_256x2.onnx,2,46,unknown,9.362033371,1,./eval/mnist_fc_growing/mnist-net_256x2.onnx_2_46_hist_2026-07-06_15-15-29.jld2,7.140866994857788,106.92426522593183
mnist-net_256x2.onnx,2,47,unknown,10.208171985,1,./eval/mnist_fc_growing/mnist-net_256x2.onnx_2_47_hist_2026-07-06_15-15-29.jld2,7.782163858413696,151.57026137032435
mnist-net_256x2.onnx,2,48,unknown,11.411219257,1,./eval/mnist_fc_growing/mnist-net_256x2.onnx_2_48_hist_2026-07-06_15-15-29.jld2,8.714447975158691,153.5390913564374
mnist-net_256x2.onnx,2,49,unknown,12.280487434,1,./eval/mnist_fc_growing/mnist-net_256x2.onnx_2_49_hist_2026-07-06_15-15-29.jld2,9.137051105499268,155.04011111801097
mnist-net_256x2.onnx,2,50,unknown,13.203101557,1,./eval/mnist_fc_growing/mnist-net_256x2.onnx_2_50_hist_2026-07-06_15-15-29.jld2,9.869845151901245,160.71813826942352
mnist-net_256x2.onnx,3,1,unsat,0.035825038,1,./eval/mnist_fc_growing/mnist-net_256x2.onnx_3_1_hist_2026-07-06_15-15-29.jld2,0.014834165573120117,0.0
mnist-net_256x2.onnx,3,2,unsat,0.040394513,1,./eval/mnist_fc_growing/mnist-net_256x2.onnx_3_2_hist_2026-07-06_15-15-29.jld2,0.016800880432128906,0.0
mnist-net_256x2.onnx,3,3,unsat,0.044084642,1,./eval/mnist_fc_growing/mnist-net_256x2.onnx_3_3_hist_2026-07-06_15-15-29.jld2,0.018375158309936523,0.0
mnist-net_256x2.onnx,3,4,unsat,0.051091562,1,./eval/mnist_fc_growing/mnist-net_256x2.onnx_3_4_hist_2026-07-06_15-15-29.jld2,0.02130293846130371,0.0
mnist-net_256x2.onnx,3,5,unsat,0.057232235,1,./eval/mnist_fc_growing/mnist-net_256x2.onnx_3_5_hist_2026-07-06_15-15-29.jld2,0.023637056350708008,0.0
mnist-net_256x2.onnx,3,6,unsat,0.063035777,1,./eval/mnist_fc_growing/mnist-net_256x2.onnx_3_6_hist_2026-07-06_15-15-29.jld2,0.026855945587158203,0.0
mnist-net_256x2.onnx,3,7,unsat,0.073466495,1,./eval/mnist_fc_growing/mnist-net_256x2.onnx_3_7_hist_2026-07-06_15-15-29.jld2,0.03105306625366211,0.0
mnist-net_256x2.onnx,3,8,unknown,0.089639266,1,./eval/mnist_fc_growing/mnist-net_256x2.onnx_3_8_hist_2026-07-06_15-15-29.jld2,0.03805994987487793,0.11903770393332873
mnist-net_256x2.onnx,3,9,unknown,0.103038206,1,./eval/mnist_fc_growing/mnist-net_256x2.onnx_3_9_hist_2026-07-06_15-15-29.jld2,0.04421114921569824,1.0265562266890473
mnist-net_256x2.onnx,3,10,unknown,0.123586341,1,./eval/mnist_fc_growing/mnist-net_256x2.onnx_3_10_hist_2026-07-06_15-15-29.jld2,0.056884050369262695,2.4411105076427266
mnist-net_256x2.onnx,3,11,unknown,0.142454059,1,./eval/mnist_fc_growing/mnist-net_256x2.onnx_3_11_hist_2026-07-06_15-15-29.jld2,0.06686592102050781,6.795530812881256
mnist-net_256x2.onnx,3,12,unknown,0.162581783,1,./eval/mnist_fc_growing/mnist-net_256x2.onnx_3_12_hist_2026-07-06_15-15-29.jld2,0.0777900218963623,37.28016208700862
mnist-net_256x2.onnx,3,13,unknown,0.18998661,1,./eval/mnist_fc_growing/mnist-net_256x2.onnx_3_13_hist_2026-07-06_15-15-29.jld2,0.09307289123535156,43.76262108812856
mnist-net_256x2.onnx,3,14,unknown,0.222619694,1,./eval/mnist_fc_growing/mnist-net_256x2.onnx_3_14_hist_2026-07-06_15-15-29.jld2,0.1143178939819336,50.25325115309443
mnist-net_256x2.onnx,3,15,unknown,0.251162434,1,./eval/mnist_fc_growing/mnist-net_256x2.onnx_3_15_hist_2026-07-06_15-15-29.jld2,0.12199187278747559,7.2957100174728255
mnist-net_256x2.onnx,3,16,unknown,0.291362235,1,./eval/mnist_fc_growing/mnist-net_256x2.onnx_3_16_hist_2026-07-06_15-15-29.jld2,0.14681410789489746,8.180561143895693
mnist-net_256x2.onnx,3,17,unknown,0.343544169,1,./eval/mnist_fc_growing/mnist-net_256x2.onnx_3_17_hist_2026-07-06_15-15-29.jld2,0.1794431209564209,11.057365866047412
mnist-net_256x2.onnx,3,18,unsat,0.382258123,1,./eval/mnist_fc_growing/mnist-net_256x2.onnx_3_18_hist_2026-07-06_15-15-29.jld2,0.21361994743347168,0.0
mnist-net_256x2.onnx,3,19,unknown,0.457878992,1,./eval/mnist_fc_growing/mnist-net_256x2.onnx_3_19_hist_2026-07-06_15-15-29.jld2,0.2632870674133301,6.632367294919279
mnist-net_256x2.onnx,3,20,unknown,0.527610123,1,./eval/mnist_fc_growing/mnist-net_256x2.onnx_3_20_hist_2026-07-06_15-15-29.jld2,0.3070080280303955,10.062555541807791
mnist-net_256x2.onnx,3,21,unknown,0.606419931,1,./eval/mnist_fc_growing/mnist-net_256x2.onnx_3_21_hist_2026-07-06_15-15-29.jld2,0.3634319305419922,12.209936834440068
mnist-net_256x2.onnx,3,22,unknown,0.698646067,1,./eval/mnist_fc_growing/mnist-net_256x2.onnx_3_22_hist_2026-07-06_15-15-29.jld2,0.43102312088012695,15.185775858874324
mnist-net_256x2.onnx,3,23,unsat,0.783445519,1,./eval/mnist_fc_growing/mnist-net_256x2.onnx_3_23_hist_2026-07-06_15-15-29.jld2,0.5004899501800537,0.0
mnist-net_256x2.onnx,3,24,unsat,0.899913632,1,./eval/mnist_fc_growing/mnist-net_256x2.onnx_3_24_hist_2026-07-06_15-15-29.jld2,0.5780341625213623,0.0
mnist-net_256x2.onnx,3,25,unsat,1.021556255,1,./eval/mnist_fc_growing/mnist-net_256x2.onnx_3_25_hist_2026-07-06_15-15-29.jld2,0.6726729869842529,0.0
mnist-net_256x2.onnx,3,26,unsat,1.163735709,1,./eval/mnist_fc_growing/mnist-net_256x2.onnx_3_26_hist_2026-07-06_15-15-29.jld2,0.7713088989257812,0.0
mnist-net_256x2.onnx,3,27,unknown,1.307704461,1,./eval/mnist_fc_growing/mnist-net_256x2.onnx_3_27_hist_2026-07-06_15-15-29.jld2,0.87996506690979,0.06057901458759067
mnist-net_256x2.onnx,3,28,unknown,1.479240147,1,./eval/mnist_fc_growing/mnist-net_256x2.onnx_3_28_hist_2026-07-06_15-15-29.jld2,1.0057439804077148,0.14791716453130313
mnist-net_256x2.onnx,3,29,unknown,1.724811743,1,./eval/mnist_fc_growing/mnist-net_256x2.onnx_3_29_hist_2026-07-06_15-15-29.jld2,1.2002918720245361,7.729299874870771
mnist-net_256x2.onnx,3,30,unknown,1.880834349,1,./eval/mnist_fc_growing/mnist-net_256x2.onnx_3_30_hist_2026-07-06_15-15-29.jld2,1.3116700649261475,12.577065868195549
mnist-net_256x2.onnx,3,31,unknown,2.065674835,1,./eval/mnist_fc_growing/mnist-net_256x2.onnx_3_31_hist_2026-07-06_15-15-29.jld2,1.4577410221099854,0.8542008731185134
mnist-net_256x2.onnx,3,32,unknown,2.704222689,1,./eval/mnist_fc_growing/mnist-net_256x2.onnx_3_32_hist_2026-07-06_15-15-29.jld2,2.0445210933685303,1.5526302203916116
mnist-net_256x2.onnx,3,33,unknown,2.922214413,1,./eval/mnist_fc_growing/mnist-net_256x2.onnx_3_33_hist_2026-07-06_15-15-29.jld2,2.203616142272949,3.75559624728546
mnist-net_256x2.onnx,3,34,unknown,3.222123114,1,./eval/mnist_fc_growing/mnist-net_256x2.onnx_3_34_hist_2026-07-06_15-15-29.jld2,2.4409091472625732,5.336558647554099
mnist-net_256x2.onnx,3,35,unknown,3.513167193,1,./eval/mnist_fc_growing/mnist-net_256x2.onnx_3_35_hist_2026-07-06_15-15-29.jld2,2.6533150672912598,7.049023610513278
mnist-net_256x2.onnx,3,36,unknown,3.851143858,1,./eval/mnist_fc_growing/mnist-net_256x2.onnx_3_36_hist_2026-07-06_15-15-29.jld2,2.9203391075134277,8.237221772570544
mnist-net_256x2.onnx,3,37,unknown,4.240094081,1,./eval/mnist_fc_growing/mnist-net_256x2.onnx_3_37_hist_2026-07-06_15-15-29.jld2,3.2163379192352295,8.814758176610384
mnist-net_256x2.onnx,3,38,unknown,4.697943204,1,./eval/mnist_fc_growing/mnist-net_256x2.onnx_3_38_hist_2026-07-06_15-15-29.jld2,3.5286788940429688,9.104560153057422
mnist-net_256x2.onnx,3,39,unknown,5.091801965,1,./eval/mnist_fc_growing/mnist-net_256x2.onnx_3_39_hist_2026-07-06_15-15-29.jld2,3.8619959354400635,9.528674833430351
mnist-net_256x2.onnx,3,40,unknown,5.589856053,1,./eval/mnist_fc_growing/mnist-net_256x2.onnx_3_40_hist_2026-07-06_15-15-29.jld2,4.23729395866394,9.820222001481985
mnist-net_256x2.onnx,3,41,unknown,6.100124505,1,./eval/mnist_fc_growing/mnist-net_256x2.onnx_3_41_hist_2026-07-06_15-15-29.jld2,4.62406587600708,10.263887360463992
mnist-net_256x2.onnx,3,42,unknown,6.682643378,1,./eval/mnist_fc_growing/mnist-net_256x2.onnx_3_42_hist_2026-07-06_15-15-29.jld2,5.066450119018555,10.816092704895246
mnist-net_256x2.onnx,3,43,unknown,7.297090654,1,./eval/mnist_fc_growing/mnist-net_256x2.onnx_3_43_hist_2026-07-06_15-15-29.jld2,5.528026819229126,12.383637946473247
mnist-net_256x2.onnx,3,44,unknown,7.955611846,1,./eval/mnist_fc_growing/mnist-net_256x2.onnx_3_44_hist_2026-07-06_15-15-29.jld2,6.029061794281006,15.473584032638508
mnist-net_256x2.onnx,3,45,unknown,8.644537734,1,./eval/mnist_fc_growing/mnist-net_256x2.onnx_3_45_hist_2026-07-06_15-15-29.jld2,6.560395002365112,16.728499098442942
mnist-net_256x2.onnx,3,46,unknown,9.345911701,1,./eval/mnist_fc_growing/mnist-net_256x2.onnx_3_46_hist_2026-07-06_15-15-29.jld2,7.126620054244995,17.675834935736283
mnist-net_256x2.onnx,3,47,unknown,10.499282085,1,./eval/mnist_fc_growing/mnist-net_256x2.onnx_3_47_hist_2026-07-06_15-15-29.jld2,8.099041938781738,19.321548018387098
mnist-net_256x2.onnx,3,48,unknown,11.345715518,1,./eval/mnist_fc_growing/mnist-net_256x2.onnx_3_48_hist_2026-07-06_15-15-29.jld2,8.771796941757202,22.160279703858407
mnist-net_256x2.onnx,3,49,unknown,12.241837814,1,./eval/mnist_fc_growing/mnist-net_256x2.onnx_3_49_hist_2026-07-06_15-15-29.jld2,9.47248911857605,23.20334008225258
mnist-net_256x2.onnx,3,50,unknown,13.164311611,1,./eval/mnist_fc_growing/mnist-net_256x2.onnx_3_50_hist_2026-07-06_15-15-29.jld2,10.172923803329468,23.732691992320603
mnist-net_256x2.onnx,4,1,unsat,0.036468245,1,./eval/mnist_fc_growing/mnist-net_256x2.onnx_4_1_hist_2026-07-06_15-15-29.jld2,0.015100955963134766,0.0
mnist-net_256x2.onnx,4,2,unsat,0.040441957,1,./eval/mnist_fc_growing/mnist-net_256x2.onnx_4_2_hist_2026-07-06_15-15-29.jld2,0.01695108413696289,0.0
mnist-net_256x2.onnx,4,3,unsat,0.045837075,1,./eval/mnist_fc_growing/mnist-net_256x2.onnx_4_3_hist_2026-07-06_15-15-29.jld2,0.018650054931640625,0.0
mnist-net_256x2.onnx,4,4,unsat,0.051051243,1,./eval/mnist_fc_growing/mnist-net_256x2.onnx_4_4_hist_2026-07-06_15-15-29.jld2,0.02129817008972168,0.0
mnist-net_256x2.onnx,4,5,unsat,0.059174635,1,./eval/mnist_fc_growing/mnist-net_256x2.onnx_4_5_hist_2026-07-06_15-15-29.jld2,0.02430415153503418,0.0
mnist-net_256x2.onnx,4,6,unsat,0.068907532,1,./eval/mnist_fc_growing/mnist-net_256x2.onnx_4_6_hist_2026-07-06_15-15-29.jld2,0.028013944625854492,0.0
mnist-net_256x2.onnx,4,7,unsat,0.077215352,1,./eval/mnist_fc_growing/mnist-net_256x2.onnx_4_7_hist_2026-07-06_15-15-29.jld2,0.03226280212402344,0.0
mnist-net_256x2.onnx,4,8,unsat,0.088730333,1,./eval/mnist_fc_growing/mnist-net_256x2.onnx_4_8_hist_2026-07-06_15-15-29.jld2,0.03699088096618652,0.0
mnist-net_256x2.onnx,4,9,unsat,0.102239967,1,./eval/mnist_fc_growing/mnist-net_256x2.onnx_4_9_hist_2026-07-06_15-15-29.jld2,0.044384002685546875,0.0
mnist-net_256x2.onnx,4,10,unsat,0.123076993,1,./eval/mnist_fc_growing/mnist-net_256x2.onnx_4_10_hist_2026-07-06_15-15-29.jld2,0.056550025939941406,0.0
mnist-net_256x2.onnx,4,11,unsat,0.140905037,1,./eval/mnist_fc_growing/mnist-net_256x2.onnx_4_11_hist_2026-07-06_15-15-29.jld2,0.06621694564819336,0.0
mnist-net_256x2.onnx,4,12,unsat,0.163167377,1,./eval/mnist_fc_growing/mnist-net_256x2.onnx_4_12_hist_2026-07-06_15-15-29.jld2,0.07835912704467773,0.0
mnist-net_256x2.onnx,4,13,unsat,0.187959295,1,./eval/mnist_fc_growing/mnist-net_256x2.onnx_4_13_hist_2026-07-06_15-15-29.jld2,0.0937650203704834,0.0
mnist-net_256x2.onnx,4,14,unsat,0.220468496,1,./eval/mnist_fc_growing/mnist-net_256x2.onnx_4_14_hist_2026-07-06_15-15-29.jld2,0.11396193504333496,0.0
mnist-net_256x2.onnx,4,15,unsat,0.297637954,1,./eval/mnist_fc_growing/mnist-net_256x2.onnx_4_15_hist_2026-07-06_15-15-29.jld2,0.16820597648620605,0.0
mnist-net_256x2.onnx,4,16,unknown,0.291082581,1,./eval/mnist_fc_growing/mnist-net_256x2.onnx_4_16_hist_2026-07-06_15-15-29.jld2,0.14744901657104492,1.0884541814386124
mnist-net_256x2.onnx,4,17,unknown,0.344555005,1,./eval/mnist_fc_growing/mnist-net_256x2.onnx_4_17_hist_2026-07-06_15-15-29.jld2,0.1795201301574707,6.465676953018905
mnist-net_256x2.onnx,4,18,unknown,0.394003035,1,./eval/mnist_fc_growing/mnist-net_256x2.onnx_4_18_hist_2026-07-06_15-15-29.jld2,0.21756410598754883,11.817609610448752
mnist-net_256x2.onnx,4,19,unknown,0.457482721,1,./eval/mnist_fc_growing/mnist-net_256x2.onnx_4_19_hist_2026-07-06_15-15-29.jld2,0.2616159915924072,22.77886557160594
mnist-net_256x2.onnx,4,20,unknown,0.53171154,1,./eval/mnist_fc_growing/mnist-net_256x2.onnx_4_20_hist_2026-07-06_15-15-29.jld2,0.30951905250549316,28.796410524189312
mnist-net_256x2.onnx,4,21,unknown,0.612594945,1,./eval/mnist_fc_growing/mnist-net_256x2.onnx_4_21_hist_2026-07-06_15-15-29.jld2,0.3681468963623047,31.695621042920052
mnist-net_256x2.onnx,4,22,unknown,0.722516232,1,./eval/mnist_fc_growing/mnist-net_256x2.onnx_4_22_hist_2026-07-06_15-15-29.jld2,0.45382094383239746,34.00346179455377
mnist-net_256x2.onnx,4,23,unknown,0.803018452,1,./eval/mnist_fc_growing/mnist-net_256x2.onnx_4_23_hist_2026-07-06_15-15-29.jld2,0.506389856338501,37.98584799977484
mnist-net_256x2.onnx,4,24,unknown,0.918500845,1,./eval/mnist_fc_growing/mnist-net_256x2.onnx_4_24_hist_2026-07-06_15-15-29.jld2,0.5861608982086182,36.39102119534749
mnist-net_256x2.onnx,4,25,unknown,1.034055903,1,./eval/mnist_fc_growing/mnist-net_256x2.onnx_4_25_hist_2026-07-06_15-15-29.jld2,0.675645112991333,59.73935804305446
mnist-net_256x2.onnx,4,26,unknown,1.173108882,1,./eval/mnist_fc_growing/mnist-net_256x2.onnx_4_26_hist_2026-07-06_15-15-29.jld2,0.7701010704040527,35.42049374368847
mnist-net_256x2.onnx,4,27,unknown,1.325482552,1,./eval/mnist_fc_growing/mnist-net_256x2.onnx_4_27_hist_2026-07-06_15-15-29.jld2,0.8868680000305176,30.55035916387031
mnist-net_256x2.onnx,4,28,unknown,1.500468598,1,./eval/mnist_fc_growing/mnist-net_256x2.onnx_4_28_hist_2026-07-06_15-15-29.jld2,1.0082449913024902,31.258786861204616
mnist-net_256x2.onnx,4,29,unknown,1.666259471,1,./eval/mnist_fc_growing/mnist-net_256x2.onnx_4_29_hist_2026-07-06_15-15-29.jld2,1.1458821296691895,24.079192613617103
mnist-net_256x2.onnx,4,30,unknown,1.872570027,1,./eval/mnist_fc_growing/mnist-net_256x2.onnx_4_30_hist_2026-07-06_15-15-29.jld2,1.3035922050476074,38.51460226393098
mnist-net_256x2.onnx,4,31,unknown,2.114628948,1,./eval/mnist_fc_growing/mnist-net_256x2.onnx_4_31_hist_2026-07-06_15-15-29.jld2,1.4676480293273926,41.35072228460675
mnist-net_256x2.onnx,4,32,unknown,2.713859023,1,./eval/mnist_fc_growing/mnist-net_256x2.onnx_4_32_hist_2026-07-06_15-15-29.jld2,2.0325820446014404,42.72226135272547
mnist-net_256x2.onnx,4,33,unknown,2.944116269,1,./eval/mnist_fc_growing/mnist-net_256x2.onnx_4_33_hist_2026-07-06_15-15-29.jld2,2.214649200439453,46.311626532471905
mnist-net_256x2.onnx,4,34,unknown,3.223862623,1,./eval/mnist_fc_growing/mnist-net_256x2.onnx_4_34_hist_2026-07-06_15-15-29.jld2,2.4233710765838623,50.4296859677986
mnist-net_256x2.onnx,4,35,unknown,3.541992553,1,./eval/mnist_fc_growing/mnist-net_256x2.onnx_4_35_hist_2026-07-06_15-15-29.jld2,2.665858030319214,54.02375923263598
mnist-net_256x2.onnx,4,36,unknown,3.863975215,1,./eval/mnist_fc_growing/mnist-net_256x2.onnx_4_36_hist_2026-07-06_15-15-29.jld2,2.928960084915161,37.42884282706751
mnist-net_256x2.onnx,4,37,unknown,4.262286777,1,./eval/mnist_fc_growing/mnist-net_256x2.onnx_4_37_hist_2026-07-06_15-15-29.jld2,3.232450008392334,39.033458829910195
mnist-net_256x2.onnx,4,38,unknown,4.665823774,1,./eval/mnist_fc_growing/mnist-net_256x2.onnx_4_38_hist_2026-07-06_15-15-29.jld2,3.533600091934204,37.630981674299846
mnist-net_256x2.onnx,4,39,unknown,5.110123949,1,./eval/mnist_fc_growing/mnist-net_256x2.onnx_4_39_hist_2026-07-06_15-15-29.jld2,3.865177869796753,42.6308247045213
mnist-net_256x2.onnx,4,40,unknown,5.602992327,1,./eval/mnist_fc_growing/mnist-net_256x2.onnx_4_40_hist_2026-07-06_15-15-29.jld2,4.2304840087890625,132.37249205840587
mnist-net_256x2.onnx,4,41,unknown,6.140018129,1,./eval/mnist_fc_growing/mnist-net_256x2.onnx_4_41_hist_2026-07-06_15-15-29.jld2,4.636523008346558,85.0162542597104
mnist-net_256x2.onnx,4,42,unknown,6.701813959,1,./eval/mnist_fc_growing/mnist-net_256x2.onnx_4_42_hist_2026-07-06_15-15-29.jld2,5.068137884140015,53.132276167183996
mnist-net_256x2.onnx,4,43,unknown,7.322511585,1,./eval/mnist_fc_growing/mnist-net_256x2.onnx_4_43_hist_2026-07-06_15-15-29.jld2,5.542877912521362,56.15576378055059
mnist-net_256x2.onnx,4,44,unknown,7.963337131,1,./eval/mnist_fc_growing/mnist-net_256x2.onnx_4_44_hist_2026-07-06_15-15-29.jld2,6.044657945632935,56.95531712570042
mnist-net_256x2.onnx,4,45,unknown,8.703553133,1,./eval/mnist_fc_growing/mnist-net_256x2.onnx_4_45_hist_2026-07-06_15-15-29.jld2,6.60512113571167,98.64735067920915
mnist-net_256x2.onnx,4,46,unknown,9.386716618,1,./eval/mnist_fc_growing/mnist-net_256x2.onnx_4_46_hist_2026-07-06_15-15-29.jld2,7.1659369468688965,105.45013805538258
mnist-net_256x2.onnx,4,47,unknown,10.62011408,1,./eval/mnist_fc_growing/mnist-net_256x2.onnx_4_47_hist_2026-07-06_15-15-29.jld2,8.189531803131104,114.18401942552657
mnist-net_256x2.onnx,4,48,unknown,11.386353516,1,./eval/mnist_fc_growing/mnist-net_256x2.onnx_4_48_hist_2026-07-06_15-15-29.jld2,8.70859694480896,119.86479333673607
mnist-net_256x2.onnx,4,49,unknown,12.28670778,1,./eval/mnist_fc_growing/mnist-net_256x2.onnx_4_49_hist_2026-07-06_15-15-29.jld2,9.49738597869873,126.27547739679537
mnist-net_256x2.onnx,4,50,unknown,13.287269975,1,./eval/mnist_fc_growing/mnist-net_256x2.onnx_4_50_hist_2026-07-06_15-15-29.jld2,10.241215944290161,133.6236708380017
mnist-net_256x2.onnx,5,1,unsat,0.036016403,1,./eval/mnist_fc_growing/mnist-net_256x2.onnx_5_1_hist_2026-07-06_15-15-29.jld2,0.01482701301574707,0.0
mnist-net_256x2.onnx,5,2,unsat,0.041988223,1,./eval/mnist_fc_growing/mnist-net_256x2.onnx_5_2_hist_2026-07-06_15-15-29.jld2,0.016112804412841797,0.0
mnist-net_256x2.onnx,5,3,unsat,0.041662264,1,./eval/mnist_fc_growing/mnist-net_256x2.onnx_5_3_hist_2026-07-06_15-15-29.jld2,0.01680302619934082,0.0
mnist-net_256x2.onnx,5,4,unsat,0.049382695,1,./eval/mnist_fc_growing/mnist-net_256x2.onnx_5_4_hist_2026-07-06_15-15-29.jld2,0.020781993865966797,0.0
mnist-net_256x2.onnx,5,5,unsat,0.057510905,1,./eval/mnist_fc_growing/mnist-net_256x2.onnx_5_5_hist_2026-07-06_15-15-29.jld2,0.023773908615112305,0.0
mnist-net_256x2.onnx,5,6,unsat,0.067248704,1,./eval/mnist_fc_growing/mnist-net_256x2.onnx_5_6_hist_2026-07-06_15-15-29.jld2,0.02818608283996582,0.0
mnist-net_256x2.onnx,5,7,unsat,0.079252687,1,./eval/mnist_fc_growing/mnist-net_256x2.onnx_5_7_hist_2026-07-06_15-15-29.jld2,0.03241395950317383,0.0
mnist-net_256x2.onnx,5,8,unsat,0.089063012,1,./eval/mnist_fc_growing/mnist-net_256x2.onnx_5_8_hist_2026-07-06_15-15-29.jld2,0.03806710243225098,0.0
mnist-net_256x2.onnx,5,9,unsat,0.102790462,1,./eval/mnist_fc_growing/mnist-net_256x2.onnx_5_9_hist_2026-07-06_15-15-29.jld2,0.04446101188659668,0.0
mnist-net_256x2.onnx,5,10,unsat,0.123823282,1,./eval/mnist_fc_growing/mnist-net_256x2.onnx_5_10_hist_2026-07-06_15-15-29.jld2,0.056646108627319336,0.0
mnist-net_256x2.onnx,5,11,unsat,0.141905642,1,./eval/mnist_fc_growing/mnist-net_256x2.onnx_5_11_hist_2026-07-06_15-15-29.jld2,0.06661581993103027,0.0
mnist-net_256x2.onnx,5,12,unsat,0.164693357,1,./eval/mnist_fc_growing/mnist-net_256x2.onnx_5_12_hist_2026-07-06_15-15-29.jld2,0.07939791679382324,0.0
mnist-net_256x2.onnx,5,13,unsat,0.191506631,1,./eval/mnist_fc_growing/mnist-net_256x2.onnx_5_13_hist_2026-07-06_15-15-29.jld2,0.09413909912109375,0.0
mnist-net_256x2.onnx,5,14,unsat,0.225865317,1,./eval/mnist_fc_growing/mnist-net_256x2.onnx_5_14_hist_2026-07-06_15-15-29.jld2,0.11578917503356934,0.0
mnist-net_256x2.onnx,5,15,unsat,0.252926709,1,./eval/mnist_fc_growing/mnist-net_256x2.onnx_5_15_hist_2026-07-06_15-15-29.jld2,0.1224050521850586,0.0
mnist-net_256x2.onnx,5,16,unsat,0.291758464,1,./eval/mnist_fc_growing/mnist-net_256x2.onnx_5_16_hist_2026-07-06_15-15-29.jld2,0.14730095863342285,0.0
mnist-net_256x2.onnx,5,17,unsat,0.346818427,1,./eval/mnist_fc_growing/mnist-net_256x2.onnx_5_17_hist_2026-07-06_15-15-29.jld2,0.18030691146850586,0.0
mnist-net_256x2.onnx,5,18,unknown,0.398071082,1,./eval/mnist_fc_growing/mnist-net_256x2.onnx_5_18_hist_2026-07-06_15-15-29.jld2,0.2202460765838623,0.08027135495196029
mnist-net_256x2.onnx,5,19,unknown,0.460317512,1,./eval/mnist_fc_growing/mnist-net_256x2.onnx_5_19_hist_2026-07-06_15-15-29.jld2,0.26386094093322754,0.5602636236608011
mnist-net_256x2.onnx,5,20,unknown,0.530513866,1,./eval/mnist_fc_growing/mnist-net_256x2.onnx_5_20_hist_2026-07-06_15-15-29.jld2,0.30635714530944824,1.1021118847634788
mnist-net_256x2.onnx,5,21,unknown,0.613984634,1,./eval/mnist_fc_growing/mnist-net_256x2.onnx_5_21_hist_2026-07-06_15-15-29.jld2,0.3693408966064453,1.9230157957965615
mnist-net_256x2.onnx,5,22,unknown,0.708193409,1,./eval/mnist_fc_growing/mnist-net_256x2.onnx_5_22_hist_2026-07-06_15-15-29.jld2,0.4387080669403076,12.971363221037338
mnist-net_256x2.onnx,5,23,unknown,0.807743313,1,./eval/mnist_fc_growing/mnist-net_256x2.onnx_5_23_hist_2026-07-06_15-15-29.jld2,0.5107979774475098,14.82242331101057
mnist-net_256x2.onnx,5,24,unknown,0.916501536,1,./eval/mnist_fc_growing/mnist-net_256x2.onnx_5_24_hist_2026-07-06_15-15-29.jld2,0.5822939872741699,17.066166803713024
mnist-net_256x2.onnx,5,25,unknown,1.035096515,1,./eval/mnist_fc_growing/mnist-net_256x2.onnx_5_25_hist_2026-07-06_15-15-29.jld2,0.6751179695129395,17.860752299075017
mnist-net_256x2.onnx,5,26,unknown,1.181225788,1,./eval/mnist_fc_growing/mnist-net_256x2.onnx_5_26_hist_2026-07-06_15-15-29.jld2,0.7741429805755615,25.6817403478838
mnist-net_256x2.onnx,5,27,unknown,1.328185762,1,./eval/mnist_fc_growing/mnist-net_256x2.onnx_5_27_hist_2026-07-06_15-15-29.jld2,0.8865618705749512,21.556966739000654
mnist-net_256x2.onnx,5,28,unknown,1.494389515,1,./eval/mnist_fc_growing/mnist-net_256x2.onnx_5_28_hist_2026-07-06_15-15-29.jld2,1.0089809894561768,22.489982152614076
mnist-net_256x2.onnx,5,29,unknown,1.677473376,1,./eval/mnist_fc_growing/mnist-net_256x2.onnx_5_29_hist_2026-07-06_15-15-29.jld2,1.1487390995025635,31.852024069598485
mnist-net_256x2.onnx,5,30,unknown,1.874685966,1,./eval/mnist_fc_growing/mnist-net_256x2.onnx_5_30_hist_2026-07-06_15-15-29.jld2,1.29905104637146,34.27478056917258
mnist-net_256x2.onnx,5,31,unknown,2.097149295,1,./eval/mnist_fc_growing/mnist-net_256x2.onnx_5_31_hist_2026-07-06_15-15-29.jld2,1.471668004989624,35.202638561847444
mnist-net_256x2.onnx,5,32,unknown,2.694852712,1,./eval/mnist_fc_growing/mnist-net_256x2.onnx_5_32_hist_2026-07-06_15-15-29.jld2,2.0199830532073975,37.273651110081275
mnist-net_256x2.onnx,5,33,unknown,2.961919002,1,./eval/mnist_fc_growing/mnist-net_256x2.onnx_5_33_hist_2026-07-06_15-15-29.jld2,2.231032133102417,37.589736468137694
mnist-net_256x2.onnx,5,34,unknown,3.231575052,1,./eval/mnist_fc_growing/mnist-net_256x2.onnx_5_34_hist_2026-07-06_15-15-29.jld2,2.4310591220855713,40.47493336533236
mnist-net_256x2.onnx,5,35,unknown,3.555519805,1,./eval/mnist_fc_growing/mnist-net_256x2.onnx_5_35_hist_2026-07-06_15-15-29.jld2,2.6756248474121094,33.505812867037534
mnist-net_256x2.onnx,5,36,unknown,3.905025801,1,./eval/mnist_fc_growing/mnist-net_256x2.onnx_5_36_hist_2026-07-06_15-15-29.jld2,2.9537770748138428,35.454638457315376
mnist-net_256x2.onnx,5,37,unknown,4.268327616,1,./eval/mnist_fc_growing/mnist-net_256x2.onnx_5_37_hist_2026-07-06_15-15-29.jld2,3.2326629161834717,14.89993121796843
mnist-net_256x2.onnx,5,38,unknown,4.743097796,1,./eval/mnist_fc_growing/mnist-net_256x2.onnx_5_38_hist_2026-07-06_15-15-29.jld2,3.5945630073547363,26.160905080241584
mnist-net_256x2.onnx,5,39,unknown,5.144421714,1,./eval/mnist_fc_growing/mnist-net_256x2.onnx_5_39_hist_2026-07-06_15-15-29.jld2,3.8820998668670654,29.82958387409722
mnist-net_256x2.onnx,5,40,unknown,5.657331198,1,./eval/mnist_fc_growing/mnist-net_256x2.onnx_5_40_hist_2026-07-06_15-15-29.jld2,4.262701034545898,32.55499281765141
mnist-net_256x2.onnx,5,41,unknown,6.16846325,1,./eval/mnist_fc_growing/mnist-net_256x2.onnx_5_41_hist_2026-07-06_15-15-29.jld2,4.660304069519043,37.280630257873526
mnist-net_256x2.onnx,5,42,unknown,6.719523386,1,./eval/mnist_fc_growing/mnist-net_256x2.onnx_5_42_hist_2026-07-06_15-15-29.jld2,5.0746588706970215,41.73750442577394
mnist-net_256x2.onnx,5,43,unknown,7.335138468,1,./eval/mnist_fc_growing/mnist-net_256x2.onnx_5_43_hist_2026-07-06_15-15-29.jld2,5.542469024658203,45.69476048603086
mnist-net_256x2.onnx,5,44,unknown,8.014333291,1,./eval/mnist_fc_growing/mnist-net_256x2.onnx_5_44_hist_2026-07-06_15-15-29.jld2,6.075362920761108,49.4813204194496
mnist-net_256x2.onnx,5,45,unknown,8.718574395,1,./eval/mnist_fc_growing/mnist-net_256x2.onnx_5_45_hist_2026-07-06_15-15-29.jld2,6.627612829208374,50.205681613477296
mnist-net_256x2.onnx,5,46,unknown,9.474252454,1,./eval/mnist_fc_growing/mnist-net_256x2.onnx_5_46_hist_2026-07-06_15-15-29.jld2,7.218490839004517,66.58518894464669
mnist-net_256x2.onnx,5,47,unknown,10.271905327,1,./eval/mnist_fc_growing/mnist-net_256x2.onnx_5_47_hist_2026-07-06_15-15-29.jld2,7.842597007751465,70.44767027657011
mnist-net_256x2.onnx,5,48,unknown,11.572938268,1,./eval/mnist_fc_growing/mnist-net_256x2.onnx_5_48_hist_2026-07-06_15-15-29.jld2,8.601809978485107,73.50479748963284
mnist-net_256x2.onnx,5,49,unknown,12.247569102,1,./eval/mnist_fc_growing/mnist-net_256x2.onnx_5_49_hist_2026-07-06_15-15-29.jld2,9.094233989715576,67.67895716437454
mnist-net_256x2.onnx,5,50,unknown,13.245686532,1,./eval/mnist_fc_growing/mnist-net_256x2.onnx_5_50_hist_2026-07-06_15-15-29.jld2,10.214555978775024,69.65594345847595
mnist-net_256x2.onnx,6,1,unsat,0.042593527,1,./eval/mnist_fc_growing/mnist-net_256x2.onnx_6_1_hist_2026-07-06_15-15-29.jld2,0.020762920379638672,0.0
mnist-net_256x2.onnx,6,2,unsat,0.040239015,1,./eval/mnist_fc_growing/mnist-net_256x2.onnx_6_2_hist_2026-07-06_15-15-29.jld2,0.016837120056152344,0.0
mnist-net_256x2.onnx,6,3,unsat,0.04590732,1,./eval/mnist_fc_growing/mnist-net_256x2.onnx_6_3_hist_2026-07-06_15-15-29.jld2,0.01912403106689453,0.0
mnist-net_256x2.onnx,6,4,unsat,0.051257026,1,./eval/mnist_fc_growing/mnist-net_256x2.onnx_6_4_hist_2026-07-06_15-15-29.jld2,0.02129220962524414,0.0
mnist-net_256x2.onnx,6,5,unsat,0.059487919,1,./eval/mnist_fc_growing/mnist-net_256x2.onnx_6_5_hist_2026-07-06_15-15-29.jld2,0.024419069290161133,0.0
mnist-net_256x2.onnx,6,6,unsat,0.067638637,1,./eval/mnist_fc_growing/mnist-net_256x2.onnx_6_6_hist_2026-07-06_15-15-29.jld2,0.028046846389770508,0.0
mnist-net_256x2.onnx,6,7,unsat,0.076808499,1,./eval/mnist_fc_growing/mnist-net_256x2.onnx_6_7_hist_2026-07-06_15-15-29.jld2,0.032247066497802734,0.0
mnist-net_256x2.onnx,6,8,unsat,0.090436572,1,./eval/mnist_fc_growing/mnist-net_256x2.onnx_6_8_hist_2026-07-06_15-15-29.jld2,0.03802013397216797,0.0
mnist-net_256x2.onnx,6,9,unsat,0.102635098,1,./eval/mnist_fc_growing/mnist-net_256x2.onnx_6_9_hist_2026-07-06_15-15-29.jld2,0.04442787170410156,0.0
mnist-net_256x2.onnx,6,10,unsat,0.125927704,1,./eval/mnist_fc_growing/mnist-net_256x2.onnx_6_10_hist_2026-07-06_15-15-29.jld2,0.056643009185791016,0.0
mnist-net_256x2.onnx,6,11,unsat,0.142325305,1,./eval/mnist_fc_growing/mnist-net_256x2.onnx_6_11_hist_2026-07-06_15-15-29.jld2,0.06646084785461426,0.0
mnist-net_256x2.onnx,6,12,unsat,0.159774491,1,./eval/mnist_fc_growing/mnist-net_256x2.onnx_6_12_hist_2026-07-06_15-15-29.jld2,0.07652783393859863,0.0
mnist-net_256x2.onnx,6,13,unsat,0.194793945,1,./eval/mnist_fc_growing/mnist-net_256x2.onnx_6_13_hist_2026-07-06_15-15-29.jld2,0.09258317947387695,0.0
mnist-net_256x2.onnx,6,14,unsat,0.218859186,1,./eval/mnist_fc_growing/mnist-net_256x2.onnx_6_14_hist_2026-07-06_15-15-29.jld2,0.11334800720214844,0.0
mnist-net_256x2.onnx,6,15,unknown,0.25350587,1,./eval/mnist_fc_growing/mnist-net_256x2.onnx_6_15_hist_2026-07-06_15-15-29.jld2,0.12309122085571289,0.17025602778164933
mnist-net_256x2.onnx,6,16,unknown,0.296549499,1,./eval/mnist_fc_growing/mnist-net_256x2.onnx_6_16_hist_2026-07-06_15-15-29.jld2,0.14795780181884766,0.6117563234821444
mnist-net_256x2.onnx,6,17,unknown,0.345343839,1,./eval/mnist_fc_growing/mnist-net_256x2.onnx_6_17_hist_2026-07-06_15-15-29.jld2,0.18013691902160645,1.9306742566002724
mnist-net_256x2.onnx,6,18,unknown,0.394008058,1,./eval/mnist_fc_growing/mnist-net_256x2.onnx_6_18_hist_2026-07-06_15-15-29.jld2,0.21734309196472168,3.191395407682062
mnist-net_256x2.onnx,6,19,unknown,0.458550329,1,./eval/mnist_fc_growing/mnist-net_256x2.onnx_6_19_hist_2026-07-06_15-15-29.jld2,0.2625458240509033,4.4693664599589455
mnist-net_256x2.onnx,6,20,unknown,0.529193318,1,./eval/mnist_fc_growing/mnist-net_256x2.onnx_6_20_hist_2026-07-06_15-15-29.jld2,0.3062710762023926,7.150978573907655
mnist-net_256x2.onnx,6,21,unknown,0.616312552,1,./eval/mnist_fc_growing/mnist-net_256x2.onnx_6_21_hist_2026-07-06_15-15-29.jld2,0.36799097061157227,10.212776307701288
mnist-net_256x2.onnx,6,22,unknown,0.704080026,1,./eval/mnist_fc_growing/mnist-net_256x2.onnx_6_22_hist_2026-07-06_15-15-29.jld2,0.43412208557128906,12.084483860211234
mnist-net_256x2.onnx,6,23,unknown,0.808441936,1,./eval/mnist_fc_growing/mnist-net_256x2.onnx_6_23_hist_2026-07-06_15-15-29.jld2,0.5105459690093994,12.798986493378779
mnist-net_256x2.onnx,6,24,unknown,0.919169409,1,./eval/mnist_fc_growing/mnist-net_256x2.onnx_6_24_hist_2026-07-06_15-15-29.jld2,0.588716983795166,13.6246664370064
mnist-net_256x2.onnx,6,25,unknown,1.064414553,1,./eval/mnist_fc_growing/mnist-net_256x2.onnx_6_25_hist_2026-07-06_15-15-29.jld2,0.6942780017852783,15.011673943861112
mnist-net_256x2.onnx,6,26,unknown,1.178252548,1,./eval/mnist_fc_growing/mnist-net_256x2.onnx_6_26_hist_2026-07-06_15-15-29.jld2,0.7729511260986328,17.601799199677565
mnist-net_256x2.onnx,6,27,unknown,1.333965643,1,./eval/mnist_fc_growing/mnist-net_256x2.onnx_6_27_hist_2026-07-06_15-15-29.jld2,0.8907029628753662,19.298748725690434
mnist-net_256x2.onnx,6,28,unknown,1.495827506,1,./eval/mnist_fc_growing/mnist-net_256x2.onnx_6_28_hist_2026-07-06_15-15-29.jld2,1.0122840404510498,22.415886977652256
mnist-net_256x2.onnx,6,29,unknown,1.675943498,1,./eval/mnist_fc_growing/mnist-net_256x2.onnx_6_29_hist_2026-07-06_15-15-29.jld2,1.1487860679626465,24.616362818225944
mnist-net_256x2.onnx,6,30,unknown,1.882943186,1,./eval/mnist_fc_growing/mnist-net_256x2.onnx_6_30_hist_2026-07-06_15-15-29.jld2,1.3093979358673096,27.55500425277381
mnist-net_256x2.onnx,6,31,unknown,2.093454336,1,./eval/mnist_fc_growing/mnist-net_256x2.onnx_6_31_hist_2026-07-06_15-15-29.jld2,1.468670129776001,32.11095209764291
mnist-net_256x2.onnx,6,32,unknown,2.719716696,1,./eval/mnist_fc_growing/mnist-net_256x2.onnx_6_32_hist_2026-07-06_15-15-29.jld2,2.0433220863342285,35.761431379460426
mnist-net_256x2.onnx,6,33,unknown,2.952865229,1,./eval/mnist_fc_growing/mnist-net_256x2.onnx_6_33_hist_2026-07-06_15-15-29.jld2,2.2174909114837646,39.24133484815069
mnist-net_256x2.onnx,6,34,unknown,3.2273563,1,./eval/mnist_fc_growing/mnist-net_256x2.onnx_6_34_hist_2026-07-06_15-15-29.jld2,2.428989887237549,59.15417611216477
mnist-net_256x2.onnx,6,35,unknown,3.544212848,1,./eval/mnist_fc_growing/mnist-net_256x2.onnx_6_35_hist_2026-07-06_15-15-29.jld2,2.6681997776031494,92.50050768083716
mnist-net_256x2.onnx,6,36,unknown,3.89419271,1,./eval/mnist_fc_growing/mnist-net_256x2.onnx_6_36_hist_2026-07-06_15-15-29.jld2,2.9501540660858154,89.59698150845973
mnist-net_256x2.onnx,6,37,unknown,4.252067721,1,./eval/mnist_fc_growing/mnist-net_256x2.onnx_6_37_hist_2026-07-06_15-15-29.jld2,3.2292120456695557,91.71407258497571
mnist-net_256x2.onnx,6,38,unknown,4.715619946,1,./eval/mnist_fc_growing/mnist-net_256x2.onnx_6_38_hist_2026-07-06_15-15-29.jld2,3.5663840770721436,109.75293000672116
mnist-net_256x2.onnx,6,39,unknown,5.164512062,1,./eval/mnist_fc_growing/mnist-net_256x2.onnx_6_39_hist_2026-07-06_15-15-29.jld2,3.9080779552459717,112.42154528899478
mnist-net_256x2.onnx,6,40,unknown,5.654185878,1,./eval/mnist_fc_growing/mnist-net_256x2.onnx_6_40_hist_2026-07-06_15-15-29.jld2,4.257225036621094,117.71191729204162
mnist-net_256x2.onnx,6,41,unknown,6.17441572,1,./eval/mnist_fc_growing/mnist-net_256x2.onnx_6_41_hist_2026-07-06_15-15-29.jld2,4.656928062438965,122.16535764121362
mnist-net_256x2.onnx,6,42,unknown,6.788960874,1,./eval/mnist_fc_growing/mnist-net_256x2.onnx_6_42_hist_2026-07-06_15-15-29.jld2,5.125361919403076,123.81528237116147
mnist-net_256x2.onnx,6,43,unknown,7.342956904,1,./eval/mnist_fc_growing/mnist-net_256x2.onnx_6_43_hist_2026-07-06_15-15-29.jld2,5.548213958740234,126.03915919002529
mnist-net_256x2.onnx,6,44,unknown,8.021317171,1,./eval/mnist_fc_growing/mnist-net_256x2.onnx_6_44_hist_2026-07-06_15-15-29.jld2,6.042937994003296,127.14386322600278
mnist-net_256x2.onnx,6,45,unknown,8.666483485,1,./eval/mnist_fc_growing/mnist-net_256x2.onnx_6_45_hist_2026-07-06_15-15-29.jld2,6.577014923095703,129.76103300733
mnist-net_256x2.onnx,6,46,unknown,9.446841529,1,./eval/mnist_fc_growing/mnist-net_256x2.onnx_6_46_hist_2026-07-06_15-15-29.jld2,7.194347143173218,131.1201870614267
mnist-net_256x2.onnx,6,47,unknown,10.275485931,1,./eval/mnist_fc_growing/mnist-net_256x2.onnx_6_47_hist_2026-07-06_15-15-29.jld2,7.859082937240601,132.9488031730623
mnist-net_256x2.onnx,6,48,unknown,11.503622518,1,./eval/mnist_fc_growing/mnist-net_256x2.onnx_6_48_hist_2026-07-06_15-15-29.jld2,8.496721982955933,135.2799097215273
mnist-net_256x2.onnx,6,49,unknown,12.271708822,1,./eval/mnist_fc_growing/mnist-net_256x2.onnx_6_49_hist_2026-07-06_15-15-29.jld2,9.113444089889526,137.68981532562967
mnist-net_256x2.onnx,6,50,unknown,13.223054985,1,./eval/mnist_fc_growing/mnist-net_256x2.onnx_6_50_hist_2026-07-06_15-15-29.jld2,9.892774820327759,141.07462486272556
mnist-net_256x2.onnx,7,1,unsat,0.036061734,1,./eval/mnist_fc_growing/mnist-net_256x2.onnx_7_1_hist_2026-07-06_15-15-29.jld2,0.014859914779663086,0.0
mnist-net_256x2.onnx,7,2,unsat,0.038650902,1,./eval/mnist_fc_growing/mnist-net_256x2.onnx_7_2_hist_2026-07-06_15-15-29.jld2,0.015986919403076172,0.0
mnist-net_256x2.onnx,7,3,unsat,0.044063756,1,./eval/mnist_fc_growing/mnist-net_256x2.onnx_7_3_hist_2026-07-06_15-15-29.jld2,0.018465042114257812,0.0
mnist-net_256x2.onnx,7,4,unsat,0.049421207,1,./eval/mnist_fc_growing/mnist-net_256x2.onnx_7_4_hist_2026-07-06_15-15-29.jld2,0.020834922790527344,0.0
mnist-net_256x2.onnx,7,5,unsat,0.057060739,1,./eval/mnist_fc_growing/mnist-net_256x2.onnx_7_5_hist_2026-07-06_15-15-29.jld2,0.023841142654418945,0.0
mnist-net_256x2.onnx,7,6,unsat,0.064143957,1,./eval/mnist_fc_growing/mnist-net_256x2.onnx_7_6_hist_2026-07-06_15-15-29.jld2,0.026936054229736328,0.0
mnist-net_256x2.onnx,7,7,unsat,0.072815259,1,./eval/mnist_fc_growing/mnist-net_256x2.onnx_7_7_hist_2026-07-06_15-15-29.jld2,0.030897855758666992,0.0
mnist-net_256x2.onnx,7,8,unsat,0.083516305,1,./eval/mnist_fc_growing/mnist-net_256x2.onnx_7_8_hist_2026-07-06_15-15-29.jld2,0.03592705726623535,0.0
mnist-net_256x2.onnx,7,9,unsat,0.097366214,1,./eval/mnist_fc_growing/mnist-net_256x2.onnx_7_9_hist_2026-07-06_15-15-29.jld2,0.042500972747802734,0.0
mnist-net_256x2.onnx,7,10,unsat,0.117582513,1,./eval/mnist_fc_growing/mnist-net_256x2.onnx_7_10_hist_2026-07-06_15-15-29.jld2,0.05467987060546875,0.0
mnist-net_256x2.onnx,7,11,unsat,0.134535841,1,./eval/mnist_fc_growing/mnist-net_256x2.onnx_7_11_hist_2026-07-06_15-15-29.jld2,0.0639810562133789,0.0
mnist-net_256x2.onnx,7,12,unsat,0.154503478,1,./eval/mnist_fc_growing/mnist-net_256x2.onnx_7_12_hist_2026-07-06_15-15-29.jld2,0.0750429630279541,0.0
mnist-net_256x2.onnx,7,13,unsat,0.182852467,1,./eval/mnist_fc_growing/mnist-net_256x2.onnx_7_13_hist_2026-07-06_15-15-29.jld2,0.09042119979858398,0.0
mnist-net_256x2.onnx,7,14,unsat,0.212644786,1,./eval/mnist_fc_growing/mnist-net_256x2.onnx_7_14_hist_2026-07-06_15-15-29.jld2,0.11149191856384277,0.0
mnist-net_256x2.onnx,7,15,unsat,0.253918836,1,./eval/mnist_fc_growing/mnist-net_256x2.onnx_7_15_hist_2026-07-06_15-15-29.jld2,0.1227729320526123,0.0
mnist-net_256x2.onnx,7,16,unsat,0.277656219,1,./eval/mnist_fc_growing/mnist-net_256x2.onnx_7_16_hist_2026-07-06_15-15-29.jld2,0.14277005195617676,0.0
mnist-net_256x2.onnx,7,17,unsat,0.330795778,1,./eval/mnist_fc_growing/mnist-net_256x2.onnx_7_17_hist_2026-07-06_15-15-29.jld2,0.1758878231048584,0.0
mnist-net_256x2.onnx,7,18,unsat,0.374120703,1,./eval/mnist_fc_growing/mnist-net_256x2.onnx_7_18_hist_2026-07-06_15-15-29.jld2,0.20899295806884766,0.0
mnist-net_256x2.onnx,7,19,unsat,0.438193077,1,./eval/mnist_fc_growing/mnist-net_256x2.onnx_7_19_hist_2026-07-06_15-15-29.jld2,0.25438904762268066,0.0
mnist-net_256x2.onnx,7,20,unsat,0.515394389,1,./eval/mnist_fc_growing/mnist-net_256x2.onnx_7_20_hist_2026-07-06_15-15-29.jld2,0.30240511894226074,0.0
mnist-net_256x2.onnx,7,21,unsat,0.5996819,1,./eval/mnist_fc_growing/mnist-net_256x2.onnx_7_21_hist_2026-07-06_15-15-29.jld2,0.36177682876586914,0.0
mnist-net_256x2.onnx,7,22,unsat,0.683268627,1,./eval/mnist_fc_growing/mnist-net_256x2.onnx_7_22_hist_2026-07-06_15-15-29.jld2,0.4265918731689453,0.0
mnist-net_256x2.onnx,7,23,unsat,0.794289363,1,./eval/mnist_fc_growing/mnist-net_256x2.onnx_7_23_hist_2026-07-06_15-15-29.jld2,0.4988670349121094,0.0
mnist-net_256x2.onnx,7,24,unsat,0.901393023,1,./eval/mnist_fc_growing/mnist-net_256x2.onnx_7_24_hist_2026-07-06_15-15-29.jld2,0.5873258113861084,0.0
mnist-net_256x2.onnx,7,25,unsat,1.018064775,1,./eval/mnist_fc_growing/mnist-net_256x2.onnx_7_25_hist_2026-07-06_15-15-29.jld2,0.6731960773468018,0.0
mnist-net_256x2.onnx,7,26,unsat,1.164083138,1,./eval/mnist_fc_growing/mnist-net_256x2.onnx_7_26_hist_2026-07-06_15-15-29.jld2,0.7686049938201904,0.0
mnist-net_256x2.onnx,7,27,unsat,1.361873145,1,./eval/mnist_fc_growing/mnist-net_256x2.onnx_7_27_hist_2026-07-06_15-15-29.jld2,0.9219138622283936,0.0
mnist-net_256x2.onnx,7,28,unsat,1.496862086,1,./eval/mnist_fc_growing/mnist-net_256x2.onnx_7_28_hist_2026-07-06_15-15-29.jld2,1.0124011039733887,0.0
mnist-net_256x2.onnx,7,29,unsat,1.678974572,1,./eval/mnist_fc_growing/mnist-net_256x2.onnx_7_29_hist_2026-07-06_15-15-29.jld2,1.1504528522491455,0.0
mnist-net_256x2.onnx,7,30,unsat,1.875539837,1,./eval/mnist_fc_growing/mnist-net_256x2.onnx_7_30_hist_2026-07-06_15-15-29.jld2,1.301340103149414,0.0
mnist-net_256x2.onnx,7,31,unsat,2.11056054,1,./eval/mnist_fc_growing/mnist-net_256x2.onnx_7_31_hist_2026-07-06_15-15-29.jld2,1.481693983078003,0.0
mnist-net_256x2.onnx,7,32,unsat,2.696541094,1,./eval/mnist_fc_growing/mnist-net_256x2.onnx_7_32_hist_2026-07-06_15-15-29.jld2,2.0142650604248047,0.0
mnist-net_256x2.onnx,7,33,unsat,2.92262827,1,./eval/mnist_fc_growing/mnist-net_256x2.onnx_7_33_hist_2026-07-06_15-15-29.jld2,2.207156181335449,0.0
mnist-net_256x2.onnx,7,34,unsat,3.199358079,1,./eval/mnist_fc_growing/mnist-net_256x2.onnx_7_34_hist_2026-07-06_15-15-29.jld2,2.42230486869812,0.0
mnist-net_256x2.onnx,7,35,unknown,3.548093827,1,./eval/mnist_fc_growing/mnist-net_256x2.onnx_7_35_hist_2026-07-06_15-15-29.jld2,2.6743481159210205,0.27657886873205767
mnist-net_256x2.onnx,7,36,unknown,3.887248556,1,./eval/mnist_fc_growing/mnist-net_256x2.onnx_7_36_hist_2026-07-06_15-15-29.jld2,2.94588303565979,2.413081020627502
mnist-net_256x2.onnx,7,37,unknown,4.257532107,1,./eval/mnist_fc_growing/mnist-net_256x2.onnx_7_37_hist_2026-07-06_15-15-29.jld2,3.2268550395965576,4.024799697977239
mnist-net_256x2.onnx,7,38,unknown,4.700452709,1,./eval/mnist_fc_growing/mnist-net_256x2.onnx_7_38_hist_2026-07-06_15-15-29.jld2,3.5497918128967285,5.252791024675777
mnist-net_256x2.onnx,7,39,unknown,5.149063081,1,./eval/mnist_fc_growing/mnist-net_256x2.onnx_7_39_hist_2026-07-06_15-15-29.jld2,3.8941760063171387,5.971186613602376
mnist-net_256x2.onnx,7,40,unknown,5.659153583,1,./eval/mnist_fc_growing/mnist-net_256x2.onnx_7_40_hist_2026-07-06_15-15-29.jld2,4.2779860496521,7.8253571011099865
mnist-net_256x2.onnx,7,41,unknown,6.182532063,1,./eval/mnist_fc_growing/mnist-net_256x2.onnx_7_41_hist_2026-07-06_15-15-29.jld2,4.654068946838379,10.756501242607873
mnist-net_256x2.onnx,7,42,unknown,6.749267925,1,./eval/mnist_fc_growing/mnist-net_256x2.onnx_7_42_hist_2026-07-06_15-15-29.jld2,5.098001003265381,11.911778571199937
mnist-net_256x2.onnx,7,43,unknown,7.372555317,1,./eval/mnist_fc_growing/mnist-net_256x2.onnx_7_43_hist_2026-07-06_15-15-29.jld2,5.571645021438599,13.609091145219633
mnist-net_256x2.onnx,7,44,unknown,8.002961002,1,./eval/mnist_fc_growing/mnist-net_256x2.onnx_7_44_hist_2026-07-06_15-15-29.jld2,6.070234060287476,15.499829372898528
mnist-net_256x2.onnx,7,45,unknown,8.682464685,1,./eval/mnist_fc_growing/mnist-net_256x2.onnx_7_45_hist_2026-07-06_15-15-29.jld2,6.598451137542725,18.767726745064543
mnist-net_256x2.onnx,7,46,unknown,9.421077782,1,./eval/mnist_fc_growing/mnist-net_256x2.onnx_7_46_hist_2026-07-06_15-15-29.jld2,7.182762861251831,23.033123824868234
mnist-net_256x2.onnx,7,47,unknown,10.599793333,1,./eval/mnist_fc_growing/mnist-net_256x2.onnx_7_47_hist_2026-07-06_15-15-29.jld2,8.187458992004395,27.566399257633208
mnist-net_256x2.onnx,7,48,unknown,11.509537884,1,./eval/mnist_fc_growing/mnist-net_256x2.onnx_7_48_hist_2026-07-06_15-15-29.jld2,8.895999908447266,29.68821689636746
mnist-net_256x2.onnx,7,49,unknown,12.342505853,1,./eval/mnist_fc_growing/mnist-net_256x2.onnx_7_49_hist_2026-07-06_15-15-29.jld2,9.536931037902832,32.01624600318639
mnist-net_256x2.onnx,7,50,unknown,13.214282233,1,./eval/mnist_fc_growing/mnist-net_256x2.onnx_7_50_hist_2026-07-06_15-15-29.jld2,9.892711877822876,32.95293399975589
mnist-net_256x2.onnx,8,1,unsat,0.037730677,1,./eval/mnist_fc_growing/mnist-net_256x2.onnx_8_1_hist_2026-07-06_15-15-29.jld2,0.015104055404663086,0.0
mnist-net_256x2.onnx,8,2,unsat,0.039912657,1,./eval/mnist_fc_growing/mnist-net_256x2.onnx_8_2_hist_2026-07-06_15-15-29.jld2,0.016855955123901367,0.0
mnist-net_256x2.onnx,8,3,unsat,0.073447983,1,./eval/mnist_fc_growing/mnist-net_256x2.onnx_8_3_hist_2026-07-06_15-15-29.jld2,0.02714395523071289,0.0
mnist-net_256x2.onnx,8,4,unsat,0.052392919,1,./eval/mnist_fc_growing/mnist-net_256x2.onnx_8_4_hist_2026-07-06_15-15-29.jld2,0.021268129348754883,0.0
mnist-net_256x2.onnx,8,5,unsat,0.059342234,1,./eval/mnist_fc_growing/mnist-net_256x2.onnx_8_5_hist_2026-07-06_15-15-29.jld2,0.02432394027709961,0.0
mnist-net_256x2.onnx,8,6,unsat,0.067199559,1,./eval/mnist_fc_growing/mnist-net_256x2.onnx_8_6_hist_2026-07-06_15-15-29.jld2,0.02805304527282715,0.0
mnist-net_256x2.onnx,8,7,unsat,0.07648994,1,./eval/mnist_fc_growing/mnist-net_256x2.onnx_8_7_hist_2026-07-06_15-15-29.jld2,0.03200817108154297,0.0
mnist-net_256x2.onnx,8,8,unsat,0.088451387,1,./eval/mnist_fc_growing/mnist-net_256x2.onnx_8_8_hist_2026-07-06_15-15-29.jld2,0.037680864334106445,0.0
mnist-net_256x2.onnx,8,9,unsat,0.102176869,1,./eval/mnist_fc_growing/mnist-net_256x2.onnx_8_9_hist_2026-07-06_15-15-29.jld2,0.04416799545288086,0.0
mnist-net_256x2.onnx,8,10,unsat,0.123713695,1,./eval/mnist_fc_growing/mnist-net_256x2.onnx_8_10_hist_2026-07-06_15-15-29.jld2,0.057273149490356445,0.0
mnist-net_256x2.onnx,8,11,unsat,0.14091011,1,./eval/mnist_fc_growing/mnist-net_256x2.onnx_8_11_hist_2026-07-06_15-15-29.jld2,0.0661461353302002,0.0
mnist-net_256x2.onnx,8,12,unsat,0.162820249,1,./eval/mnist_fc_growing/mnist-net_256x2.onnx_8_12_hist_2026-07-06_15-15-29.jld2,0.07804107666015625,0.0
mnist-net_256x2.onnx,8,13,unsat,0.19060936,1,./eval/mnist_fc_growing/mnist-net_256x2.onnx_8_13_hist_2026-07-06_15-15-29.jld2,0.0938260555267334,0.0
mnist-net_256x2.onnx,8,14,unknown,0.224656885,1,./eval/mnist_fc_growing/mnist-net_256x2.onnx_8_14_hist_2026-07-06_15-15-29.jld2,0.11498284339904785,0.2025708765686769
mnist-net_256x2.onnx,8,15,unknown,0.252420723,1,./eval/mnist_fc_growing/mnist-net_256x2.onnx_8_15_hist_2026-07-06_15-15-29.jld2,0.12198519706726074,2.7475788100040486
mnist-net_256x2.onnx,8,16,unknown,0.291909495,1,./eval/mnist_fc_growing/mnist-net_256x2.onnx_8_16_hist_2026-07-06_15-15-29.jld2,0.14776086807250977,8.424891576497984
mnist-net_256x2.onnx,8,17,unknown,0.344103423,1,./eval/mnist_fc_growing/mnist-net_256x2.onnx_8_17_hist_2026-07-06_15-15-29.jld2,0.17964696884155273,12.050359945862247
mnist-net_256x2.onnx,8,18,unknown,0.394655743,1,./eval/mnist_fc_growing/mnist-net_256x2.onnx_8_18_hist_2026-07-06_15-15-29.jld2,0.21882987022399902,16.477577546555878
mnist-net_256x2.onnx,8,19,unknown,0.4677554,1,./eval/mnist_fc_growing/mnist-net_256x2.onnx_8_19_hist_2026-07-06_15-15-29.jld2,0.2608659267425537,18.333216626561782
mnist-net_256x2.onnx,8,20,unknown,0.530247457,1,./eval/mnist_fc_growing/mnist-net_256x2.onnx_8_20_hist_2026-07-06_15-15-29.jld2,0.30742692947387695,24.849626499561886
mnist-net_256x2.onnx,8,21,unknown,0.653214636,1,./eval/mnist_fc_growing/mnist-net_256x2.onnx_8_21_hist_2026-07-06_15-15-29.jld2,0.4080190658569336,36.25724994332117
mnist-net_256x2.onnx,8,22,unknown,0.691993734,1,./eval/mnist_fc_growing/mnist-net_256x2.onnx_8_22_hist_2026-07-06_15-15-29.jld2,0.4286651611328125,19.96520569955908
mnist-net_256x2.onnx,8,23,unknown,0.80152549,1,./eval/mnist_fc_growing/mnist-net_256x2.onnx_8_23_hist_2026-07-06_15-15-29.jld2,0.5022249221801758,20.73576700791309
mnist-net_256x2.onnx,8,24,unknown,0.90102237,1,./eval/mnist_fc_growing/mnist-net_256x2.onnx_8_24_hist_2026-07-06_15-15-29.jld2,0.5787360668182373,22.4062945975681
mnist-net_256x2.onnx,8,25,unknown,1.022493895,1,./eval/mnist_fc_growing/mnist-net_256x2.onnx_8_25_hist_2026-07-06_15-15-29.jld2,0.6719090938568115,22.840274832863393
mnist-net_256x2.onnx,8,26,unknown,1.170271507,1,./eval/mnist_fc_growing/mnist-net_256x2.onnx_8_26_hist_2026-07-06_15-15-29.jld2,0.7685887813568115,23.352606409368576
mnist-net_256x2.onnx,8,27,unknown,1.323814586,1,./eval/mnist_fc_growing/mnist-net_256x2.onnx_8_27_hist_2026-07-06_15-15-29.jld2,0.8934531211853027,23.85815332188698
mnist-net_256x2.onnx,8,28,unknown,1.507706814,1,./eval/mnist_fc_growing/mnist-net_256x2.onnx_8_28_hist_2026-07-06_15-15-29.jld2,1.033397912979126,24.354296637321042
mnist-net_256x2.onnx,8,29,unknown,1.67649757,1,./eval/mnist_fc_growing/mnist-net_256x2.onnx_8_29_hist_2026-07-06_15-15-29.jld2,1.157745122909546,24.95968738342285
mnist-net_256x2.onnx,8,30,unknown,1.86238597,1,./eval/mnist_fc_growing/mnist-net_256x2.onnx_8_30_hist_2026-07-06_15-15-29.jld2,1.3040039539337158,27.003855095601246
mnist-net_256x2.onnx,8,31,unknown,2.088779692,1,./eval/mnist_fc_growing/mnist-net_256x2.onnx_8_31_hist_2026-07-06_15-15-29.jld2,1.4711577892303467,27.369972995653235
mnist-net_256x2.onnx,8,32,unknown,2.688759135,1,./eval/mnist_fc_growing/mnist-net_256x2.onnx_8_32_hist_2026-07-06_15-15-29.jld2,2.023212194442749,28.424769917514627
mnist-net_256x2.onnx,8,33,unknown,2.96560372,1,./eval/mnist_fc_growing/mnist-net_256x2.onnx_8_33_hist_2026-07-06_15-15-29.jld2,2.2261440753936768,36.46864952145605
mnist-net_256x2.onnx,8,34,unknown,3.239766849,1,./eval/mnist_fc_growing/mnist-net_256x2.onnx_8_34_hist_2026-07-06_15-15-29.jld2,2.4373128414154053,38.694682774278135
mnist-net_256x2.onnx,8,35,unknown,3.547961325,1,./eval/mnist_fc_growing/mnist-net_256x2.onnx_8_35_hist_2026-07-06_15-15-29.jld2,2.684091091156006,26.263247293570508
mnist-net_256x2.onnx,8,36,unknown,3.883453958,1,./eval/mnist_fc_growing/mnist-net_256x2.onnx_8_36_hist_2026-07-06_15-15-29.jld2,2.9449658393859863,28.315238314659055
mnist-net_256x2.onnx,8,37,unknown,4.277538594,1,./eval/mnist_fc_growing/mnist-net_256x2.onnx_8_37_hist_2026-07-06_15-15-29.jld2,3.2400929927825928,45.25248119928011
mnist-net_256x2.onnx,8,38,unknown,4.705931828,1,./eval/mnist_fc_growing/mnist-net_256x2.onnx_8_38_hist_2026-07-06_15-15-29.jld2,3.5499160289764404,47.30766782526515
mnist-net_256x2.onnx,8,39,unknown,5.144207402,1,./eval/mnist_fc_growing/mnist-net_256x2.onnx_8_39_hist_2026-07-06_15-15-29.jld2,3.887852191925049,49.297531642222076
mnist-net_256x2.onnx,8,40,unknown,5.64553845,1,./eval/mnist_fc_growing/mnist-net_256x2.onnx_8_40_hist_2026-07-06_15-15-29.jld2,4.253068208694458,53.886318348210345
mnist-net_256x2.onnx,8,41,unknown,6.165075894,1,./eval/mnist_fc_growing/mnist-net_256x2.onnx_8_41_hist_2026-07-06_15-15-29.jld2,4.651295900344849,62.25572830878222
mnist-net_256x2.onnx,8,42,unknown,6.767537138,1,./eval/mnist_fc_growing/mnist-net_256x2.onnx_8_42_hist_2026-07-06_15-15-29.jld2,5.102599859237671,72.97496446160298
mnist-net_256x2.onnx,8,43,unknown,7.380199766,1,./eval/mnist_fc_growing/mnist-net_256x2.onnx_8_43_hist_2026-07-06_15-15-29.jld2,5.580469131469727,87.49475183222032
mnist-net_256x2.onnx,8,44,unknown,7.988000217,1,./eval/mnist_fc_growing/mnist-net_256x2.onnx_8_44_hist_2026-07-06_15-15-29.jld2,6.066938877105713,98.28657272172163
mnist-net_256x2.onnx,8,45,unknown,8.715267811,1,./eval/mnist_fc_growing/mnist-net_256x2.onnx_8_45_hist_2026-07-06_15-15-29.jld2,6.6042320728302,101.03191140858632
mnist-net_256x2.onnx,8,46,unknown,9.417757572,1,./eval/mnist_fc_growing/mnist-net_256x2.onnx_8_46_hist_2026-07-06_15-15-29.jld2,7.1801087856292725,103.40481119489752
mnist-net_256x2.onnx,8,47,unknown,10.568256752,1,./eval/mnist_fc_growing/mnist-net_256x2.onnx_8_47_hist_2026-07-06_15-15-29.jld2,8.15543794631958,107.39253207435674
mnist-net_256x2.onnx,8,48,unknown,11.44588394,1,./eval/mnist_fc_growing/mnist-net_256x2.onnx_8_48_hist_2026-07-06_15-15-29.jld2,8.759994983673096,109.57529859857834
mnist-net_256x2.onnx,8,49,unknown,12.332912744,1,./eval/mnist_fc_growing/mnist-net_256x2.onnx_8_49_hist_2026-07-06_15-15-29.jld2,9.172521829605103,110.94236909418053
mnist-net_256x2.onnx,8,50,unknown,13.239174154,1,./eval/mnist_fc_growing/mnist-net_256x2.onnx_8_50_hist_2026-07-06_15-15-29.jld2,10.221190929412842,119.41991666096038
mnist-net_256x2.onnx,9,1,unsat,0.036079167,1,./eval/mnist_fc_growing/mnist-net_256x2.onnx_9_1_hist_2026-07-06_15-15-29.jld2,0.014862060546875,0.0
mnist-net_256x2.onnx,9,2,unsat,0.048478011,1,./eval/mnist_fc_growing/mnist-net_256x2.onnx_9_2_hist_2026-07-06_15-15-29.jld2,0.016083955764770508,0.0
mnist-net_256x2.onnx,9,3,unsat,0.041692686,1,./eval/mnist_fc_growing/mnist-net_256x2.onnx_9_3_hist_2026-07-06_15-15-29.jld2,0.016791105270385742,0.0
mnist-net_256x2.onnx,9,4,unsat,0.049395487,1,./eval/mnist_fc_growing/mnist-net_256x2.onnx_9_4_hist_2026-07-06_15-15-29.jld2,0.020650863647460938,0.0
mnist-net_256x2.onnx,9,5,unsat,0.05678804,1,./eval/mnist_fc_growing/mnist-net_256x2.onnx_9_5_hist_2026-07-06_15-15-29.jld2,0.023485898971557617,0.0
mnist-net_256x2.onnx,9,6,unknown,0.064648423,1,./eval/mnist_fc_growing/mnist-net_256x2.onnx_9_6_hist_2026-07-06_15-15-29.jld2,0.02718496322631836,0.571806218932252
mnist-net_256x2.onnx,9,7,unknown,0.0736538,1,./eval/mnist_fc_growing/mnist-net_256x2.onnx_9_7_hist_2026-07-06_15-15-29.jld2,0.031286001205444336,0.8709308463550223
mnist-net_256x2.onnx,9,8,unknown,0.085619157,1,./eval/mnist_fc_growing/mnist-net_256x2.onnx_9_8_hist_2026-07-06_15-15-29.jld2,0.03666400909423828,11.497388732277042
mnist-net_256x2.onnx,9,9,unknown,0.098044521,1,./eval/mnist_fc_growing/mnist-net_256x2.onnx_9_9_hist_2026-07-06_15-15-29.jld2,0.04298591613769531,11.893197428352979
mnist-net_256x2.onnx,9,10,unknown,0.11830235,1,./eval/mnist_fc_growing/mnist-net_256x2.onnx_9_10_hist_2026-07-06_15-15-29.jld2,0.05522799491882324,14.196347646941836
mnist-net_256x2.onnx,9,11,unknown,0.136784489,1,./eval/mnist_fc_growing/mnist-net_256x2.onnx_9_11_hist_2026-07-06_15-15-29.jld2,0.06513285636901855,8.083661570086107
mnist-net_256x2.onnx,9,12,unknown,0.163597394,1,./eval/mnist_fc_growing/mnist-net_256x2.onnx_9_12_hist_2026-07-06_15-15-29.jld2,0.07801198959350586,9.595116183678206
mnist-net_256x2.onnx,9,13,unknown,0.191165258,1,./eval/mnist_fc_growing/mnist-net_256x2.onnx_9_13_hist_2026-07-06_15-15-29.jld2,0.09360909461975098,9.991252572458105
mnist-net_256x2.onnx,9,14,unknown,0.225532954,1,./eval/mnist_fc_growing/mnist-net_256x2.onnx_9_14_hist_2026-07-06_15-15-29.jld2,0.1156301498413086,8.034200347727289
mnist-net_256x2.onnx,9,15,unknown,0.250612893,1,./eval/mnist_fc_growing/mnist-net_256x2.onnx_9_15_hist_2026-07-06_15-15-29.jld2,0.12188911437988281,9.481948203135676
mnist-net_256x2.onnx,9,16,unknown,0.290658771,1,./eval/mnist_fc_growing/mnist-net_256x2.onnx_9_16_hist_2026-07-06_15-15-29.jld2,0.14702701568603516,9.548061107640143
mnist-net_256x2.onnx,9,17,unknown,0.343818314,1,./eval/mnist_fc_growing/mnist-net_256x2.onnx_9_17_hist_2026-07-06_15-15-29.jld2,0.1793689727783203,9.597136725741526
mnist-net_256x2.onnx,9,18,unknown,0.396965209,1,./eval/mnist_fc_growing/mnist-net_256x2.onnx_9_18_hist_2026-07-06_15-15-29.jld2,0.21717500686645508,10.016731688796172
mnist-net_256x2.onnx,9,19,unknown,0.458010405,1,./eval/mnist_fc_growing/mnist-net_256x2.onnx_9_19_hist_2026-07-06_15-15-29.jld2,0.26228785514831543,10.234779513811677
mnist-net_256x2.onnx,9,20,unknown,0.52909979,1,./eval/mnist_fc_growing/mnist-net_256x2.onnx_9_20_hist_2026-07-06_15-15-29.jld2,0.30747103691101074,10.356265122675602
mnist-net_256x2.onnx,9,21,unknown,0.611100971,1,./eval/mnist_fc_growing/mnist-net_256x2.onnx_9_21_hist_2026-07-06_15-15-29.jld2,0.36734700202941895,10.703402395624487
mnist-net_256x2.onnx,9,22,unknown,0.699863508,1,./eval/mnist_fc_growing/mnist-net_256x2.onnx_9_22_hist_2026-07-06_15-15-29.jld2,0.43196582794189453,11.346084130904059
mnist-net_256x2.onnx,9,23,unknown,0.792656227,1,./eval/mnist_fc_growing/mnist-net_256x2.onnx_9_23_hist_2026-07-06_15-15-29.jld2,0.5038650035858154,12.247054797170263
mnist-net_256x2.onnx,9,24,unknown,0.922276021,1,./eval/mnist_fc_growing/mnist-net_256x2.onnx_9_24_hist_2026-07-06_15-15-29.jld2,0.6002581119537354,12.400253304841607
mnist-net_256x2.onnx,9,25,unknown,1.025145646,1,./eval/mnist_fc_growing/mnist-net_256x2.onnx_9_25_hist_2026-07-06_15-15-29.jld2,0.6736040115356445,12.560236533023007
mnist-net_256x2.onnx,9,26,unknown,1.166174076,1,./eval/mnist_fc_growing/mnist-net_256x2.onnx_9_26_hist_2026-07-06_15-15-29.jld2,0.7695910930633545,13.001882312881724
mnist-net_256x2.onnx,9,27,unknown,1.323529539,1,./eval/mnist_fc_growing/mnist-net_256x2.onnx_9_27_hist_2026-07-06_15-15-29.jld2,0.8855419158935547,13.301632471671716
mnist-net_256x2.onnx,9,28,unknown,1.497316183,1,./eval/mnist_fc_growing/mnist-net_256x2.onnx_9_28_hist_2026-07-06_15-15-29.jld2,1.0150730609893799,13.840587042063767
mnist-net_256x2.onnx,9,29,unknown,1.674134477,1,./eval/mnist_fc_growing/mnist-net_256x2.onnx_9_29_hist_2026-07-06_15-15-29.jld2,1.1475520133972168,14.770316333947303
mnist-net_256x2.onnx,9,30,unknown,1.873426978,1,./eval/mnist_fc_growing/mnist-net_256x2.onnx_9_30_hist_2026-07-06_15-15-29.jld2,1.2999000549316406,15.467828603862902
mnist-net_256x2.onnx,9,31,unknown,2.086999659,1,./eval/mnist_fc_growing/mnist-net_256x2.onnx_9_31_hist_2026-07-06_15-15-29.jld2,1.4657940864562988,16.369489847802132
mnist-net_256x2.onnx,9,32,unknown,2.698428918,1,./eval/mnist_fc_growing/mnist-net_256x2.onnx_9_32_hist_2026-07-06_15-15-29.jld2,2.0246379375457764,17.37902870806635
mnist-net_256x2.onnx,9,33,unknown,2.952117665,1,./eval/mnist_fc_growing/mnist-net_256x2.onnx_9_33_hist_2026-07-06_15-15-29.jld2,2.220245122909546,18.513076867143617
mnist-net_256x2.onnx,9,34,unknown,3.22600335,1,./eval/mnist_fc_growing/mnist-net_256x2.onnx_9_34_hist_2026-07-06_15-15-29.jld2,2.4319069385528564,19.841227012797287
mnist-net_256x2.onnx,9,35,unknown,3.550703562,1,./eval/mnist_fc_growing/mnist-net_256x2.onnx_9_35_hist_2026-07-06_15-15-29.jld2,2.672577142715454,20.75834229751477
mnist-net_256x2.onnx,9,36,unknown,3.898616611,1,./eval/mnist_fc_growing/mnist-net_256x2.onnx_9_36_hist_2026-07-06_15-15-29.jld2,2.9449679851531982,22.618095203682003
mnist-net_256x2.onnx,9,37,unknown,4.247594698,1,./eval/mnist_fc_growing/mnist-net_256x2.onnx_9_37_hist_2026-07-06_15-15-29.jld2,3.2246041297912598,24.464377834011547
mnist-net_256x2.onnx,9,38,unknown,4.705332595,1,./eval/mnist_fc_growing/mnist-net_256x2.onnx_9_38_hist_2026-07-06_15-15-29.jld2,3.5475800037384033,26.08026169500919
mnist-net_256x2.onnx,9,39,unknown,5.128174422,1,./eval/mnist_fc_growing/mnist-net_256x2.onnx_9_39_hist_2026-07-06_15-15-29.jld2,3.876037836074829,26.98382363723076
mnist-net_256x2.onnx,9,40,unknown,5.624126923,1,./eval/mnist_fc_growing/mnist-net_256x2.onnx_9_40_hist_2026-07-06_15-15-29.jld2,4.248920917510986,27.81269288129131
mnist-net_256x2.onnx,9,41,unknown,6.133898054,1,./eval/mnist_fc_growing/mnist-net_256x2.onnx_9_41_hist_2026-07-06_15-15-29.jld2,4.6303980350494385,29.147400123934208
mnist-net_256x2.onnx,9,42,unknown,6.730220002,1,./eval/mnist_fc_growing/mnist-net_256x2.onnx_9_42_hist_2026-07-06_15-15-29.jld2,5.080096006393433,29.955119214687183
mnist-net_256x2.onnx,9,43,unknown,7.339940458,1,./eval/mnist_fc_growing/mnist-net_256x2.onnx_9_43_hist_2026-07-06_15-15-29.jld2,5.5431067943573,30.891650858057996
mnist-net_256x2.onnx,9,44,unknown,8.003995928,1,./eval/mnist_fc_growing/mnist-net_256x2.onnx_9_44_hist_2026-07-06_15-15-29.jld2,6.0748631954193115,32.1665453382744
mnist-net_256x2.onnx,9,45,unknown,8.743148901,1,./eval/mnist_fc_growing/mnist-net_256x2.onnx_9_45_hist_2026-07-06_15-15-29.jld2,6.639867067337036,34.072381339366764
mnist-net_256x2.onnx,9,46,unknown,9.416576097,1,./eval/mnist_fc_growing/mnist-net_256x2.onnx_9_46_hist_2026-07-06_15-15-29.jld2,7.185295104980469,36.940187667496645
mnist-net_256x2.onnx,9,47,unknown,10.262113295,1,./eval/mnist_fc_growing/mnist-net_256x2.onnx_9_47_hist_2026-07-06_15-15-29.jld2,7.821125030517578,40.31014267482232
mnist-net_256x2.onnx,9,48,unknown,11.401101215,1,./eval/mnist_fc_growing/mnist-net_256x2.onnx_9_48_hist_2026-07-06_15-15-29.jld2,8.72126817703247,41.48034301851897
mnist-net_256x2.onnx,9,49,unknown,12.28847953,1,./eval/mnist_fc_growing/mnist-net_256x2.onnx_9_49_hist_2026-07-06_15-15-29.jld2,9.134117126464844,42.37859041379862
mnist-net_256x2.onnx,9,50,unknown,13.290894647,1,./eval/mnist_fc_growing/mnist-net_256x2.onnx_9_50_hist_2026-07-06_15-15-29.jld2,9.961364984512329,43.9793498180951
mnist-net_256x2.onnx,10,1,unsat,0.036962766,1,./eval/mnist_fc_growing/mnist-net_256x2.onnx_10_1_hist_2026-07-06_15-15-29.jld2,0.014887094497680664,0.0
mnist-net_256x2.onnx,10,2,unsat,0.038853221,1,./eval/mnist_fc_growing/mnist-net_256x2.onnx_10_2_hist_2026-07-06_15-15-29.jld2,0.0159909725189209,0.0
mnist-net_256x2.onnx,10,3,unsat,0.041763813,1,./eval/mnist_fc_growing/mnist-net_256x2.onnx_10_3_hist_2026-07-06_15-15-29.jld2,0.016793012619018555,0.0
mnist-net_256x2.onnx,10,4,unsat,0.049526675,1,./eval/mnist_fc_growing/mnist-net_256x2.onnx_10_4_hist_2026-07-06_15-15-29.jld2,0.020800113677978516,0.0
mnist-net_256x2.onnx,10,5,unsat,0.060265832,1,./eval/mnist_fc_growing/mnist-net_256x2.onnx_10_5_hist_2026-07-06_15-15-29.jld2,0.02437877655029297,0.0
mnist-net_256x2.onnx,10,6,unsat,0.067493849,1,./eval/mnist_fc_growing/mnist-net_256x2.onnx_10_6_hist_2026-07-06_15-15-29.jld2,0.02818608283996582,0.0
mnist-net_256x2.onnx,10,7,unsat,0.077406238,1,./eval/mnist_fc_growing/mnist-net_256x2.onnx_10_7_hist_2026-07-06_15-15-29.jld2,0.03245186805725098,0.0
mnist-net_256x2.onnx,10,8,unsat,0.089884848,1,./eval/mnist_fc_growing/mnist-net_256x2.onnx_10_8_hist_2026-07-06_15-15-29.jld2,0.03841710090637207,0.0
mnist-net_256x2.onnx,10,9,unsat,0.104318505,1,./eval/mnist_fc_growing/mnist-net_256x2.onnx_10_9_hist_2026-07-06_15-15-29.jld2,0.04491901397705078,0.0
mnist-net_256x2.onnx,10,10,unsat,0.11538891,1,./eval/mnist_fc_growing/mnist-net_256x2.onnx_10_10_hist_2026-07-06_15-15-29.jld2,0.05417013168334961,0.0
mnist-net_256x2.onnx,10,11,unsat,0.132147747,1,./eval/mnist_fc_growing/mnist-net_256x2.onnx_10_11_hist_2026-07-06_15-15-29.jld2,0.06351399421691895,0.0
mnist-net_256x2.onnx,10,12,unsat,0.155770549,1,./eval/mnist_fc_growing/mnist-net_256x2.onnx_10_12_hist_2026-07-06_15-15-29.jld2,0.07537412643432617,0.0
mnist-net_256x2.onnx,10,13,unsat,0.183820216,1,./eval/mnist_fc_growing/mnist-net_256x2.onnx_10_13_hist_2026-07-06_15-15-29.jld2,0.09174013137817383,0.0
mnist-net_256x2.onnx,10,14,unsat,0.218468162,1,./eval/mnist_fc_growing/mnist-net_256x2.onnx_10_14_hist_2026-07-06_15-15-29.jld2,0.11275005340576172,0.0
mnist-net_256x2.onnx,10,15,unsat,0.243934989,1,./eval/mnist_fc_growing/mnist-net_256x2.onnx_10_15_hist_2026-07-06_15-15-29.jld2,0.11942005157470703,0.0
mnist-net_256x2.onnx,10,16,unsat,0.282189296,1,./eval/mnist_fc_growing/mnist-net_256x2.onnx_10_16_hist_2026-07-06_15-15-29.jld2,0.14389491081237793,0.0
mnist-net_256x2.onnx,10,17,unsat,0.33660727,1,./eval/mnist_fc_growing/mnist-net_256x2.onnx_10_17_hist_2026-07-06_15-15-29.jld2,0.17669081687927246,0.0
mnist-net_256x2.onnx,10,18,unsat,0.390608474,1,./eval/mnist_fc_growing/mnist-net_256x2.onnx_10_18_hist_2026-07-06_15-15-29.jld2,0.22169089317321777,0.0
mnist-net_256x2.onnx,10,19,unsat,0.446813419,1,./eval/mnist_fc_growing/mnist-net_256x2.onnx_10_19_hist_2026-07-06_15-15-29.jld2,0.25839805603027344,0.0
mnist-net_256x2.onnx,10,20,unsat,0.516936062,1,./eval/mnist_fc_growing/mnist-net_256x2.onnx_10_20_hist_2026-07-06_15-15-29.jld2,0.30245208740234375,0.0
mnist-net_256x2.onnx,10,21,unsat,0.601374181,1,./eval/mnist_fc_growing/mnist-net_256x2.onnx_10_21_hist_2026-07-06_15-15-29.jld2,0.36559605598449707,0.0
mnist-net_256x2.onnx,10,22,unsat,0.690719773,1,./eval/mnist_fc_growing/mnist-net_256x2.onnx_10_22_hist_2026-07-06_15-15-29.jld2,0.4308159351348877,0.0
mnist-net_256x2.onnx,10,23,unsat,0.794759159,1,./eval/mnist_fc_growing/mnist-net_256x2.onnx_10_23_hist_2026-07-06_15-15-29.jld2,0.5069530010223389,0.0
mnist-net_256x2.onnx,10,24,unsat,0.911732202,1,./eval/mnist_fc_growing/mnist-net_256x2.onnx_10_24_hist_2026-07-06_15-15-29.jld2,0.5872399806976318,0.0
mnist-net_256x2.onnx,10,25,unknown,1.041266625,1,./eval/mnist_fc_growing/mnist-net_256x2.onnx_10_25_hist_2026-07-06_15-15-29.jld2,0.6793661117553711,3.6486195177300735
mnist-net_256x2.onnx,10,26,unknown,1.182063063,1,./eval/mnist_fc_growing/mnist-net_256x2.onnx_10_26_hist_2026-07-06_15-15-29.jld2,0.7760381698608398,4.292431011178178
mnist-net_256x2.onnx,10,27,unknown,1.332393552,1,./eval/mnist_fc_growing/mnist-net_256x2.onnx_10_27_hist_2026-07-06_15-15-29.jld2,0.8927249908447266,5.790226842652259
mnist-net_256x2.onnx,10,28,unknown,1.498690989,1,./eval/mnist_fc_growing/mnist-net_256x2.onnx_10_28_hist_2026-07-06_15-15-29.jld2,1.012906789779663,7.580991137634094
mnist-net_256x2.onnx,10,29,unknown,1.679350626,1,./eval/mnist_fc_growing/mnist-net_256x2.onnx_10_29_hist_2026-07-06_15-15-29.jld2,1.1521189212799072,8.306853383243602
mnist-net_256x2.onnx,10,30,unknown,1.892830175,1,./eval/mnist_fc_growing/mnist-net_256x2.onnx_10_30_hist_2026-07-06_15-15-29.jld2,1.3083360195159912,9.91812797154583
mnist-net_256x2.onnx,10,31,unknown,2.109760525,1,./eval/mnist_fc_growing/mnist-net_256x2.onnx_10_31_hist_2026-07-06_15-15-29.jld2,1.474769115447998,11.417850252987972
mnist-net_256x2.onnx,10,32,unknown,2.706006932,1,./eval/mnist_fc_growing/mnist-net_256x2.onnx_10_32_hist_2026-07-06_15-15-29.jld2,2.019904136657715,13.191591180830123
mnist-net_256x2.onnx,10,33,unknown,2.973216282,1,./eval/mnist_fc_growing/mnist-net_256x2.onnx_10_33_hist_2026-07-06_15-15-29.jld2,2.2250559329986572,15.482994021120925
mnist-net_256x2.onnx,10,34,unknown,3.247177942,1,./eval/mnist_fc_growing/mnist-net_256x2.onnx_10_34_hist_2026-07-06_15-15-29.jld2,2.437837839126587,17.08037210481408
mnist-net_256x2.onnx,10,35,unknown,3.565196066,1,./eval/mnist_fc_growing/mnist-net_256x2.onnx_10_35_hist_2026-07-06_15-15-29.jld2,2.676536798477173,18.701447126499033
mnist-net_256x2.onnx,10,36,unknown,3.904038217,1,./eval/mnist_fc_growing/mnist-net_256x2.onnx_10_36_hist_2026-07-06_15-15-29.jld2,2.9485719203948975,21.450392753711107
mnist-net_256x2.onnx,10,37,unknown,4.305967072,1,./eval/mnist_fc_growing/mnist-net_256x2.onnx_10_37_hist_2026-07-06_15-15-29.jld2,3.250444173812866,22.015362040883588
mnist-net_256x2.onnx,10,38,unknown,4.728780156,1,./eval/mnist_fc_growing/mnist-net_256x2.onnx_10_38_hist_2026-07-06_15-15-29.jld2,3.5570449829101562,26.0626412502488
mnist-net_256x2.onnx,10,39,unknown,5.179709968,1,./eval/mnist_fc_growing/mnist-net_256x2.onnx_10_39_hist_2026-07-06_15-15-29.jld2,3.8888399600982666,39.691708346124855
mnist-net_256x2.onnx,10,40,unknown,5.676544272,1,./eval/mnist_fc_growing/mnist-net_256x2.onnx_10_40_hist_2026-07-06_15-15-29.jld2,4.264832019805908,57.25994324582115
mnist-net_256x2.onnx,10,41,unknown,6.171791445,1,./eval/mnist_fc_growing/mnist-net_256x2.onnx_10_41_hist_2026-07-06_15-15-29.jld2,4.643187999725342,58.104074738574596
mnist-net_256x2.onnx,10,42,unknown,6.779159323,1,./eval/mnist_fc_growing/mnist-net_256x2.onnx_10_42_hist_2026-07-06_15-15-29.jld2,5.109766960144043,60.84039039421444
mnist-net_256x2.onnx,10,43,unknown,7.345125019,1,./eval/mnist_fc_growing/mnist-net_256x2.onnx_10_43_hist_2026-07-06_15-15-29.jld2,5.53685188293457,63.693833703736445
mnist-net_256x2.onnx,10,44,unknown,8.024138193,1,./eval/mnist_fc_growing/mnist-net_256x2.onnx_10_44_hist_2026-07-06_15-15-29.jld2,6.058336019515991,39.0554817765864
mnist-net_256x2.onnx,10,45,unknown,8.703139223,1,./eval/mnist_fc_growing/mnist-net_256x2.onnx_10_45_hist_2026-07-06_15-15-29.jld2,6.60876989364624,43.04908849366373
mnist-net_256x2.onnx,10,46,unknown,9.429737996,1,./eval/mnist_fc_growing/mnist-net_256x2.onnx_10_46_hist_2026-07-06_15-15-29.jld2,7.192481994628906,49.23330814978336
mnist-net_256x2.onnx,10,47,unknown,10.590250956,1,./eval/mnist_fc_growing/mnist-net_256x2.onnx_10_47_hist_2026-07-06_15-15-29.jld2,8.16358208656311,53.486014294897586
mnist-net_256x2.onnx,10,48,unknown,11.405967009,1,./eval/mnist_fc_growing/mnist-net_256x2.onnx_10_48_hist_2026-07-06_15-15-29.jld2,8.789748907089233,58.31847204765824
mnist-net_256x2.onnx,10,49,unknown,12.251210974,1,./eval/mnist_fc_growing/mnist-net_256x2.onnx_10_49_hist_2026-07-06_15-15-29.jld2,9.102484941482544,60.358156025615905
mnist-net_256x2.onnx,10,50,unknown,13.28081384,1,./eval/mnist_fc_growing/mnist-net_256x2.onnx_10_50_hist_2026-07-06_15-15-29.jld2,10.252540111541748,59.41459698182054
mnist-net_256x2.onnx,11,1,unsat,0.036083681,1,./eval/mnist_fc_growing/mnist-net_256x2.onnx_11_1_hist_2026-07-06_15-15-29.jld2,0.014841079711914062,0.0
mnist-net_256x2.onnx,11,2,unsat,0.038830905,1,./eval/mnist_fc_growing/mnist-net_256x2.onnx_11_2_hist_2026-07-06_15-15-29.jld2,0.01602315902709961,0.0
mnist-net_256x2.onnx,11,3,unsat,0.044406748,1,./eval/mnist_fc_growing/mnist-net_256x2.onnx_11_3_hist_2026-07-06_15-15-29.jld2,0.018423080444335938,0.0
mnist-net_256x2.onnx,11,4,unsat,0.049720516,1,./eval/mnist_fc_growing/mnist-net_256x2.onnx_11_4_hist_2026-07-06_15-15-29.jld2,0.020846128463745117,0.0
mnist-net_256x2.onnx,11,5,unsat,0.059669588,1,./eval/mnist_fc_growing/mnist-net_256x2.onnx_11_5_hist_2026-07-06_15-15-29.jld2,0.024405956268310547,0.0
mnist-net_256x2.onnx,11,6,unsat,0.064082539,1,./eval/mnist_fc_growing/mnist-net_256x2.onnx_11_6_hist_2026-07-06_15-15-29.jld2,0.027241945266723633,0.0
mnist-net_256x2.onnx,11,7,unsat,0.076774893,1,./eval/mnist_fc_growing/mnist-net_256x2.onnx_11_7_hist_2026-07-06_15-15-29.jld2,0.03218579292297363,0.0
mnist-net_256x2.onnx,11,8,unsat,0.085226119,1,./eval/mnist_fc_growing/mnist-net_256x2.onnx_11_8_hist_2026-07-06_15-15-29.jld2,0.036216020584106445,0.0
mnist-net_256x2.onnx,11,9,unsat,0.097754191,1,./eval/mnist_fc_growing/mnist-net_256x2.onnx_11_9_hist_2026-07-06_15-15-29.jld2,0.0430910587310791,0.0
mnist-net_256x2.onnx,11,10,unsat,0.123330269,1,./eval/mnist_fc_growing/mnist-net_256x2.onnx_11_10_hist_2026-07-06_15-15-29.jld2,0.059983015060424805,0.0
mnist-net_256x2.onnx,11,11,unsat,0.138573925,1,./eval/mnist_fc_growing/mnist-net_256x2.onnx_11_11_hist_2026-07-06_15-15-29.jld2,0.06705117225646973,0.0
mnist-net_256x2.onnx,11,12,unsat,0.158263616,1,./eval/mnist_fc_growing/mnist-net_256x2.onnx_11_12_hist_2026-07-06_15-15-29.jld2,0.07624697685241699,0.0
mnist-net_256x2.onnx,11,13,unknown,0.189800571,1,./eval/mnist_fc_growing/mnist-net_256x2.onnx_11_13_hist_2026-07-06_15-15-29.jld2,0.09330201148986816,11.913843073043287
mnist-net_256x2.onnx,11,14,unknown,0.223182007,1,./eval/mnist_fc_growing/mnist-net_256x2.onnx_11_14_hist_2026-07-06_15-15-29.jld2,0.11488485336303711,14.472004923089722
mnist-net_256x2.onnx,11,15,unknown,0.25118832,1,./eval/mnist_fc_growing/mnist-net_256x2.onnx_11_15_hist_2026-07-06_15-15-29.jld2,0.12204408645629883,19.46534839395398
mnist-net_256x2.onnx,11,16,unknown,0.293364764,1,./eval/mnist_fc_growing/mnist-net_256x2.onnx_11_16_hist_2026-07-06_15-15-29.jld2,0.14683198928833008,22.37519034023446
mnist-net_256x2.onnx,11,17,unknown,0.344926001,1,./eval/mnist_fc_growing/mnist-net_256x2.onnx_11_17_hist_2026-07-06_15-15-29.jld2,0.1801600456237793,21.63183430092296
mnist-net_256x2.onnx,11,18,unknown,0.393011552,1,./eval/mnist_fc_growing/mnist-net_256x2.onnx_11_18_hist_2026-07-06_15-15-29.jld2,0.21677708625793457,22.294814671941147
mnist-net_256x2.onnx,11,19,unknown,0.459123165,1,./eval/mnist_fc_growing/mnist-net_256x2.onnx_11_19_hist_2026-07-06_15-15-29.jld2,0.26393795013427734,24.49067846943429
mnist-net_256x2.onnx,11,20,unknown,0.520915949,1,./eval/mnist_fc_growing/mnist-net_256x2.onnx_11_20_hist_2026-07-06_15-15-29.jld2,0.30420804023742676,0.21003099657025942
mnist-net_256x2.onnx,11,21,unknown,0.606892898,1,./eval/mnist_fc_growing/mnist-net_256x2.onnx_11_21_hist_2026-07-06_15-15-29.jld2,0.36803507804870605,0.2411255575411125
mnist-net_256x2.onnx,11,22,unknown,0.693934959,1,./eval/mnist_fc_growing/mnist-net_256x2.onnx_11_22_hist_2026-07-06_15-15-29.jld2,0.43145084381103516,0.29384826010939763
mnist-net_256x2.onnx,11,23,unknown,0.79778963,1,./eval/mnist_fc_growing/mnist-net_256x2.onnx_11_23_hist_2026-07-06_15-15-29.jld2,0.5074141025543213,0.4176074895224724
mnist-net_256x2.onnx,11,24,unknown,0.922724782,1,./eval/mnist_fc_growing/mnist-net_256x2.onnx_11_24_hist_2026-07-06_15-15-29.jld2,0.5989058017730713,4.8976274456199445
mnist-net_256x2.onnx,11,25,unknown,1.031766182,1,./eval/mnist_fc_growing/mnist-net_256x2.onnx_11_25_hist_2026-07-06_15-15-29.jld2,0.675961971282959,5.530236246627019
mnist-net_256x2.onnx,11,26,unknown,1.166690037,1,./eval/mnist_fc_growing/mnist-net_256x2.onnx_11_26_hist_2026-07-06_15-15-29.jld2,0.7690639495849609,5.970528243000223
mnist-net_256x2.onnx,11,27,unknown,1.324658455,1,./eval/mnist_fc_growing/mnist-net_256x2.onnx_11_27_hist_2026-07-06_15-15-29.jld2,0.888314962387085,6.360179911308338
mnist-net_256x2.onnx,11,28,unknown,1.482400621,1,./eval/mnist_fc_growing/mnist-net_256x2.onnx_11_28_hist_2026-07-06_15-15-29.jld2,1.0119638442993164,6.591214201126171
mnist-net_256x2.onnx,11,29,unknown,1.678806021,1,./eval/mnist_fc_growing/mnist-net_256x2.onnx_11_29_hist_2026-07-06_15-15-29.jld2,1.1593711376190186,6.988376256918384
mnist-net_256x2.onnx,11,30,unknown,1.868001381,1,./eval/mnist_fc_growing/mnist-net_256x2.onnx_11_30_hist_2026-07-06_15-15-29.jld2,1.3008160591125488,7.447262569099371
mnist-net_256x2.onnx,11,31,unknown,2.083998312,1,./eval/mnist_fc_growing/mnist-net_256x2.onnx_11_31_hist_2026-07-06_15-15-29.jld2,1.4673960208892822,8.126491375461343
mnist-net_256x2.onnx,11,32,unknown,2.735597716,1,./eval/mnist_fc_growing/mnist-net_256x2.onnx_11_32_hist_2026-07-06_15-15-29.jld2,2.0599119663238525,8.63389063679572
mnist-net_256x2.onnx,11,33,unknown,2.933597477,1,./eval/mnist_fc_growing/mnist-net_256x2.onnx_11_33_hist_2026-07-06_15-15-29.jld2,2.2116358280181885,9.984470935869929
mnist-net_256x2.onnx,11,34,unknown,3.209651049,1,./eval/mnist_fc_growing/mnist-net_256x2.onnx_11_34_hist_2026-07-06_15-15-29.jld2,2.4245970249176025,10.950188804859426
mnist-net_256x2.onnx,11,35,unknown,3.521023382,1,./eval/mnist_fc_growing/mnist-net_256x2.onnx_11_35_hist_2026-07-06_15-15-29.jld2,2.6602680683135986,12.02576700618797
mnist-net_256x2.onnx,11,36,unknown,3.88529275,1,./eval/mnist_fc_growing/mnist-net_256x2.onnx_11_36_hist_2026-07-06_15-15-29.jld2,2.9472880363464355,12.850508407075619
mnist-net_256x2.onnx,11,37,unknown,4.252748572,1,./eval/mnist_fc_growing/mnist-net_256x2.onnx_11_37_hist_2026-07-06_15-15-29.jld2,3.223846912384033,13.421673063945455
mnist-net_256x2.onnx,11,38,unknown,4.689900955,1,./eval/mnist_fc_growing/mnist-net_256x2.onnx_11_38_hist_2026-07-06_15-15-29.jld2,3.557827949523926,13.946743570935467
mnist-net_256x2.onnx,11,39,unknown,5.150675779,1,./eval/mnist_fc_growing/mnist-net_256x2.onnx_11_39_hist_2026-07-06_15-15-29.jld2,3.893828868865967,14.813772230885888
mnist-net_256x2.onnx,11,40,unknown,5.628418649,1,./eval/mnist_fc_growing/mnist-net_256x2.onnx_11_40_hist_2026-07-06_15-15-29.jld2,4.250901937484741,15.250839984891442
mnist-net_256x2.onnx,11,41,unknown,6.158652559,1,./eval/mnist_fc_growing/mnist-net_256x2.onnx_11_41_hist_2026-07-06_15-15-29.jld2,4.664952993392944,16.556445965997025
mnist-net_256x2.onnx,11,42,unknown,6.693956901,1,./eval/mnist_fc_growing/mnist-net_256x2.onnx_11_42_hist_2026-07-06_15-15-29.jld2,5.066413164138794,17.554514237124977
mnist-net_256x2.onnx,11,43,unknown,7.38356691,1,./eval/mnist_fc_growing/mnist-net_256x2.onnx_11_43_hist_2026-07-06_15-15-29.jld2,5.609941005706787,18.59150680015272
mnist-net_256x2.onnx,11,44,unknown,7.940095384,1,./eval/mnist_fc_growing/mnist-net_256x2.onnx_11_44_hist_2026-07-06_15-15-29.jld2,6.037819862365723,18.979903394480466
mnist-net_256x2.onnx,11,45,unknown,8.635720693,1,./eval/mnist_fc_growing/mnist-net_256x2.onnx_11_45_hist_2026-07-06_15-15-29.jld2,6.578748941421509,19.6897286785994
mnist-net_256x2.onnx,11,46,unknown,9.408627873,1,./eval/mnist_fc_growing/mnist-net_256x2.onnx_11_46_hist_2026-07-06_15-15-29.jld2,7.179855108261108,20.258374590481857
mnist-net_256x2.onnx,11,47,unknown,10.614141998,1,./eval/mnist_fc_growing/mnist-net_256x2.onnx_11_47_hist_2026-07-06_15-15-29.jld2,8.191380977630615,20.974408015950328
mnist-net_256x2.onnx,11,48,unknown,11.393004027,1,./eval/mnist_fc_growing/mnist-net_256x2.onnx_11_48_hist_2026-07-06_15-15-29.jld2,8.733257055282593,22.653488215828663
mnist-net_256x2.onnx,11,49,unknown,12.22850029,1,./eval/mnist_fc_growing/mnist-net_256x2.onnx_11_49_hist_2026-07-06_15-15-29.jld2,9.479996919631958,23.791826631616125
mnist-net_256x2.onnx,11,50,unknown,13.182940821,1,./eval/mnist_fc_growing/mnist-net_256x2.onnx_11_50_hist_2026-07-06_15-15-29.jld2,9.885725021362305,24.56619014190565
mnist-net_256x2.onnx,12,1,unknown,0.021497863,1,./eval/mnist_fc_growing/mnist-net_256x2.onnx_12_1_hist_2026-07-06_15-15-29.jld2,5.888938903808594e-5,0.0
mnist-net_256x2.onnx,12,2,unknown,0.022513094,1,./eval/mnist_fc_growing/mnist-net_256x2.onnx_12_2_hist_2026-07-06_15-15-29.jld2,5.1021575927734375e-5,0.0
mnist-net_256x2.onnx,12,3,unknown,0.024897552,1,./eval/mnist_fc_growing/mnist-net_256x2.onnx_12_3_hist_2026-07-06_15-15-29.jld2,5.817413330078125e-5,0.0
mnist-net_256x2.onnx,12,4,unknown,0.02699895,1,./eval/mnist_fc_growing/mnist-net_256x2.onnx_12_4_hist_2026-07-06_15-15-29.jld2,6.29425048828125e-5,0.0
mnist-net_256x2.onnx,12,5,unknown,0.033132777,1,./eval/mnist_fc_growing/mnist-net_256x2.onnx_12_5_hist_2026-07-06_15-15-29.jld2,6.389617919921875e-5,0.0
mnist-net_256x2.onnx,12,6,unknown,0.033572812,1,./eval/mnist_fc_growing/mnist-net_256x2.onnx_12_6_hist_2026-07-06_15-15-29.jld2,6.29425048828125e-5,0.0
mnist-net_256x2.onnx,12,7,unknown,0.037528,1,./eval/mnist_fc_growing/mnist-net_256x2.onnx_12_7_hist_2026-07-06_15-15-29.jld2,5.698204040527344e-5,0.0
mnist-net_256x2.onnx,12,8,unknown,0.082444691,1,./eval/mnist_fc_growing/mnist-net_256x2.onnx_12_8_hist_2026-07-06_15-15-29.jld2,0.03543210029602051,1.100399693488111
mnist-net_256x2.onnx,12,9,unknown,0.094871269,1,./eval/mnist_fc_growing/mnist-net_256x2.onnx_12_9_hist_2026-07-06_15-15-29.jld2,0.041906118392944336,1.4136009954991693
mnist-net_256x2.onnx,12,10,unknown,0.113778051,1,./eval/mnist_fc_growing/mnist-net_256x2.onnx_12_10_hist_2026-07-06_15-15-29.jld2,0.05354189872741699,1.8805990782068656
mnist-net_256x2.onnx,12,11,unknown,0.130338555,1,./eval/mnist_fc_growing/mnist-net_256x2.onnx_12_11_hist_2026-07-06_15-15-29.jld2,0.06288313865661621,1.9384517148091955
mnist-net_256x2.onnx,12,12,unknown,0.153566572,1,./eval/mnist_fc_growing/mnist-net_256x2.onnx_12_12_hist_2026-07-06_15-15-29.jld2,0.07507705688476562,1.9525360390648672
mnist-net_256x2.onnx,12,13,unknown,0.179569911,1,./eval/mnist_fc_growing/mnist-net_256x2.onnx_12_13_hist_2026-07-06_15-15-29.jld2,0.08963489532470703,2.1110111251634747
mnist-net_256x2.onnx,12,14,unknown,0.211623717,1,./eval/mnist_fc_growing/mnist-net_256x2.onnx_12_14_hist_2026-07-06_15-15-29.jld2,0.11098790168762207,2.1258800335967196
mnist-net_256x2.onnx,12,15,unknown,0.246032287,1,./eval/mnist_fc_growing/mnist-net_256x2.onnx_12_15_hist_2026-07-06_15-15-29.jld2,0.12623906135559082,2.132690883033084
mnist-net_256x2.onnx,12,16,unknown,0.274020235,1,./eval/mnist_fc_growing/mnist-net_256x2.onnx_12_16_hist_2026-07-06_15-15-29.jld2,0.1416628360748291,2.137010198505026
mnist-net_256x2.onnx,12,17,unknown,0.326735702,1,./eval/mnist_fc_growing/mnist-net_256x2.onnx_12_17_hist_2026-07-06_15-15-29.jld2,0.17394113540649414,2.145472811641746
mnist-net_256x2.onnx,12,18,unknown,0.372643091,1,./eval/mnist_fc_growing/mnist-net_256x2.onnx_12_18_hist_2026-07-06_15-15-29.jld2,0.20672202110290527,2.1501794247587185
mnist-net_256x2.onnx,12,19,unknown,0.439008418,1,./eval/mnist_fc_growing/mnist-net_256x2.onnx_12_19_hist_2026-07-06_15-15-29.jld2,0.2589380741119385,2.161458844606917
mnist-net_256x2.onnx,12,20,unknown,0.510448794,1,./eval/mnist_fc_growing/mnist-net_256x2.onnx_12_20_hist_2026-07-06_15-15-29.jld2,0.3038969039916992,2.1638564792092723
mnist-net_256x2.onnx,12,21,unknown,0.58982435,1,./eval/mnist_fc_growing/mnist-net_256x2.onnx_12_21_hist_2026-07-06_15-15-29.jld2,0.3626878261566162,2.419420618975271
mnist-net_256x2.onnx,12,22,unknown,0.699096602,1,./eval/mnist_fc_growing/mnist-net_256x2.onnx_12_22_hist_2026-07-06_15-15-29.jld2,0.4459519386291504,2.5335583246771973
mnist-net_256x2.onnx,12,23,unknown,0.781708978,1,./eval/mnist_fc_growing/mnist-net_256x2.onnx_12_23_hist_2026-07-06_15-15-29.jld2,0.5029439926147461,3.1903872454724396
mnist-net_256x2.onnx,12,24,unknown,0.949464165,1,./eval/mnist_fc_growing/mnist-net_256x2.onnx_12_24_hist_2026-07-06_15-15-29.jld2,0.5789010524749756,3.8284734917657843
mnist-net_256x2.onnx,12,25,unknown,1.016853394,1,./eval/mnist_fc_growing/mnist-net_256x2.onnx_12_25_hist_2026-07-06_15-15-29.jld2,0.6726000308990479,10.638577990222782
mnist-net_256x2.onnx,12,26,unknown,1.152273212,1,./eval/mnist_fc_growing/mnist-net_256x2.onnx_12_26_hist_2026-07-06_15-15-29.jld2,0.7631809711456299,10.727000654498298
mnist-net_256x2.onnx,12,27,unknown,1.340246713,1,./eval/mnist_fc_growing/mnist-net_256x2.onnx_12_27_hist_2026-07-06_15-15-29.jld2,0.917273998260498,11.307913363211616
mnist-net_256x2.onnx,12,28,unknown,1.471093209,1,./eval/mnist_fc_growing/mnist-net_256x2.onnx_12_28_hist_2026-07-06_15-15-29.jld2,1.0025131702423096,11.59631816931911
mnist-net_256x2.onnx,12,29,unknown,1.65916402,1,./eval/mnist_fc_growing/mnist-net_256x2.onnx_12_29_hist_2026-07-06_15-15-29.jld2,1.1421349048614502,13.164712217826848
mnist-net_256x2.onnx,12,30,unknown,1.916285289,1,./eval/mnist_fc_growing/mnist-net_256x2.onnx_12_30_hist_2026-07-06_15-15-29.jld2,1.3092482089996338,36.50595807636697
mnist-net_256x2.onnx,12,31,unknown,2.113392585,1,./eval/mnist_fc_growing/mnist-net_256x2.onnx_12_31_hist_2026-07-06_15-15-29.jld2,1.489166021347046,40.96932470809747
mnist-net_256x2.onnx,12,32,unknown,2.693085362,1,./eval/mnist_fc_growing/mnist-net_256x2.onnx_12_32_hist_2026-07-06_15-15-29.jld2,2.0162830352783203,46.42796739257567
mnist-net_256x2.onnx,12,33,unknown,2.961303191,1,./eval/mnist_fc_growing/mnist-net_256x2.onnx_12_33_hist_2026-07-06_15-15-29.jld2,2.2209601402282715,50.51084714675374
mnist-net_256x2.onnx,12,34,unknown,3.234938219,1,./eval/mnist_fc_growing/mnist-net_256x2.onnx_12_34_hist_2026-07-06_15-15-29.jld2,2.4373860359191895,54.976003991177144
mnist-net_256x2.onnx,12,35,unknown,3.525757319,1,./eval/mnist_fc_growing/mnist-net_256x2.onnx_12_35_hist_2026-07-06_15-15-29.jld2,2.6661911010742188,19.831817241544332
mnist-net_256x2.onnx,12,36,unknown,3.861597734,1,./eval/mnist_fc_growing/mnist-net_256x2.onnx_12_36_hist_2026-07-06_15-15-29.jld2,2.9273929595947266,20.339452680534194
mnist-net_256x2.onnx,12,37,unknown,4.223605062,1,./eval/mnist_fc_growing/mnist-net_256x2.onnx_12_37_hist_2026-07-06_15-15-29.jld2,3.205493927001953,20.540988299694856
mnist-net_256x2.onnx,12,38,unknown,4.654276401,1,./eval/mnist_fc_growing/mnist-net_256x2.onnx_12_38_hist_2026-07-06_15-15-29.jld2,3.5346789360046387,20.67453026493971
mnist-net_256x2.onnx,12,39,unknown,5.098500029,1,./eval/mnist_fc_growing/mnist-net_256x2.onnx_12_39_hist_2026-07-06_15-15-29.jld2,3.8709380626678467,20.966378882141875
mnist-net_256x2.onnx,12,40,unknown,5.606448717,1,./eval/mnist_fc_growing/mnist-net_256x2.onnx_12_40_hist_2026-07-06_15-15-29.jld2,4.256127119064331,21.2526097762908
mnist-net_256x2.onnx,12,41,unknown,6.13207971,1,./eval/mnist_fc_growing/mnist-net_256x2.onnx_12_41_hist_2026-07-06_15-15-29.jld2,4.648497819900513,21.697666916967947
mnist-net_256x2.onnx,12,42,unknown,6.673789843,1,./eval/mnist_fc_growing/mnist-net_256x2.onnx_12_42_hist_2026-07-06_15-15-29.jld2,5.055816173553467,22.13799430809135
mnist-net_256x2.onnx,12,43,unknown,7.324203896,1,./eval/mnist_fc_growing/mnist-net_256x2.onnx_12_43_hist_2026-07-06_15-15-29.jld2,5.5454888343811035,23.12030071193884
mnist-net_256x2.onnx,12,44,unknown,7.929006539,1,./eval/mnist_fc_growing/mnist-net_256x2.onnx_12_44_hist_2026-07-06_15-15-29.jld2,6.038543939590454,24.704572637209512
mnist-net_256x2.onnx,12,45,unknown,8.612220828,1,./eval/mnist_fc_growing/mnist-net_256x2.onnx_12_45_hist_2026-07-06_15-15-29.jld2,6.565448999404907,25.49670224058279
mnist-net_256x2.onnx,12,46,unknown,9.385768924,1,./eval/mnist_fc_growing/mnist-net_256x2.onnx_12_46_hist_2026-07-06_15-15-29.jld2,7.16532301902771,25.75056395442079
mnist-net_256x2.onnx,12,47,unknown,10.204935894,1,./eval/mnist_fc_growing/mnist-net_256x2.onnx_12_47_hist_2026-07-06_15-15-29.jld2,7.80620813369751,25.991355331280637
mnist-net_256x2.onnx,12,48,unknown,11.426220101,1,./eval/mnist_fc_growing/mnist-net_256x2.onnx_12_48_hist_2026-07-06_15-15-29.jld2,8.76914095878601,26.598716163083864
mnist-net_256x2.onnx,12,49,unknown,12.227844049,1,./eval/mnist_fc_growing/mnist-net_256x2.onnx_12_49_hist_2026-07-06_15-15-29.jld2,9.103272914886475,27.76524693863332
mnist-net_256x2.onnx,12,50,unknown,13.246140327,1,./eval/mnist_fc_growing/mnist-net_256x2.onnx_12_50_hist_2026-07-06_15-15-29.jld2,9.935179948806763,28.493269785710577
mnist-net_256x2.onnx,13,1,unsat,0.039555847,1,./eval/mnist_fc_growing/mnist-net_256x2.onnx_13_1_hist_2026-07-06_15-15-29.jld2,0.014806032180786133,0.0
mnist-net_256x2.onnx,13,2,unsat,0.038883885,1,./eval/mnist_fc_growing/mnist-net_256x2.onnx_13_2_hist_2026-07-06_15-15-29.jld2,0.015995025634765625,0.0
mnist-net_256x2.onnx,13,3,unsat,0.045665329,1,./eval/mnist_fc_growing/mnist-net_256x2.onnx_13_3_hist_2026-07-06_15-15-29.jld2,0.016892194747924805,0.0
mnist-net_256x2.onnx,13,4,unsat,0.045550458,1,./eval/mnist_fc_growing/mnist-net_256x2.onnx_13_4_hist_2026-07-06_15-15-29.jld2,0.017611980438232422,0.0
mnist-net_256x2.onnx,13,5,unsat,0.050904058,1,./eval/mnist_fc_growing/mnist-net_256x2.onnx_13_5_hist_2026-07-06_15-15-29.jld2,0.01894402503967285,0.0
mnist-net_256x2.onnx,13,6,unsat,0.05474042,1,./eval/mnist_fc_growing/mnist-net_256x2.onnx_13_6_hist_2026-07-06_15-15-29.jld2,0.02068781852722168,0.0
mnist-net_256x2.onnx,13,7,unsat,0.063105658,1,./eval/mnist_fc_growing/mnist-net_256x2.onnx_13_7_hist_2026-07-06_15-15-29.jld2,0.022388935089111328,0.0
mnist-net_256x2.onnx,13,8,unsat,0.072639071,1,./eval/mnist_fc_growing/mnist-net_256x2.onnx_13_8_hist_2026-07-06_15-15-29.jld2,0.02556586265563965,0.0
mnist-net_256x2.onnx,13,9,unsat,0.095392008,1,./eval/mnist_fc_growing/mnist-net_256x2.onnx_13_9_hist_2026-07-06_15-15-29.jld2,0.04215407371520996,0.0
mnist-net_256x2.onnx,13,10,unknown,0.117301556,1,./eval/mnist_fc_growing/mnist-net_256x2.onnx_13_10_hist_2026-07-06_15-15-29.jld2,0.0542140007019043,2.0968703355546676
mnist-net_256x2.onnx,13,11,unknown,0.131836197,1,./eval/mnist_fc_growing/mnist-net_256x2.onnx_13_11_hist_2026-07-06_15-15-29.jld2,0.06318497657775879,8.148220056897307
mnist-net_256x2.onnx,13,12,unknown,0.153461098,1,./eval/mnist_fc_growing/mnist-net_256x2.onnx_13_12_hist_2026-07-06_15-15-29.jld2,0.0742180347442627,9.003667913591924
mnist-net_256x2.onnx,13,13,unknown,0.17800273,1,./eval/mnist_fc_growing/mnist-net_256x2.onnx_13_13_hist_2026-07-06_15-15-29.jld2,0.09015607833862305,8.798000598357328
mnist-net_256x2.onnx,13,14,unknown,0.216932867,1,./eval/mnist_fc_growing/mnist-net_256x2.onnx_13_14_hist_2026-07-06_15-15-29.jld2,0.11179399490356445,9.133216258279568
mnist-net_256x2.onnx,13,15,unknown,0.240049941,1,./eval/mnist_fc_growing/mnist-net_256x2.onnx_13_15_hist_2026-07-06_15-15-29.jld2,0.11837506294250488,10.659400964165512
mnist-net_256x2.onnx,13,16,unknown,0.284403667,1,./eval/mnist_fc_growing/mnist-net_256x2.onnx_13_16_hist_2026-07-06_15-15-29.jld2,0.1473691463470459,10.807192341353954
mnist-net_256x2.onnx,13,17,unknown,0.334021707,1,./eval/mnist_fc_growing/mnist-net_256x2.onnx_13_17_hist_2026-07-06_15-15-29.jld2,0.17844605445861816,10.925548248065734
mnist-net_256x2.onnx,13,18,unknown,0.377303281,1,./eval/mnist_fc_growing/mnist-net_256x2.onnx_13_18_hist_2026-07-06_15-15-29.jld2,0.21215105056762695,11.16625069257403
mnist-net_256x2.onnx,13,19,unknown,0.440909345,1,./eval/mnist_fc_growing/mnist-net_256x2.onnx_13_19_hist_2026-07-06_15-15-29.jld2,0.25705814361572266,11.388927039579047
mnist-net_256x2.onnx,13,20,unknown,0.509206434,1,./eval/mnist_fc_growing/mnist-net_256x2.onnx_13_20_hist_2026-07-06_15-15-29.jld2,0.30110907554626465,11.48352075469381
mnist-net_256x2.onnx,13,21,unknown,0.592833004,1,./eval/mnist_fc_growing/mnist-net_256x2.onnx_13_21_hist_2026-07-06_15-15-29.jld2,0.36251401901245117,11.124368463434879
mnist-net_256x2.onnx,13,22,unknown,0.68972448,1,./eval/mnist_fc_growing/mnist-net_256x2.onnx_13_22_hist_2026-07-06_15-15-29.jld2,0.43114495277404785,11.190244537959178
mnist-net_256x2.onnx,13,23,unknown,0.79274877,1,./eval/mnist_fc_growing/mnist-net_256x2.onnx_13_23_hist_2026-07-06_15-15-29.jld2,0.507282018661499,14.06119574646668
mnist-net_256x2.onnx,13,24,unknown,0.896769613,1,./eval/mnist_fc_growing/mnist-net_256x2.onnx_13_24_hist_2026-07-06_15-15-29.jld2,0.5804500579833984,9.99006976997021
mnist-net_256x2.onnx,13,25,unknown,1.024680505,1,./eval/mnist_fc_growing/mnist-net_256x2.onnx_13_25_hist_2026-07-06_15-15-29.jld2,0.6728360652923584,10.157247326564194
mnist-net_256x2.onnx,13,26,unknown,1.163303739,1,./eval/mnist_fc_growing/mnist-net_256x2.onnx_13_26_hist_2026-07-06_15-15-29.jld2,0.7710809707641602,10.588375432814926
mnist-net_256x2.onnx,13,27,unknown,1.326060435,1,./eval/mnist_fc_growing/mnist-net_256x2.onnx_13_27_hist_2026-07-06_15-15-29.jld2,0.8898739814758301,11.422854467185617
mnist-net_256x2.onnx,13,28,unknown,1.483847372,1,./eval/mnist_fc_growing/mnist-net_256x2.onnx_13_28_hist_2026-07-06_15-15-29.jld2,1.0101969242095947,11.709758250026141
mnist-net_256x2.onnx,13,29,unknown,1.690887532,1,./eval/mnist_fc_growing/mnist-net_256x2.onnx_13_29_hist_2026-07-06_15-15-29.jld2,1.1689929962158203,11.944832773256875
mnist-net_256x2.onnx,13,30,unknown,1.86858091,1,./eval/mnist_fc_growing/mnist-net_256x2.onnx_13_30_hist_2026-07-06_15-15-29.jld2,1.3010101318359375,12.177720510485806
mnist-net_256x2.onnx,13,31,unknown,2.108264359,1,./eval/mnist_fc_growing/mnist-net_256x2.onnx_13_31_hist_2026-07-06_15-15-29.jld2,1.4748458862304688,12.576542424789878
mnist-net_256x2.onnx,13,32,unknown,2.696677745,1,./eval/mnist_fc_growing/mnist-net_256x2.onnx_13_32_hist_2026-07-06_15-15-29.jld2,2.0297789573669434,12.924124171450169
mnist-net_256x2.onnx,13,33,unknown,2.946187403,1,./eval/mnist_fc_growing/mnist-net_256x2.onnx_13_33_hist_2026-07-06_15-15-29.jld2,2.219836950302124,13.228564757433059
mnist-net_256x2.onnx,13,34,unknown,3.216341758,1,./eval/mnist_fc_growing/mnist-net_256x2.onnx_13_34_hist_2026-07-06_15-15-29.jld2,2.429218053817749,13.61892252168489
mnist-net_256x2.onnx,13,35,unknown,3.553494371,1,./eval/mnist_fc_growing/mnist-net_256x2.onnx_13_35_hist_2026-07-06_15-15-29.jld2,2.6719141006469727,14.394405413419063
mnist-net_256x2.onnx,13,36,unknown,3.887181445,1,./eval/mnist_fc_growing/mnist-net_256x2.onnx_13_36_hist_2026-07-06_15-15-29.jld2,2.936697006225586,16.44163755007946
mnist-net_256x2.onnx,13,37,unknown,4.271330865,1,./eval/mnist_fc_growing/mnist-net_256x2.onnx_13_37_hist_2026-07-06_15-15-29.jld2,3.2386391162872314,22.455583485723974
mnist-net_256x2.onnx,13,38,unknown,4.693092839,1,./eval/mnist_fc_growing/mnist-net_256x2.onnx_13_38_hist_2026-07-06_15-15-29.jld2,3.55833101272583,25.373570740240034
mnist-net_256x2.onnx,13,39,unknown,5.156105063,1,./eval/mnist_fc_growing/mnist-net_256x2.onnx_13_39_hist_2026-07-06_15-15-29.jld2,3.892202854156494,26.166966073939008
mnist-net_256x2.onnx,13,40,unknown,5.675648455,1,./eval/mnist_fc_growing/mnist-net_256x2.onnx_13_40_hist_2026-07-06_15-15-29.jld2,4.274416208267212,26.870931111245724
mnist-net_256x2.onnx,13,41,unknown,6.170337306,1,./eval/mnist_fc_growing/mnist-net_256x2.onnx_13_41_hist_2026-07-06_15-15-29.jld2,4.6502649784088135,27.868252768671628
mnist-net_256x2.onnx,13,42,unknown,6.752045335,1,./eval/mnist_fc_growing/mnist-net_256x2.onnx_13_42_hist_2026-07-06_15-15-29.jld2,5.083694934844971,29.302184394408798
mnist-net_256x2.onnx,13,43,unknown,7.379013963,1,./eval/mnist_fc_growing/mnist-net_256x2.onnx_13_43_hist_2026-07-06_15-15-29.jld2,5.58246922492981,31.873543750435882
mnist-net_256x2.onnx,13,44,unknown,8.003850792,1,./eval/mnist_fc_growing/mnist-net_256x2.onnx_13_44_hist_2026-07-06_15-15-29.jld2,6.071717023849487,33.27395218380543
mnist-net_256x2.onnx,13,45,unknown,8.745047767,1,./eval/mnist_fc_growing/mnist-net_256x2.onnx_13_45_hist_2026-07-06_15-15-29.jld2,6.640993118286133,35.150303368892935
mnist-net_256x2.onnx,13,46,unknown,9.445298636,1,./eval/mnist_fc_growing/mnist-net_256x2.onnx_13_46_hist_2026-07-06_15-15-29.jld2,7.195067882537842,37.80048548414057
mnist-net_256x2.onnx,13,47,unknown,10.192947711,1,./eval/mnist_fc_growing/mnist-net_256x2.onnx_13_47_hist_2026-07-06_15-15-29.jld2,7.776581048965454,41.724871413158596
mnist-net_256x2.onnx,13,48,unknown,11.452474575,1,./eval/mnist_fc_growing/mnist-net_256x2.onnx_13_48_hist_2026-07-06_15-15-29.jld2,8.809219121932983,42.57360925740733
mnist-net_256x2.onnx,13,49,unknown,12.347378798,1,./eval/mnist_fc_growing/mnist-net_256x2.onnx_13_49_hist_2026-07-06_15-15-29.jld2,9.534794092178345,43.894324369434734
mnist-net_256x2.onnx,13,50,unknown,13.298334611,1,./eval/mnist_fc_growing/mnist-net_256x2.onnx_13_50_hist_2026-07-06_15-15-29.jld2,10.26370906829834,45.12258690380318
mnist-net_256x2.onnx,14,1,unsat,0.035694498,1,./eval/mnist_fc_growing/mnist-net_256x2.onnx_14_1_hist_2026-07-06_15-15-29.jld2,0.014252185821533203,0.0
mnist-net_256x2.onnx,14,2,unsat,0.03878392,1,./eval/mnist_fc_growing/mnist-net_256x2.onnx_14_2_hist_2026-07-06_15-15-29.jld2,0.0159759521484375,0.0
mnist-net_256x2.onnx,14,3,unsat,0.04382824,1,./eval/mnist_fc_growing/mnist-net_256x2.onnx_14_3_hist_2026-07-06_15-15-29.jld2,0.016865015029907227,0.0
mnist-net_256x2.onnx,14,4,unsat,0.04510616,1,./eval/mnist_fc_growing/mnist-net_256x2.onnx_14_4_hist_2026-07-06_15-15-29.jld2,0.01760697364807129,0.0
mnist-net_256x2.onnx,14,5,unsat,0.056819354,1,./eval/mnist_fc_growing/mnist-net_256x2.onnx_14_5_hist_2026-07-06_15-15-29.jld2,0.023560047149658203,0.0
mnist-net_256x2.onnx,14,6,unsat,0.064225712,1,./eval/mnist_fc_growing/mnist-net_256x2.onnx_14_6_hist_2026-07-06_15-15-29.jld2,0.027060985565185547,0.0
mnist-net_256x2.onnx,14,7,unsat,0.072658906,1,./eval/mnist_fc_growing/mnist-net_256x2.onnx_14_7_hist_2026-07-06_15-15-29.jld2,0.030920982360839844,0.0
mnist-net_256x2.onnx,14,8,unsat,0.083811993,1,./eval/mnist_fc_growing/mnist-net_256x2.onnx_14_8_hist_2026-07-06_15-15-29.jld2,0.035967111587524414,0.0
mnist-net_256x2.onnx,14,9,unsat,0.098206166,1,./eval/mnist_fc_growing/mnist-net_256x2.onnx_14_9_hist_2026-07-06_15-15-29.jld2,0.04291892051696777,0.0
mnist-net_256x2.onnx,14,10,unsat,0.119437797,1,./eval/mnist_fc_growing/mnist-net_256x2.onnx_14_10_hist_2026-07-06_15-15-29.jld2,0.05536985397338867,0.0
mnist-net_256x2.onnx,14,11,unsat,0.135828919,1,./eval/mnist_fc_growing/mnist-net_256x2.onnx_14_11_hist_2026-07-06_15-15-29.jld2,0.06491303443908691,0.0
mnist-net_256x2.onnx,14,12,unsat,0.155710109,1,./eval/mnist_fc_growing/mnist-net_256x2.onnx_14_12_hist_2026-07-06_15-15-29.jld2,0.07552599906921387,0.0
mnist-net_256x2.onnx,14,13,unsat,0.184129572,1,./eval/mnist_fc_growing/mnist-net_256x2.onnx_14_13_hist_2026-07-06_15-15-29.jld2,0.0917057991027832,0.0
mnist-net_256x2.onnx,14,14,unsat,0.215342079,1,./eval/mnist_fc_growing/mnist-net_256x2.onnx_14_14_hist_2026-07-06_15-15-29.jld2,0.11219096183776855,0.0
mnist-net_256x2.onnx,14,15,unsat,0.241390427,1,./eval/mnist_fc_growing/mnist-net_256x2.onnx_14_15_hist_2026-07-06_15-15-29.jld2,0.11867713928222656,0.0
mnist-net_256x2.onnx,14,16,unsat,0.280491893,1,./eval/mnist_fc_growing/mnist-net_256x2.onnx_14_16_hist_2026-07-06_15-15-29.jld2,0.14323115348815918,0.0
mnist-net_256x2.onnx,14,17,unsat,0.34717436,1,./eval/mnist_fc_growing/mnist-net_256x2.onnx_14_17_hist_2026-07-06_15-15-29.jld2,0.1818239688873291,0.0
mnist-net_256x2.onnx,14,18,unsat,0.374772954,1,./eval/mnist_fc_growing/mnist-net_256x2.onnx_14_18_hist_2026-07-06_15-15-29.jld2,0.2093958854675293,0.0
mnist-net_256x2.onnx,14,19,unsat,0.45914154,1,./eval/mnist_fc_growing/mnist-net_256x2.onnx_14_19_hist_2026-07-06_15-15-29.jld2,0.262113094329834,0.0
mnist-net_256x2.onnx,14,20,unsat,0.531357307,1,./eval/mnist_fc_growing/mnist-net_256x2.onnx_14_20_hist_2026-07-06_15-15-29.jld2,0.3078348636627197,0.0
mnist-net_256x2.onnx,14,21,unsat,0.618022391,1,./eval/mnist_fc_growing/mnist-net_256x2.onnx_14_21_hist_2026-07-06_15-15-29.jld2,0.36887502670288086,0.0
mnist-net_256x2.onnx,14,22,unsat,0.704131982,1,./eval/mnist_fc_growing/mnist-net_256x2.onnx_14_22_hist_2026-07-06_15-15-29.jld2,0.434812068939209,0.0
mnist-net_256x2.onnx,14,23,unsat,0.809301539,1,./eval/mnist_fc_growing/mnist-net_256x2.onnx_14_23_hist_2026-07-06_15-15-29.jld2,0.5113232135772705,0.0
mnist-net_256x2.onnx,14,24,unsat,0.915699204,1,./eval/mnist_fc_growing/mnist-net_256x2.onnx_14_24_hist_2026-07-06_15-15-29.jld2,0.585360050201416,0.0
mnist-net_256x2.onnx,14,25,unsat,1.035128782,1,./eval/mnist_fc_growing/mnist-net_256x2.onnx_14_25_hist_2026-07-06_15-15-29.jld2,0.675670862197876,0.0
mnist-net_256x2.onnx,14,26,unsat,1.178898157,1,./eval/mnist_fc_growing/mnist-net_256x2.onnx_14_26_hist_2026-07-06_15-15-29.jld2,0.7739388942718506,0.0
mnist-net_256x2.onnx,14,27,unsat,1.311288609,1,./eval/mnist_fc_growing/mnist-net_256x2.onnx_14_27_hist_2026-07-06_15-15-29.jld2,0.882932186126709,0.0
mnist-net_256x2.onnx,14,28,unsat,1.493120846,1,./eval/mnist_fc_growing/mnist-net_256x2.onnx_14_28_hist_2026-07-06_15-15-29.jld2,1.0076050758361816,0.0
mnist-net_256x2.onnx,14,29,unsat,1.664096715,1,./eval/mnist_fc_growing/mnist-net_256x2.onnx_14_29_hist_2026-07-06_15-15-29.jld2,1.147778034210205,0.0
mnist-net_256x2.onnx,14,30,unsat,1.873577412,1,./eval/mnist_fc_growing/mnist-net_256x2.onnx_14_30_hist_2026-07-06_15-15-29.jld2,1.3010520935058594,0.0
mnist-net_256x2.onnx,14,31,unsat,2.08031633,1,./eval/mnist_fc_growing/mnist-net_256x2.onnx_14_31_hist_2026-07-06_15-15-29.jld2,1.4708960056304932,0.0
mnist-net_256x2.onnx,14,32,unknown,2.701238587,1,./eval/mnist_fc_growing/mnist-net_256x2.onnx_14_32_hist_2026-07-06_15-15-29.jld2,2.0359370708465576,0.027444847835447716
mnist-net_256x2.onnx,14,33,unknown,2.937100489,1,./eval/mnist_fc_growing/mnist-net_256x2.onnx_14_33_hist_2026-07-06_15-15-29.jld2,2.215341091156006,0.14947271327491196
mnist-net_256x2.onnx,14,34,unknown,3.22440899,1,./eval/mnist_fc_growing/mnist-net_256x2.onnx_14_34_hist_2026-07-06_15-15-29.jld2,2.4305808544158936,0.3665831841740578
mnist-net_256x2.onnx,14,35,unknown,3.536116016,1,./eval/mnist_fc_growing/mnist-net_256x2.onnx_14_35_hist_2026-07-06_15-15-29.jld2,2.667699098587036,1.6523924416182894
mnist-net_256x2.onnx,14,36,unknown,3.932247098,1,./eval/mnist_fc_growing/mnist-net_256x2.onnx_14_36_hist_2026-07-06_15-15-29.jld2,2.9505770206451416,3.1266419779577124
mnist-net_256x2.onnx,14,37,unknown,4.260260987,1,./eval/mnist_fc_growing/mnist-net_256x2.onnx_14_37_hist_2026-07-06_15-15-29.jld2,3.236172914505005,3.6195900088555915
mnist-net_256x2.onnx,14,38,unknown,4.714676294,1,./eval/mnist_fc_growing/mnist-net_256x2.onnx_14_38_hist_2026-07-06_15-15-29.jld2,3.566061019897461,4.132366370451273
mnist-net_256x2.onnx,14,39,unknown,5.142993124,1,./eval/mnist_fc_growing/mnist-net_256x2.onnx_14_39_hist_2026-07-06_15-15-29.jld2,3.893834114074707,6.389529910596129
mnist-net_256x2.onnx,14,40,unknown,5.663601767,1,./eval/mnist_fc_growing/mnist-net_256x2.onnx_14_40_hist_2026-07-06_15-15-29.jld2,4.274068832397461,8.055718512570404
mnist-net_256x2.onnx,14,41,unknown,6.142717245,1,./eval/mnist_fc_growing/mnist-net_256x2.onnx_14_41_hist_2026-07-06_15-15-29.jld2,4.640955924987793,10.739923696788527
mnist-net_256x2.onnx,14,42,unknown,6.727143137,1,./eval/mnist_fc_growing/mnist-net_256x2.onnx_14_42_hist_2026-07-06_15-15-29.jld2,5.078502893447876,12.750477943379503
mnist-net_256x2.onnx,14,43,unknown,7.352676936,1,./eval/mnist_fc_growing/mnist-net_256x2.onnx_14_43_hist_2026-07-06_15-15-29.jld2,5.564789056777954,13.417385589008894
mnist-net_256x2.onnx,14,44,unknown,8.026178851,1,./eval/mnist_fc_growing/mnist-net_256x2.onnx_14_44_hist_2026-07-06_15-15-29.jld2,6.082503080368042,13.929238813905144
mnist-net_256x2.onnx,14,45,unknown,8.703201542,1,./eval/mnist_fc_growing/mnist-net_256x2.onnx_14_45_hist_2026-07-06_15-15-29.jld2,6.614317893981934,14.447774330269713
mnist-net_256x2.onnx,14,46,unknown,9.476215271,1,./eval/mnist_fc_growing/mnist-net_256x2.onnx_14_46_hist_2026-07-06_15-15-29.jld2,7.221139192581177,15.178379169844224
mnist-net_256x2.onnx,14,47,unknown,10.580190594,1,./eval/mnist_fc_growing/mnist-net_256x2.onnx_14_47_hist_2026-07-06_15-15-29.jld2,8.156418085098267,15.969183082730474
mnist-net_256x2.onnx,14,48,unknown,11.377387575,1,./eval/mnist_fc_growing/mnist-net_256x2.onnx_14_48_hist_2026-07-06_15-15-29.jld2,8.787365198135376,18.023198369784087
mnist-net_256x2.onnx,14,49,unknown,12.299448063,1,./eval/mnist_fc_growing/mnist-net_256x2.onnx_14_49_hist_2026-07-06_15-15-29.jld2,9.524363994598389,19.250877925777168
mnist-net_256x2.onnx,14,50,unknown,13.259549015,1,./eval/mnist_fc_growing/mnist-net_256x2.onnx_14_50_hist_2026-07-06_15-15-29.jld2,9.933773040771484,20.341035093110165
mnist-net_256x4.onnx,0,1,unsat,0.792345112,1,./eval/mnist_fc_growing/mnist-net_256x4.onnx_0_1_hist_2026-07-06_15-15-29.jld2,0.08338093757629395,0.0
mnist-net_256x4.onnx,0,2,unsat,0.120925331,1,./eval/mnist_fc_growing/mnist-net_256x4.onnx_0_2_hist_2026-07-06_15-15-29.jld2,0.05592203140258789,0.0
mnist-net_256x4.onnx,0,3,unsat,0.134092243,1,./eval/mnist_fc_growing/mnist-net_256x4.onnx_0_3_hist_2026-07-06_15-15-29.jld2,0.06061911582946777,0.0
mnist-net_256x4.onnx,0,4,unsat,0.150767123,1,./eval/mnist_fc_growing/mnist-net_256x4.onnx_0_4_hist_2026-07-06_15-15-29.jld2,0.06769394874572754,0.0
mnist-net_256x4.onnx,0,5,unsat,0.171063927,1,./eval/mnist_fc_growing/mnist-net_256x4.onnx_0_5_hist_2026-07-06_15-15-29.jld2,0.07355308532714844,0.0
mnist-net_256x4.onnx,0,6,unsat,0.196935943,1,./eval/mnist_fc_growing/mnist-net_256x4.onnx_0_6_hist_2026-07-06_15-15-29.jld2,0.08962082862854004,0.0
mnist-net_256x4.onnx,0,7,unsat,0.203994974,1,./eval/mnist_fc_growing/mnist-net_256x4.onnx_0_7_hist_2026-07-06_15-15-29.jld2,0.0880279541015625,0.0
mnist-net_256x4.onnx,0,8,unsat,0.233983081,1,./eval/mnist_fc_growing/mnist-net_256x4.onnx_0_8_hist_2026-07-06_15-15-29.jld2,0.09950399398803711,0.0
mnist-net_256x4.onnx,0,9,unsat,0.268418641,1,./eval/mnist_fc_growing/mnist-net_256x4.onnx_0_9_hist_2026-07-06_15-15-29.jld2,0.11435294151306152,0.0
mnist-net_256x4.onnx,0,10,unsat,0.314148202,1,./eval/mnist_fc_growing/mnist-net_256x4.onnx_0_10_hist_2026-07-06_15-15-29.jld2,0.1289200782775879,0.0
mnist-net_256x4.onnx,0,11,unsat,0.355330077,1,./eval/mnist_fc_growing/mnist-net_256x4.onnx_0_11_hist_2026-07-06_15-15-29.jld2,0.1436917781829834,0.0
mnist-net_256x4.onnx,0,12,unsat,0.41262968,1,./eval/mnist_fc_growing/mnist-net_256x4.onnx_0_12_hist_2026-07-06_15-15-29.jld2,0.1720130443572998,0.0
mnist-net_256x4.onnx,0,13,unsat,0.471508187,1,./eval/mnist_fc_growing/mnist-net_256x4.onnx_0_13_hist_2026-07-06_15-15-29.jld2,0.1992931365966797,0.0
mnist-net_256x4.onnx,0,14,unsat,0.54366724,1,./eval/mnist_fc_growing/mnist-net_256x4.onnx_0_14_hist_2026-07-06_15-15-29.jld2,0.2308349609375,0.0
mnist-net_256x4.onnx,0,15,unsat,0.627266943,1,./eval/mnist_fc_growing/mnist-net_256x4.onnx_0_15_hist_2026-07-06_15-15-29.jld2,0.2771918773651123,0.0
mnist-net_256x4.onnx,0,16,unsat,0.718949024,1,./eval/mnist_fc_growing/mnist-net_256x4.onnx_0_16_hist_2026-07-06_15-15-29.jld2,0.31983494758605957,0.0
mnist-net_256x4.onnx,0,17,unsat,0.845492287,1,./eval/mnist_fc_growing/mnist-net_256x4.onnx_0_17_hist_2026-07-06_15-15-29.jld2,0.3870542049407959,0.0
mnist-net_256x4.onnx,0,18,unsat,0.944970419,1,./eval/mnist_fc_growing/mnist-net_256x4.onnx_0_18_hist_2026-07-06_15-15-29.jld2,0.4445309638977051,0.0
mnist-net_256x4.onnx,0,19,unsat,1.079900856,1,./eval/mnist_fc_growing/mnist-net_256x4.onnx_0_19_hist_2026-07-06_15-15-29.jld2,0.5061078071594238,0.0
mnist-net_256x4.onnx,0,20,unsat,1.204785214,1,./eval/mnist_fc_growing/mnist-net_256x4.onnx_0_20_hist_2026-07-06_15-15-29.jld2,0.5785939693450928,0.0
mnist-net_256x4.onnx,0,21,unknown,1.44646693,1,./eval/mnist_fc_growing/mnist-net_256x4.onnx_0_21_hist_2026-07-06_15-15-29.jld2,0.7429020404815674,2.2900278025851564
mnist-net_256x4.onnx,0,22,unknown,1.517883344,1,./eval/mnist_fc_growing/mnist-net_256x4.onnx_0_22_hist_2026-07-06_15-15-29.jld2,0.7363021373748779,8.154721273560003
mnist-net_256x4.onnx,0,23,unknown,1.69889821,1,./eval/mnist_fc_growing/mnist-net_256x4.onnx_0_23_hist_2026-07-06_15-15-29.jld2,0.8319010734558105,62.085239878152066
mnist-net_256x4.onnx,0,24,unknown,2.251311548,1,./eval/mnist_fc_growing/mnist-net_256x4.onnx_0_24_hist_2026-07-06_15-15-29.jld2,1.2899689674377441,97.32732812844527
mnist-net_256x4.onnx,0,25,unknown,2.459464462,1,./eval/mnist_fc_growing/mnist-net_256x4.onnx_0_25_hist_2026-07-06_15-15-29.jld2,1.3959379196166992,117.4085849587863
mnist-net_256x4.onnx,0,26,unknown,2.701301423,1,./eval/mnist_fc_growing/mnist-net_256x4.onnx_0_26_hist_2026-07-06_15-15-29.jld2,1.528761863708496,119.28096484121387
mnist-net_256x4.onnx,0,27,unknown,2.993855706,1,./eval/mnist_fc_growing/mnist-net_256x4.onnx_0_27_hist_2026-07-06_15-15-29.jld2,1.6917591094970703,142.73224807900695
mnist-net_256x4.onnx,0,28,unknown,3.27495073,1,./eval/mnist_fc_growing/mnist-net_256x4.onnx_0_28_hist_2026-07-06_15-15-29.jld2,1.8467822074890137,176.2373126758666
mnist-net_256x4.onnx,0,29,unknown,3.575686857,1,./eval/mnist_fc_growing/mnist-net_256x4.onnx_0_29_hist_2026-07-06_15-15-29.jld2,2.0225820541381836,217.2049886572515
mnist-net_256x4.onnx,0,30,unknown,3.949615059,1,./eval/mnist_fc_growing/mnist-net_256x4.onnx_0_30_hist_2026-07-06_15-15-29.jld2,2.250363826751709,300.90665400871126
mnist-net_256x4.onnx,0,31,unknown,4.310027605,1,./eval/mnist_fc_growing/mnist-net_256x4.onnx_0_31_hist_2026-07-06_15-15-29.jld2,2.4442710876464844,339.3247257389886
mnist-net_256x4.onnx,0,32,unknown,4.761772403,1,./eval/mnist_fc_growing/mnist-net_256x4.onnx_0_32_hist_2026-07-06_15-15-29.jld2,2.7167789936065674,439.6567225113076
mnist-net_256x4.onnx,0,33,unknown,5.085506419,1,./eval/mnist_fc_growing/mnist-net_256x4.onnx_0_33_hist_2026-07-06_15-15-29.jld2,2.916594982147217,514.0984399644547
mnist-net_256x4.onnx,0,34,unknown,5.899340874,1,./eval/mnist_fc_growing/mnist-net_256x4.onnx_0_34_hist_2026-07-06_15-15-29.jld2,3.187407970428467,632.7178423849931
mnist-net_256x4.onnx,0,35,unknown,6.45071246,1,./eval/mnist_fc_growing/mnist-net_256x4.onnx_0_35_hist_2026-07-06_15-15-29.jld2,3.511085033416748,384.2024777561081
mnist-net_256x4.onnx,0,36,unknown,6.95378718,1,./eval/mnist_fc_growing/mnist-net_256x4.onnx_0_36_hist_2026-07-06_15-15-29.jld2,3.7824277877807617,724.1372643168432
mnist-net_256x4.onnx,0,37,unknown,7.515836665,1,./eval/mnist_fc_growing/mnist-net_256x4.onnx_0_37_hist_2026-07-06_15-15-29.jld2,4.135854005813599,982.1980498285358
mnist-net_256x4.onnx,0,38,unknown,8.224994334,1,./eval/mnist_fc_growing/mnist-net_256x4.onnx_0_38_hist_2026-07-06_15-15-29.jld2,4.516045093536377,1576.8928066141475
mnist-net_256x4.onnx,0,39,unknown,9.018299867,1,./eval/mnist_fc_growing/mnist-net_256x4.onnx_0_39_hist_2026-07-06_15-15-29.jld2,4.957093000411987,2951.3976235603855
mnist-net_256x4.onnx,0,40,unknown,9.86551413,1,./eval/mnist_fc_growing/mnist-net_256x4.onnx_0_40_hist_2026-07-06_15-15-29.jld2,5.44815993309021,3320.1105825154464
mnist-net_256x4.onnx,0,41,unknown,10.692751092,1,./eval/mnist_fc_growing/mnist-net_256x4.onnx_0_41_hist_2026-07-06_15-15-29.jld2,5.897215127944946,3634.495644022978
mnist-net_256x4.onnx,0,42,unknown,11.624886801,1,./eval/mnist_fc_growing/mnist-net_256x4.onnx_0_42_hist_2026-07-06_15-15-29.jld2,6.458143949508667,4033.8432145331935
mnist-net_256x4.onnx,0,43,unknown,12.616931354,1,./eval/mnist_fc_growing/mnist-net_256x4.onnx_0_43_hist_2026-07-06_15-15-29.jld2,6.996186971664429,3730.8468739843393
mnist-net_256x4.onnx,0,44,unknown,13.597908683,1,./eval/mnist_fc_growing/mnist-net_256x4.onnx_0_44_hist_2026-07-06_15-15-29.jld2,7.591665983200073,3953.997077446648
mnist-net_256x4.onnx,0,45,unknown,15.112875987,1,./eval/mnist_fc_growing/mnist-net_256x4.onnx_0_45_hist_2026-07-06_15-15-29.jld2,8.618029117584229,4581.595905371131
mnist-net_256x4.onnx,0,46,unknown,16.227732946,1,./eval/mnist_fc_growing/mnist-net_256x4.onnx_0_46_hist_2026-07-06_15-15-29.jld2,9.309913873672485,4831.975596074628
mnist-net_256x4.onnx,0,47,unknown,17.446892636,1,./eval/mnist_fc_growing/mnist-net_256x4.onnx_0_47_hist_2026-07-06_15-15-29.jld2,10.022071123123169,5062.241141413972
mnist-net_256x4.onnx,0,48,unknown,18.873807084,1,./eval/mnist_fc_growing/mnist-net_256x4.onnx_0_48_hist_2026-07-06_15-15-29.jld2,10.87820291519165,4957.741315822256
mnist-net_256x4.onnx,0,49,unknown,20.186514678,1,./eval/mnist_fc_growing/mnist-net_256x4.onnx_0_49_hist_2026-07-06_15-15-29.jld2,11.70550799369812,5128.300563312084
mnist-net_256x4.onnx,0,50,unknown,21.810250228,1,./eval/mnist_fc_growing/mnist-net_256x4.onnx_0_50_hist_2026-07-06_15-15-29.jld2,12.533518075942993,5568.389230818515
mnist-net_256x4.onnx,1,1,unsat,0.112955596,1,./eval/mnist_fc_growing/mnist-net_256x4.onnx_1_1_hist_2026-07-06_15-15-29.jld2,0.05274701118469238,0.0
mnist-net_256x4.onnx,1,2,unknown,0.121305868,1,./eval/mnist_fc_growing/mnist-net_256x4.onnx_1_2_hist_2026-07-06_15-15-29.jld2,0.05556917190551758,6.479437370162801
mnist-net_256x4.onnx,1,3,unknown,0.134935952,1,./eval/mnist_fc_growing/mnist-net_256x4.onnx_1_3_hist_2026-07-06_15-15-29.jld2,0.06096982955932617,18.445327648751732
mnist-net_256x4.onnx,1,4,unknown,0.151623393,1,./eval/mnist_fc_growing/mnist-net_256x4.onnx_1_4_hist_2026-07-06_15-15-29.jld2,0.0679481029510498,40.30973336596049
mnist-net_256x4.onnx,1,5,unknown,0.171762962,1,./eval/mnist_fc_growing/mnist-net_256x4.onnx_1_5_hist_2026-07-06_15-15-29.jld2,0.07419276237487793,52.80903063367806
mnist-net_256x4.onnx,1,6,unknown,0.197380195,1,./eval/mnist_fc_growing/mnist-net_256x4.onnx_1_6_hist_2026-07-06_15-15-29.jld2,0.08949422836303711,72.54726286559611
mnist-net_256x4.onnx,1,7,unknown,0.204492285,1,./eval/mnist_fc_growing/mnist-net_256x4.onnx_1_7_hist_2026-07-06_15-15-29.jld2,0.08827900886535645,80.93011560516425
mnist-net_256x4.onnx,1,8,unknown,0.236867998,1,./eval/mnist_fc_growing/mnist-net_256x4.onnx_1_8_hist_2026-07-06_15-15-29.jld2,0.09984302520751953,135.9297848919002
mnist-net_256x4.onnx,1,9,unknown,0.267795272,1,./eval/mnist_fc_growing/mnist-net_256x4.onnx_1_9_hist_2026-07-06_15-15-29.jld2,0.11388111114501953,220.52295609745954
mnist-net_256x4.onnx,1,10,unknown,0.315327682,1,./eval/mnist_fc_growing/mnist-net_256x4.onnx_1_10_hist_2026-07-06_15-15-29.jld2,0.1273970603942871,274.78973566799374
mnist-net_256x4.onnx,1,11,unknown,0.365684512,1,./eval/mnist_fc_growing/mnist-net_256x4.onnx_1_11_hist_2026-07-06_15-15-29.jld2,0.1492900848388672,94.30224619589049
mnist-net_256x4.onnx,1,12,unknown,0.416748448,1,./eval/mnist_fc_growing/mnist-net_256x4.onnx_1_12_hist_2026-07-06_15-15-29.jld2,0.1762099266052246,139.30722481762473
mnist-net_256x4.onnx,1,13,unknown,0.470709653,1,./eval/mnist_fc_growing/mnist-net_256x4.onnx_1_13_hist_2026-07-06_15-15-29.jld2,0.1986069679260254,140.42826457377953
mnist-net_256x4.onnx,1,14,unknown,0.545352625,1,./eval/mnist_fc_growing/mnist-net_256x4.onnx_1_14_hist_2026-07-06_15-15-29.jld2,0.23138117790222168,231.76750431402365
mnist-net_256x4.onnx,1,15,unknown,0.630354642,1,./eval/mnist_fc_growing/mnist-net_256x4.onnx_1_15_hist_2026-07-06_15-15-29.jld2,0.2785060405731201,291.06349538184844
mnist-net_256x4.onnx,1,16,unknown,0.729613749,1,./eval/mnist_fc_growing/mnist-net_256x4.onnx_1_16_hist_2026-07-06_15-15-29.jld2,0.32975316047668457,455.12243507056394
mnist-net_256x4.onnx,1,17,unknown,0.85255653,1,./eval/mnist_fc_growing/mnist-net_256x4.onnx_1_17_hist_2026-07-06_15-15-29.jld2,0.3913700580596924,453.65465895068854
mnist-net_256x4.onnx,1,18,unknown,0.949001026,1,./eval/mnist_fc_growing/mnist-net_256x4.onnx_1_18_hist_2026-07-06_15-15-29.jld2,0.44399499893188477,479.8460922182474
mnist-net_256x4.onnx,1,19,unknown,1.116028259,1,./eval/mnist_fc_growing/mnist-net_256x4.onnx_1_19_hist_2026-07-06_15-15-29.jld2,0.5144410133361816,651.9066787081257
mnist-net_256x4.onnx,1,20,unknown,1.212482494,1,./eval/mnist_fc_growing/mnist-net_256x4.onnx_1_20_hist_2026-07-06_15-15-29.jld2,0.5823431015014648,768.5358704660026
mnist-net_256x4.onnx,1,21,unknown,1.367618282,1,./eval/mnist_fc_growing/mnist-net_256x4.onnx_1_21_hist_2026-07-06_15-15-29.jld2,0.66461181640625,831.9752737394647
mnist-net_256x4.onnx,1,22,unknown,1.528949743,1,./eval/mnist_fc_growing/mnist-net_256x4.onnx_1_22_hist_2026-07-06_15-15-29.jld2,0.7454500198364258,891.1512178015579
mnist-net_256x4.onnx,1,23,unknown,1.725082139,1,./eval/mnist_fc_growing/mnist-net_256x4.onnx_1_23_hist_2026-07-06_15-15-29.jld2,0.8503680229187012,986.9029588929424
mnist-net_256x4.onnx,1,24,unknown,2.265514556,1,./eval/mnist_fc_growing/mnist-net_256x4.onnx_1_24_hist_2026-07-06_15-15-29.jld2,1.298969030380249,1009.8140452890738
mnist-net_256x4.onnx,1,25,unknown,2.481627692,1,./eval/mnist_fc_growing/mnist-net_256x4.onnx_1_25_hist_2026-07-06_15-15-29.jld2,1.4085421562194824,1085.7640643662273
mnist-net_256x4.onnx,1,26,unknown,2.714299031,1,./eval/mnist_fc_growing/mnist-net_256x4.onnx_1_26_hist_2026-07-06_15-15-29.jld2,1.538891077041626,1310.7138407321513
mnist-net_256x4.onnx,1,27,unknown,2.971832421,1,./eval/mnist_fc_growing/mnist-net_256x4.onnx_1_27_hist_2026-07-06_15-15-29.jld2,1.675218105316162,1320.388768875323
mnist-net_256x4.onnx,1,28,unknown,3.33762857,1,./eval/mnist_fc_growing/mnist-net_256x4.onnx_1_28_hist_2026-07-06_15-15-29.jld2,1.8590130805969238,1828.3323424473979
mnist-net_256x4.onnx,1,29,unknown,3.570203858,1,./eval/mnist_fc_growing/mnist-net_256x4.onnx_1_29_hist_2026-07-06_15-15-29.jld2,2.014173984527588,1770.0097580759448
mnist-net_256x4.onnx,1,30,unknown,3.929191926,1,./eval/mnist_fc_growing/mnist-net_256x4.onnx_1_30_hist_2026-07-06_15-15-29.jld2,2.241384983062744,2147.1480575316054
mnist-net_256x4.onnx,1,31,unknown,4.293526543,1,./eval/mnist_fc_growing/mnist-net_256x4.onnx_1_31_hist_2026-07-06_15-15-29.jld2,2.430546998977661,2165.417551164911
mnist-net_256x4.onnx,1,32,unknown,4.672664705,1,./eval/mnist_fc_growing/mnist-net_256x4.onnx_1_32_hist_2026-07-06_15-15-29.jld2,2.6593518257141113,2346.5428814554557
mnist-net_256x4.onnx,1,33,unknown,5.09490068,1,./eval/mnist_fc_growing/mnist-net_256x4.onnx_1_33_hist_2026-07-06_15-15-29.jld2,2.918926954269409,2543.6542809226935
mnist-net_256x4.onnx,1,34,unknown,5.899374161,1,./eval/mnist_fc_growing/mnist-net_256x4.onnx_1_34_hist_2026-07-06_15-15-29.jld2,3.1817619800567627,2871.624473764144
mnist-net_256x4.onnx,1,35,unknown,6.502487838,1,./eval/mnist_fc_growing/mnist-net_256x4.onnx_1_35_hist_2026-07-06_15-15-29.jld2,3.568960189819336,2896.931769289567
mnist-net_256x4.onnx,1,36,unknown,6.924734516,1,./eval/mnist_fc_growing/mnist-net_256x4.onnx_1_36_hist_2026-07-06_15-15-29.jld2,3.795783042907715,3028.679026529273
mnist-net_256x4.onnx,1,37,unknown,7.566321708,1,./eval/mnist_fc_growing/mnist-net_256x4.onnx_1_37_hist_2026-07-06_15-15-29.jld2,4.151632070541382,3464.622369866422
mnist-net_256x4.onnx,1,38,unknown,8.266347294,1,./eval/mnist_fc_growing/mnist-net_256x4.onnx_1_38_hist_2026-07-06_15-15-29.jld2,4.5590009689331055,4053.5562648224436
mnist-net_256x4.onnx,1,39,unknown,8.991123899,1,./eval/mnist_fc_growing/mnist-net_256x4.onnx_1_39_hist_2026-07-06_15-15-29.jld2,4.944445848464966,4360.638528101955
mnist-net_256x4.onnx,1,40,unknown,9.867957489,1,./eval/mnist_fc_growing/mnist-net_256x4.onnx_1_40_hist_2026-07-06_15-15-29.jld2,5.445592880249023,4287.716638909681
mnist-net_256x4.onnx,1,41,unknown,10.729669413,1,./eval/mnist_fc_growing/mnist-net_256x4.onnx_1_41_hist_2026-07-06_15-15-29.jld2,5.92505407333374,4415.856101811654
mnist-net_256x4.onnx,1,42,unknown,11.646385602,1,./eval/mnist_fc_growing/mnist-net_256x4.onnx_1_42_hist_2026-07-06_15-15-29.jld2,6.4493889808654785,4498.2652514446545
mnist-net_256x4.onnx,1,43,unknown,12.550901248,1,./eval/mnist_fc_growing/mnist-net_256x4.onnx_1_43_hist_2026-07-06_15-15-29.jld2,6.969643831253052,4507.157798047578
mnist-net_256x4.onnx,1,44,unknown,13.557442847,1,./eval/mnist_fc_growing/mnist-net_256x4.onnx_1_44_hist_2026-07-06_15-15-29.jld2,7.559964179992676,4491.499640966562
mnist-net_256x4.onnx,1,45,unknown,15.041688424,1,./eval/mnist_fc_growing/mnist-net_256x4.onnx_1_45_hist_2026-07-06_15-15-29.jld2,8.57600998878479,4608.289008052978
mnist-net_256x4.onnx,1,46,unknown,16.224731744,1,./eval/mnist_fc_growing/mnist-net_256x4.onnx_1_46_hist_2026-07-06_15-15-29.jld2,9.2847740650177,4602.316877125844
mnist-net_256x4.onnx,1,47,unknown,17.519568491,1,./eval/mnist_fc_growing/mnist-net_256x4.onnx_1_47_hist_2026-07-06_15-15-29.jld2,10.060529947280884,4943.472507784726
mnist-net_256x4.onnx,1,48,unknown,18.85289484,1,./eval/mnist_fc_growing/mnist-net_256x4.onnx_1_48_hist_2026-07-06_15-15-29.jld2,10.5401291847229,5170.963277713627
mnist-net_256x4.onnx,1,49,unknown,20.234590718,1,./eval/mnist_fc_growing/mnist-net_256x4.onnx_1_49_hist_2026-07-06_15-15-29.jld2,11.748080015182495,5342.323740368169
mnist-net_256x4.onnx,1,50,unknown,21.952511444,1,./eval/mnist_fc_growing/mnist-net_256x4.onnx_1_50_hist_2026-07-06_15-15-29.jld2,12.933336019515991,5578.272312587233
mnist-net_256x4.onnx,2,1,unsat,0.110990209,1,./eval/mnist_fc_growing/mnist-net_256x4.onnx_2_1_hist_2026-07-06_15-15-29.jld2,0.05253100395202637,0.0
mnist-net_256x4.onnx,2,2,unsat,0.12087365,1,./eval/mnist_fc_growing/mnist-net_256x4.onnx_2_2_hist_2026-07-06_15-15-29.jld2,0.0557861328125,0.0
mnist-net_256x4.onnx,2,3,unsat,0.135410086,1,./eval/mnist_fc_growing/mnist-net_256x4.onnx_2_3_hist_2026-07-06_15-15-29.jld2,0.061174869537353516,0.0
mnist-net_256x4.onnx,2,4,unsat,0.152052424,1,./eval/mnist_fc_growing/mnist-net_256x4.onnx_2_4_hist_2026-07-06_15-15-29.jld2,0.06798696517944336,0.0
mnist-net_256x4.onnx,2,5,unsat,0.170851244,1,./eval/mnist_fc_growing/mnist-net_256x4.onnx_2_5_hist_2026-07-06_15-15-29.jld2,0.07334208488464355,0.0
mnist-net_256x4.onnx,2,6,unsat,0.197347519,1,./eval/mnist_fc_growing/mnist-net_256x4.onnx_2_6_hist_2026-07-06_15-15-29.jld2,0.08948516845703125,0.0
mnist-net_256x4.onnx,2,7,unsat,0.204180603,1,./eval/mnist_fc_growing/mnist-net_256x4.onnx_2_7_hist_2026-07-06_15-15-29.jld2,0.08785104751586914,0.0
mnist-net_256x4.onnx,2,8,unsat,0.23475859,1,./eval/mnist_fc_growing/mnist-net_256x4.onnx_2_8_hist_2026-07-06_15-15-29.jld2,0.09949111938476562,0.0
mnist-net_256x4.onnx,2,9,unsat,0.269702694,1,./eval/mnist_fc_growing/mnist-net_256x4.onnx_2_9_hist_2026-07-06_15-15-29.jld2,0.11412787437438965,0.0
mnist-net_256x4.onnx,2,10,unsat,0.312798057,1,./eval/mnist_fc_growing/mnist-net_256x4.onnx_2_10_hist_2026-07-06_15-15-29.jld2,0.1274430751800537,0.0
mnist-net_256x4.onnx,2,11,unsat,0.355497544,1,./eval/mnist_fc_growing/mnist-net_256x4.onnx_2_11_hist_2026-07-06_15-15-29.jld2,0.14375996589660645,0.0
mnist-net_256x4.onnx,2,12,unsat,0.412946472,1,./eval/mnist_fc_growing/mnist-net_256x4.onnx_2_12_hist_2026-07-06_15-15-29.jld2,0.17169404029846191,0.0
mnist-net_256x4.onnx,2,13,unsat,0.471964071,1,./eval/mnist_fc_growing/mnist-net_256x4.onnx_2_13_hist_2026-07-06_15-15-29.jld2,0.19932198524475098,0.0
mnist-net_256x4.onnx,2,14,unsat,0.546677992,1,./eval/mnist_fc_growing/mnist-net_256x4.onnx_2_14_hist_2026-07-06_15-15-29.jld2,0.23154997825622559,0.0
mnist-net_256x4.onnx,2,15,unsat,0.625896862,1,./eval/mnist_fc_growing/mnist-net_256x4.onnx_2_15_hist_2026-07-06_15-15-29.jld2,0.27454185485839844,0.0
mnist-net_256x4.onnx,2,16,unsat,0.720901553,1,./eval/mnist_fc_growing/mnist-net_256x4.onnx_2_16_hist_2026-07-06_15-15-29.jld2,0.3215291500091553,0.0
mnist-net_256x4.onnx,2,17,unknown,0.847257711,1,./eval/mnist_fc_growing/mnist-net_256x4.onnx_2_17_hist_2026-07-06_15-15-29.jld2,0.38695788383483887,44.43246658496229
mnist-net_256x4.onnx,2,18,unknown,0.960070479,1,./eval/mnist_fc_growing/mnist-net_256x4.onnx_2_18_hist_2026-07-06_15-15-29.jld2,0.4619100093841553,69.65704925769167
mnist-net_256x4.onnx,2,19,unknown,1.06368653,1,./eval/mnist_fc_growing/mnist-net_256x4.onnx_2_19_hist_2026-07-06_15-15-29.jld2,0.5013620853424072,110.30016894272993
mnist-net_256x4.onnx,2,20,unknown,1.203095372,1,./eval/mnist_fc_growing/mnist-net_256x4.onnx_2_20_hist_2026-07-06_15-15-29.jld2,0.5777308940887451,157.75851369104095
mnist-net_256x4.onnx,2,21,unknown,1.36290765,1,./eval/mnist_fc_growing/mnist-net_256x4.onnx_2_21_hist_2026-07-06_15-15-29.jld2,0.6588301658630371,235.39798794069773
mnist-net_256x4.onnx,2,22,unknown,1.527989824,1,./eval/mnist_fc_growing/mnist-net_256x4.onnx_2_22_hist_2026-07-06_15-15-29.jld2,0.7391259670257568,287.7536579498587
mnist-net_256x4.onnx,2,23,unknown,1.704822121,1,./eval/mnist_fc_growing/mnist-net_256x4.onnx_2_23_hist_2026-07-06_15-15-29.jld2,0.8341479301452637,335.0767687787508
mnist-net_256x4.onnx,2,24,unknown,2.263589425,1,./eval/mnist_fc_growing/mnist-net_256x4.onnx_2_24_hist_2026-07-06_15-15-29.jld2,1.296618938446045,369.5723457385878
mnist-net_256x4.onnx,2,25,unknown,2.48425267,1,./eval/mnist_fc_growing/mnist-net_256x4.onnx_2_25_hist_2026-07-06_15-15-29.jld2,1.4148719310760498,242.1624375305504
mnist-net_256x4.onnx,2,26,unknown,2.716810767,1,./eval/mnist_fc_growing/mnist-net_256x4.onnx_2_26_hist_2026-07-06_15-15-29.jld2,1.5387039184570312,295.6218219271902
mnist-net_256x4.onnx,2,27,unknown,3.021611128,1,./eval/mnist_fc_growing/mnist-net_256x4.onnx_2_27_hist_2026-07-06_15-15-29.jld2,1.6767091751098633,417.15330749419024
mnist-net_256x4.onnx,2,28,unknown,3.280624034,1,./eval/mnist_fc_growing/mnist-net_256x4.onnx_2_28_hist_2026-07-06_15-15-29.jld2,1.8494579792022705,651.7340800067603
mnist-net_256x4.onnx,2,29,unknown,3.572069785,1,./eval/mnist_fc_growing/mnist-net_256x4.onnx_2_29_hist_2026-07-06_15-15-29.jld2,2.0083460807800293,968.7815157185433
mnist-net_256x4.onnx,2,30,unknown,3.927638885,1,./eval/mnist_fc_growing/mnist-net_256x4.onnx_2_30_hist_2026-07-06_15-15-29.jld2,2.237205982208252,1257.3831994569755
mnist-net_256x4.onnx,2,31,unknown,4.281706857,1,./eval/mnist_fc_growing/mnist-net_256x4.onnx_2_31_hist_2026-07-06_15-15-29.jld2,2.430593967437744,1370.1795607738065
mnist-net_256x4.onnx,2,32,unknown,4.663635222,1,./eval/mnist_fc_growing/mnist-net_256x4.onnx_2_32_hist_2026-07-06_15-15-29.jld2,2.667414903640747,1513.824651026939
mnist-net_256x4.onnx,2,33,unknown,5.069186925,1,./eval/mnist_fc_growing/mnist-net_256x4.onnx_2_33_hist_2026-07-06_15-15-29.jld2,2.9049630165100098,1638.8511061133975
mnist-net_256x4.onnx,2,34,unknown,5.865398814,1,./eval/mnist_fc_growing/mnist-net_256x4.onnx_2_34_hist_2026-07-06_15-15-29.jld2,3.170254945755005,1775.3966570654081
mnist-net_256x4.onnx,2,35,unknown,6.423641467,1,./eval/mnist_fc_growing/mnist-net_256x4.onnx_2_35_hist_2026-07-06_15-15-29.jld2,3.489879846572876,1638.4440264829789
mnist-net_256x4.onnx,2,36,unknown,6.993010508,1,./eval/mnist_fc_growing/mnist-net_256x4.onnx_2_36_hist_2026-07-06_15-15-29.jld2,3.8675918579101562,1842.7566948681851
mnist-net_256x4.onnx,2,37,unknown,7.574302175,1,./eval/mnist_fc_growing/mnist-net_256x4.onnx_2_37_hist_2026-07-06_15-15-29.jld2,4.162290096282959,2091.255326281727
mnist-net_256x4.onnx,2,38,unknown,8.276738118,1,./eval/mnist_fc_growing/mnist-net_256x4.onnx_2_38_hist_2026-07-06_15-15-29.jld2,4.5293519496917725,2563.187842442864
mnist-net_256x4.onnx,2,39,unknown,9.014670258,1,./eval/mnist_fc_growing/mnist-net_256x4.onnx_2_39_hist_2026-07-06_15-15-29.jld2,4.956539869308472,3095.078768201183
mnist-net_256x4.onnx,2,40,unknown,9.819319787,1,./eval/mnist_fc_growing/mnist-net_256x4.onnx_2_40_hist_2026-07-06_15-15-29.jld2,5.402984142303467,3635.0065046994187
mnist-net_256x4.onnx,2,41,unknown,10.648091677,1,./eval/mnist_fc_growing/mnist-net_256x4.onnx_2_41_hist_2026-07-06_15-15-29.jld2,5.891853094100952,4412.228375354462
mnist-net_256x4.onnx,2,42,unknown,11.597441596,1,./eval/mnist_fc_growing/mnist-net_256x4.onnx_2_42_hist_2026-07-06_15-15-29.jld2,6.430427074432373,4590.973011137779
mnist-net_256x4.onnx,2,43,unknown,12.561805931,1,./eval/mnist_fc_growing/mnist-net_256x4.onnx_2_43_hist_2026-07-06_15-15-29.jld2,6.9755988121032715,4771.940888939503
mnist-net_256x4.onnx,2,44,unknown,13.914238235,1,./eval/mnist_fc_growing/mnist-net_256x4.onnx_2_44_hist_2026-07-06_15-15-29.jld2,7.92593789100647,4912.645802493815
mnist-net_256x4.onnx,2,45,unknown,15.000417561,1,./eval/mnist_fc_growing/mnist-net_256x4.onnx_2_45_hist_2026-07-06_15-15-29.jld2,8.546820878982544,4683.572616202956
mnist-net_256x4.onnx,2,46,unknown,16.121158564,1,./eval/mnist_fc_growing/mnist-net_256x4.onnx_2_46_hist_2026-07-06_15-15-29.jld2,9.24507212638855,4845.388344328138
mnist-net_256x4.onnx,2,47,unknown,17.415438679,1,./eval/mnist_fc_growing/mnist-net_256x4.onnx_2_47_hist_2026-07-06_15-15-29.jld2,9.996864795684814,5076.840724397361
mnist-net_256x4.onnx,2,48,unknown,18.748093166,1,./eval/mnist_fc_growing/mnist-net_256x4.onnx_2_48_hist_2026-07-06_15-15-29.jld2,10.460256099700928,5770.259698988262
mnist-net_256x4.onnx,2,49,unknown,20.116934,1,./eval/mnist_fc_growing/mnist-net_256x4.onnx_2_49_hist_2026-07-06_15-15-29.jld2,11.307151079177856,6037.854084982722
mnist-net_256x4.onnx,2,50,unknown,21.912522352,1,./eval/mnist_fc_growing/mnist-net_256x4.onnx_2_50_hist_2026-07-06_15-15-29.jld2,12.589886903762817,6487.887147825169
mnist-net_256x4.onnx,3,1,unsat,0.108624982,1,./eval/mnist_fc_growing/mnist-net_256x4.onnx_3_1_hist_2026-07-06_15-15-29.jld2,0.05256009101867676,0.0
mnist-net_256x4.onnx,3,2,unsat,0.120347672,1,./eval/mnist_fc_growing/mnist-net_256x4.onnx_3_2_hist_2026-07-06_15-15-29.jld2,0.05568194389343262,0.0
mnist-net_256x4.onnx,3,3,unsat,0.135456021,1,./eval/mnist_fc_growing/mnist-net_256x4.onnx_3_3_hist_2026-07-06_15-15-29.jld2,0.061090946197509766,0.0
mnist-net_256x4.onnx,3,4,unsat,0.151053136,1,./eval/mnist_fc_growing/mnist-net_256x4.onnx_3_4_hist_2026-07-06_15-15-29.jld2,0.0678861141204834,0.0
mnist-net_256x4.onnx,3,5,unsat,0.170638184,1,./eval/mnist_fc_growing/mnist-net_256x4.onnx_3_5_hist_2026-07-06_15-15-29.jld2,0.07329487800598145,0.0
mnist-net_256x4.onnx,3,6,unsat,0.198059321,1,./eval/mnist_fc_growing/mnist-net_256x4.onnx_3_6_hist_2026-07-06_15-15-29.jld2,0.09030580520629883,0.0
mnist-net_256x4.onnx,3,7,unsat,0.20376805,1,./eval/mnist_fc_growing/mnist-net_256x4.onnx_3_7_hist_2026-07-06_15-15-29.jld2,0.0877680778503418,0.0
mnist-net_256x4.onnx,3,8,unsat,0.235163382,1,./eval/mnist_fc_growing/mnist-net_256x4.onnx_3_8_hist_2026-07-06_15-15-29.jld2,0.09968400001525879,0.0
mnist-net_256x4.onnx,3,9,unsat,0.268259207,1,./eval/mnist_fc_growing/mnist-net_256x4.onnx_3_9_hist_2026-07-06_15-15-29.jld2,0.11369609832763672,0.0
mnist-net_256x4.onnx,3,10,unsat,0.314017621,1,./eval/mnist_fc_growing/mnist-net_256x4.onnx_3_10_hist_2026-07-06_15-15-29.jld2,0.1272749900817871,0.0
mnist-net_256x4.onnx,3,11,unsat,0.355921133,1,./eval/mnist_fc_growing/mnist-net_256x4.onnx_3_11_hist_2026-07-06_15-15-29.jld2,0.14326786994934082,0.0
mnist-net_256x4.onnx,3,12,unsat,0.421414409,1,./eval/mnist_fc_growing/mnist-net_256x4.onnx_3_12_hist_2026-07-06_15-15-29.jld2,0.17156982421875,0.0
mnist-net_256x4.onnx,3,13,unsat,0.471714206,1,./eval/mnist_fc_growing/mnist-net_256x4.onnx_3_13_hist_2026-07-06_15-15-29.jld2,0.1995248794555664,0.0
mnist-net_256x4.onnx,3,14,unsat,0.548118728,1,./eval/mnist_fc_growing/mnist-net_256x4.onnx_3_14_hist_2026-07-06_15-15-29.jld2,0.23333001136779785,0.0
mnist-net_256x4.onnx,3,15,unknown,0.627478826,1,./eval/mnist_fc_growing/mnist-net_256x4.onnx_3_15_hist_2026-07-06_15-15-29.jld2,0.27727508544921875,2.69593957850481
mnist-net_256x4.onnx,3,16,unknown,0.720292327,1,./eval/mnist_fc_growing/mnist-net_256x4.onnx_3_16_hist_2026-07-06_15-15-29.jld2,0.3219130039215088,30.3682678559682
mnist-net_256x4.onnx,3,17,unknown,0.848737239,1,./eval/mnist_fc_growing/mnist-net_256x4.onnx_3_17_hist_2026-07-06_15-15-29.jld2,0.38867712020874023,62.84299163023234
mnist-net_256x4.onnx,3,18,unknown,0.93953415,1,./eval/mnist_fc_growing/mnist-net_256x4.onnx_3_18_hist_2026-07-06_15-15-29.jld2,0.43958616256713867,469.1846268227373
mnist-net_256x4.onnx,3,19,unknown,1.067575422,1,./eval/mnist_fc_growing/mnist-net_256x4.onnx_3_19_hist_2026-07-06_15-15-29.jld2,0.5113630294799805,670.6856457235167
mnist-net_256x4.onnx,3,20,unknown,1.200175279,1,./eval/mnist_fc_growing/mnist-net_256x4.onnx_3_20_hist_2026-07-06_15-15-29.jld2,0.5765390396118164,628.4715413128088
mnist-net_256x4.onnx,3,21,unknown,1.348925383,1,./eval/mnist_fc_growing/mnist-net_256x4.onnx_3_21_hist_2026-07-06_15-15-29.jld2,0.6518111228942871,857.2719459895932
mnist-net_256x4.onnx,3,22,unknown,1.51733295,1,./eval/mnist_fc_growing/mnist-net_256x4.onnx_3_22_hist_2026-07-06_15-15-29.jld2,0.7388269901275635,758.2777469485305
mnist-net_256x4.onnx,3,23,unknown,1.696124516,1,./eval/mnist_fc_growing/mnist-net_256x4.onnx_3_23_hist_2026-07-06_15-15-29.jld2,0.8302218914031982,1140.342036679662
mnist-net_256x4.onnx,3,24,unknown,2.248390509,1,./eval/mnist_fc_growing/mnist-net_256x4.onnx_3_24_hist_2026-07-06_15-15-29.jld2,1.2900159358978271,1463.761369890853
mnist-net_256x4.onnx,3,25,unknown,2.460749586,1,./eval/mnist_fc_growing/mnist-net_256x4.onnx_3_25_hist_2026-07-06_15-15-29.jld2,1.395853042602539,1913.912490966449
mnist-net_256x4.onnx,3,26,unknown,2.706674032,1,./eval/mnist_fc_growing/mnist-net_256x4.onnx_3_26_hist_2026-07-06_15-15-29.jld2,1.5322589874267578,2448.8569764247954
mnist-net_256x4.onnx,3,27,unknown,2.966710852,1,./eval/mnist_fc_growing/mnist-net_256x4.onnx_3_27_hist_2026-07-06_15-15-29.jld2,1.6725568771362305,3142.4471051271994
mnist-net_256x4.onnx,3,28,unknown,3.272253121,1,./eval/mnist_fc_growing/mnist-net_256x4.onnx_3_28_hist_2026-07-06_15-15-29.jld2,1.8494739532470703,4562.671561476018
mnist-net_256x4.onnx,3,29,unknown,3.578460356,1,./eval/mnist_fc_growing/mnist-net_256x4.onnx_3_29_hist_2026-07-06_15-15-29.jld2,2.020900011062622,5118.077107773752
mnist-net_256x4.onnx,3,30,unknown,3.936431701,1,./eval/mnist_fc_growing/mnist-net_256x4.onnx_3_30_hist_2026-07-06_15-15-29.jld2,2.2411680221557617,4282.958547600726
mnist-net_256x4.onnx,3,31,unknown,4.320822832,1,./eval/mnist_fc_growing/mnist-net_256x4.onnx_3_31_hist_2026-07-06_15-15-29.jld2,2.465406894683838,4573.186851538725
mnist-net_256x4.onnx,3,32,unknown,4.643512324,1,./eval/mnist_fc_growing/mnist-net_256x4.onnx_3_32_hist_2026-07-06_15-15-29.jld2,2.6485679149627686,4987.086648995886
mnist-net_256x4.onnx,3,33,unknown,5.067984302,1,./eval/mnist_fc_growing/mnist-net_256x4.onnx_3_33_hist_2026-07-06_15-15-29.jld2,2.911663055419922,5432.260621105211
mnist-net_256x4.onnx,3,34,unknown,5.88433719,1,./eval/mnist_fc_growing/mnist-net_256x4.onnx_3_34_hist_2026-07-06_15-15-29.jld2,3.1803178787231445,6068.016656812644
mnist-net_256x4.onnx,3,35,unknown,6.444745617,1,./eval/mnist_fc_growing/mnist-net_256x4.onnx_3_35_hist_2026-07-06_15-15-29.jld2,3.517551898956299,6258.8352141411515
mnist-net_256x4.onnx,3,36,unknown,6.902287064,1,./eval/mnist_fc_growing/mnist-net_256x4.onnx_3_36_hist_2026-07-06_15-15-29.jld2,3.783195972442627,6501.004563422876
mnist-net_256x4.onnx,3,37,unknown,7.51977468,1,./eval/mnist_fc_growing/mnist-net_256x4.onnx_3_37_hist_2026-07-06_15-15-29.jld2,4.153562068939209,6943.252931169949
mnist-net_256x4.onnx,3,38,unknown,8.251005568,1,./eval/mnist_fc_growing/mnist-net_256x4.onnx_3_38_hist_2026-07-06_15-15-29.jld2,4.538554906845093,7201.299298551802
mnist-net_256x4.onnx,3,39,unknown,8.984974905,1,./eval/mnist_fc_growing/mnist-net_256x4.onnx_3_39_hist_2026-07-06_15-15-29.jld2,4.954756021499634,8059.268380838193
mnist-net_256x4.onnx,3,40,unknown,9.827873558,1,./eval/mnist_fc_growing/mnist-net_256x4.onnx_3_40_hist_2026-07-06_15-15-29.jld2,5.392632961273193,7505.664579323877
mnist-net_256x4.onnx,3,41,unknown,10.681660454,1,./eval/mnist_fc_growing/mnist-net_256x4.onnx_3_41_hist_2026-07-06_15-15-29.jld2,5.8906090259552,7567.984126630564
mnist-net_256x4.onnx,3,42,unknown,11.58170854,1,./eval/mnist_fc_growing/mnist-net_256x4.onnx_3_42_hist_2026-07-06_15-15-29.jld2,6.422569990158081,7730.119223141341
mnist-net_256x4.onnx,3,43,unknown,12.526022823,1,./eval/mnist_fc_growing/mnist-net_256x4.onnx_3_43_hist_2026-07-06_15-15-29.jld2,6.963421821594238,7933.911740460883
mnist-net_256x4.onnx,3,44,unknown,13.582545789,1,./eval/mnist_fc_growing/mnist-net_256x4.onnx_3_44_hist_2026-07-06_15-15-29.jld2,7.57129693031311,8235.405631001691
mnist-net_256x4.onnx,3,45,unknown,14.953732543,1,./eval/mnist_fc_growing/mnist-net_256x4.onnx_3_45_hist_2026-07-06_15-15-29.jld2,8.512465953826904,8493.938960188083
mnist-net_256x4.onnx,3,46,unknown,16.178873565,1,./eval/mnist_fc_growing/mnist-net_256x4.onnx_3_46_hist_2026-07-06_15-15-29.jld2,9.295701026916504,8757.999728512325
mnist-net_256x4.onnx,3,47,unknown,17.447701399,1,./eval/mnist_fc_growing/mnist-net_256x4.onnx_3_47_hist_2026-07-06_15-15-29.jld2,10.015896081924438,9110.271099561563
mnist-net_256x4.onnx,3,48,unknown,18.875877044,1,./eval/mnist_fc_growing/mnist-net_256x4.onnx_3_48_hist_2026-07-06_15-15-29.jld2,10.86800503730774,9515.550229435614
mnist-net_256x4.onnx,3,49,unknown,20.16876506,1,./eval/mnist_fc_growing/mnist-net_256x4.onnx_3_49_hist_2026-07-06_15-15-29.jld2,11.320219039916992,9901.926725186098
mnist-net_256x4.onnx,3,50,unknown,21.821626419,1,./eval/mnist_fc_growing/mnist-net_256x4.onnx_3_50_hist_2026-07-06_15-15-29.jld2,12.574928998947144,10113.24529971963
mnist-net_256x4.onnx,4,1,unsat,0.110089409,1,./eval/mnist_fc_growing/mnist-net_256x4.onnx_4_1_hist_2026-07-06_15-15-29.jld2,0.05267596244812012,0.0
mnist-net_256x4.onnx,4,2,unsat,0.120863177,1,./eval/mnist_fc_growing/mnist-net_256x4.onnx_4_2_hist_2026-07-06_15-15-29.jld2,0.05594491958618164,0.0
mnist-net_256x4.onnx,4,3,unsat,0.135403877,1,./eval/mnist_fc_growing/mnist-net_256x4.onnx_4_3_hist_2026-07-06_15-15-29.jld2,0.06125593185424805,0.0
mnist-net_256x4.onnx,4,4,unsat,0.151107427,1,./eval/mnist_fc_growing/mnist-net_256x4.onnx_4_4_hist_2026-07-06_15-15-29.jld2,0.06780815124511719,0.0
mnist-net_256x4.onnx,4,5,unsat,0.17532968,1,./eval/mnist_fc_growing/mnist-net_256x4.onnx_4_5_hist_2026-07-06_15-15-29.jld2,0.07819819450378418,0.0
mnist-net_256x4.onnx,4,6,unsat,0.20069759,1,./eval/mnist_fc_growing/mnist-net_256x4.onnx_4_6_hist_2026-07-06_15-15-29.jld2,0.08965182304382324,0.0
mnist-net_256x4.onnx,4,7,unsat,0.206422161,1,./eval/mnist_fc_growing/mnist-net_256x4.onnx_4_7_hist_2026-07-06_15-15-29.jld2,0.08764100074768066,0.0
mnist-net_256x4.onnx,4,8,unsat,0.232978368,1,./eval/mnist_fc_growing/mnist-net_256x4.onnx_4_8_hist_2026-07-06_15-15-29.jld2,0.0993959903717041,0.0
mnist-net_256x4.onnx,4,9,unsat,0.267730849,1,./eval/mnist_fc_growing/mnist-net_256x4.onnx_4_9_hist_2026-07-06_15-15-29.jld2,0.11408209800720215,0.0
mnist-net_256x4.onnx,4,10,unsat,0.323659061,1,./eval/mnist_fc_growing/mnist-net_256x4.onnx_4_10_hist_2026-07-06_15-15-29.jld2,0.1270310878753662,0.0
mnist-net_256x4.onnx,4,11,unsat,0.358003571,1,./eval/mnist_fc_growing/mnist-net_256x4.onnx_4_11_hist_2026-07-06_15-15-29.jld2,0.14605498313903809,0.0
mnist-net_256x4.onnx,4,12,unknown,0.412420389,1,./eval/mnist_fc_growing/mnist-net_256x4.onnx_4_12_hist_2026-07-06_15-15-29.jld2,0.17129111289978027,0.03262926936202522
mnist-net_256x4.onnx,4,13,unknown,0.472400351,1,./eval/mnist_fc_growing/mnist-net_256x4.onnx_4_13_hist_2026-07-06_15-15-29.jld2,0.1995849609375,5.244102187382485
mnist-net_256x4.onnx,4,14,unknown,0.545584116,1,./eval/mnist_fc_growing/mnist-net_256x4.onnx_4_14_hist_2026-07-06_15-15-29.jld2,0.23155593872070312,0.48849309979396655
mnist-net_256x4.onnx,4,15,unknown,0.629980691,1,./eval/mnist_fc_growing/mnist-net_256x4.onnx_4_15_hist_2026-07-06_15-15-29.jld2,0.2780330181121826,16.882180756504194
mnist-net_256x4.onnx,4,16,unknown,0.77971106,1,./eval/mnist_fc_growing/mnist-net_256x4.onnx_4_16_hist_2026-07-06_15-15-29.jld2,0.3229970932006836,40.02709196123921
mnist-net_256x4.onnx,4,17,unknown,0.848654855,1,./eval/mnist_fc_growing/mnist-net_256x4.onnx_4_17_hist_2026-07-06_15-15-29.jld2,0.3890371322631836,124.84129553363589
mnist-net_256x4.onnx,4,18,unknown,0.941545268,1,./eval/mnist_fc_growing/mnist-net_256x4.onnx_4_18_hist_2026-07-06_15-15-29.jld2,0.4430239200592041,219.4161056860832
mnist-net_256x4.onnx,4,19,unknown,1.064760831,1,./eval/mnist_fc_growing/mnist-net_256x4.onnx_4_19_hist_2026-07-06_15-15-29.jld2,0.5058078765869141,421.8887387411875
mnist-net_256x4.onnx,4,20,unknown,1.200566621,1,./eval/mnist_fc_growing/mnist-net_256x4.onnx_4_20_hist_2026-07-06_15-15-29.jld2,0.5750010013580322,677.5426898715718
mnist-net_256x4.onnx,4,21,unknown,1.368174868,1,./eval/mnist_fc_growing/mnist-net_256x4.onnx_4_21_hist_2026-07-06_15-15-29.jld2,0.6657559871673584,892.1015815443112
mnist-net_256x4.onnx,4,22,unknown,1.51786308,1,./eval/mnist_fc_growing/mnist-net_256x4.onnx_4_22_hist_2026-07-06_15-15-29.jld2,0.7353081703186035,1035.3160563189053
mnist-net_256x4.onnx,4,23,unknown,1.705357434,1,./eval/mnist_fc_growing/mnist-net_256x4.onnx_4_23_hist_2026-07-06_15-15-29.jld2,0.8314001560211182,1099.701842184374
mnist-net_256x4.onnx,4,24,unknown,2.25982177,1,./eval/mnist_fc_growing/mnist-net_256x4.onnx_4_24_hist_2026-07-06_15-15-29.jld2,1.2924888134002686,1133.7683420821763
mnist-net_256x4.onnx,4,25,unknown,2.467861497,1,./eval/mnist_fc_growing/mnist-net_256x4.onnx_4_25_hist_2026-07-06_15-15-29.jld2,1.4019348621368408,1449.75935414639
mnist-net_256x4.onnx,4,26,unknown,2.701395659,1,./eval/mnist_fc_growing/mnist-net_256x4.onnx_4_26_hist_2026-07-06_15-15-29.jld2,1.5270700454711914,1718.4726433208812
mnist-net_256x4.onnx,4,27,unknown,2.960614661,1,./eval/mnist_fc_growing/mnist-net_256x4.onnx_4_27_hist_2026-07-06_15-15-29.jld2,1.6701469421386719,1998.3697417595154
mnist-net_256x4.onnx,4,28,unknown,3.261831971,1,./eval/mnist_fc_growing/mnist-net_256x4.onnx_4_28_hist_2026-07-06_15-15-29.jld2,1.8409509658813477,2170.8703393054816
mnist-net_256x4.onnx,4,29,unknown,3.560809943,1,./eval/mnist_fc_growing/mnist-net_256x4.onnx_4_29_hist_2026-07-06_15-15-29.jld2,2.011708974838257,2706.0178250374183
mnist-net_256x4.onnx,4,30,unknown,3.899009687,1,./eval/mnist_fc_growing/mnist-net_256x4.onnx_4_30_hist_2026-07-06_15-15-29.jld2,2.210923910140991,2393.719110715791
mnist-net_256x4.onnx,4,31,unknown,4.294950634,1,./eval/mnist_fc_growing/mnist-net_256x4.onnx_4_31_hist_2026-07-06_15-15-29.jld2,2.43381404876709,2515.663854208603
mnist-net_256x4.onnx,4,32,unknown,4.662154788,1,./eval/mnist_fc_growing/mnist-net_256x4.onnx_4_32_hist_2026-07-06_15-15-29.jld2,2.666356086730957,2612.7114185794485
mnist-net_256x4.onnx,4,33,unknown,5.093930704,1,./eval/mnist_fc_growing/mnist-net_256x4.onnx_4_33_hist_2026-07-06_15-15-29.jld2,2.916239023208618,2857.943184575638
mnist-net_256x4.onnx,4,34,unknown,5.888924219,1,./eval/mnist_fc_growing/mnist-net_256x4.onnx_4_34_hist_2026-07-06_15-15-29.jld2,3.1825809478759766,3132.058860125223
mnist-net_256x4.onnx,4,35,unknown,6.426687849,1,./eval/mnist_fc_growing/mnist-net_256x4.onnx_4_35_hist_2026-07-06_15-15-29.jld2,3.4819459915161133,3524.7203001802386
mnist-net_256x4.onnx,4,36,unknown,6.914840436,1,./eval/mnist_fc_growing/mnist-net_256x4.onnx_4_36_hist_2026-07-06_15-15-29.jld2,3.8032989501953125,3238.2280093166896
mnist-net_256x4.onnx,4,37,unknown,7.519377934,1,./eval/mnist_fc_growing/mnist-net_256x4.onnx_4_37_hist_2026-07-06_15-15-29.jld2,4.1345319747924805,3624.859974036916
mnist-net_256x4.onnx,4,38,unknown,8.236902083,1,./eval/mnist_fc_growing/mnist-net_256x4.onnx_4_38_hist_2026-07-06_15-15-29.jld2,4.521674871444702,3892.259452019167
mnist-net_256x4.onnx,4,39,unknown,8.976897218,1,./eval/mnist_fc_growing/mnist-net_256x4.onnx_4_39_hist_2026-07-06_15-15-29.jld2,4.9471049308776855,4707.073639100625
mnist-net_256x4.onnx,4,40,unknown,9.831585141,1,./eval/mnist_fc_growing/mnist-net_256x4.onnx_4_40_hist_2026-07-06_15-15-29.jld2,5.43019700050354,5166.086558367867
mnist-net_256x4.onnx,4,41,unknown,10.68877909,1,./eval/mnist_fc_growing/mnist-net_256x4.onnx_4_41_hist_2026-07-06_15-15-29.jld2,5.901118040084839,5663.640677955025
mnist-net_256x4.onnx,4,42,unknown,11.633903124,1,./eval/mnist_fc_growing/mnist-net_256x4.onnx_4_42_hist_2026-07-06_15-15-29.jld2,6.418154001235962,6184.657387185758
mnist-net_256x4.onnx,4,43,unknown,12.617754402,1,./eval/mnist_fc_growing/mnist-net_256x4.onnx_4_43_hist_2026-07-06_15-15-29.jld2,7.020953893661499,6806.5339864028765
mnist-net_256x4.onnx,4,44,unknown,13.551665625,1,./eval/mnist_fc_growing/mnist-net_256x4.onnx_4_44_hist_2026-07-06_15-15-29.jld2,7.560729026794434,8224.012144539842
mnist-net_256x4.onnx,4,45,unknown,15.068168286,1,./eval/mnist_fc_growing/mnist-net_256x4.onnx_4_45_hist_2026-07-06_15-15-29.jld2,8.595160961151123,7488.359945323734
mnist-net_256x4.onnx,4,46,unknown,16.251242665,1,./eval/mnist_fc_growing/mnist-net_256x4.onnx_4_46_hist_2026-07-06_15-15-29.jld2,9.351171016693115,8060.208803309953
mnist-net_256x4.onnx,4,47,unknown,17.505558145,1,./eval/mnist_fc_growing/mnist-net_256x4.onnx_4_47_hist_2026-07-06_15-15-29.jld2,10.039852142333984,9500.340125709847
mnist-net_256x4.onnx,4,48,unknown,18.885018602,1,./eval/mnist_fc_growing/mnist-net_256x4.onnx_4_48_hist_2026-07-06_15-15-29.jld2,10.842988967895508,9860.259452654775
mnist-net_256x4.onnx,4,49,unknown,20.206548994,1,./eval/mnist_fc_growing/mnist-net_256x4.onnx_4_49_hist_2026-07-06_15-15-29.jld2,11.329263925552368,10398.440425779958
mnist-net_256x4.onnx,4,50,unknown,21.940248122,1,./eval/mnist_fc_growing/mnist-net_256x4.onnx_4_50_hist_2026-07-06_15-15-29.jld2,12.94446611404419,10591.25297962629
mnist-net_256x4.onnx,5,1,unsat,0.108438219,1,./eval/mnist_fc_growing/mnist-net_256x4.onnx_5_1_hist_2026-07-06_15-15-29.jld2,0.052362918853759766,0.0
mnist-net_256x4.onnx,5,2,unsat,0.122328367,1,./eval/mnist_fc_growing/mnist-net_256x4.onnx_5_2_hist_2026-07-06_15-15-29.jld2,0.05598807334899902,0.0
mnist-net_256x4.onnx,5,3,unsat,0.138113654,1,./eval/mnist_fc_growing/mnist-net_256x4.onnx_5_3_hist_2026-07-06_15-15-29.jld2,0.06325697898864746,0.0
mnist-net_256x4.onnx,5,4,unsat,0.145803096,1,./eval/mnist_fc_growing/mnist-net_256x4.onnx_5_4_hist_2026-07-06_15-15-29.jld2,0.06625699996948242,0.0
mnist-net_256x4.onnx,5,5,unsat,0.16259094,1,./eval/mnist_fc_growing/mnist-net_256x4.onnx_5_5_hist_2026-07-06_15-15-29.jld2,0.07114696502685547,0.0
mnist-net_256x4.onnx,5,6,unsat,0.19306113,1,./eval/mnist_fc_growing/mnist-net_256x4.onnx_5_6_hist_2026-07-06_15-15-29.jld2,0.08843493461608887,0.0
mnist-net_256x4.onnx,5,7,unsat,0.199430555,1,./eval/mnist_fc_growing/mnist-net_256x4.onnx_5_7_hist_2026-07-06_15-15-29.jld2,0.08600997924804688,0.0
mnist-net_256x4.onnx,5,8,unsat,0.232767218,1,./eval/mnist_fc_growing/mnist-net_256x4.onnx_5_8_hist_2026-07-06_15-15-29.jld2,0.09929704666137695,0.0
mnist-net_256x4.onnx,5,9,unsat,0.267437754,1,./eval/mnist_fc_growing/mnist-net_256x4.onnx_5_9_hist_2026-07-06_15-15-29.jld2,0.1138601303100586,0.0
mnist-net_256x4.onnx,5,10,unsat,0.312397377,1,./eval/mnist_fc_growing/mnist-net_256x4.onnx_5_10_hist_2026-07-06_15-15-29.jld2,0.1266319751739502,0.0
mnist-net_256x4.onnx,5,11,unsat,0.363397989,1,./eval/mnist_fc_growing/mnist-net_256x4.onnx_5_11_hist_2026-07-06_15-15-29.jld2,0.14329910278320312,0.0
mnist-net_256x4.onnx,5,12,unsat,0.412879398,1,./eval/mnist_fc_growing/mnist-net_256x4.onnx_5_12_hist_2026-07-06_15-15-29.jld2,0.17173290252685547,0.0
mnist-net_256x4.onnx,5,13,unsat,0.472224164,1,./eval/mnist_fc_growing/mnist-net_256x4.onnx_5_13_hist_2026-07-06_15-15-29.jld2,0.1986701488494873,0.0
mnist-net_256x4.onnx,5,14,unsat,0.54478162,1,./eval/mnist_fc_growing/mnist-net_256x4.onnx_5_14_hist_2026-07-06_15-15-29.jld2,0.23083806037902832,0.0
mnist-net_256x4.onnx,5,15,unsat,0.630005073,1,./eval/mnist_fc_growing/mnist-net_256x4.onnx_5_15_hist_2026-07-06_15-15-29.jld2,0.27817296981811523,0.0
mnist-net_256x4.onnx,5,16,unsat,0.721331302,1,./eval/mnist_fc_growing/mnist-net_256x4.onnx_5_16_hist_2026-07-06_15-15-29.jld2,0.32068395614624023,0.0
mnist-net_256x4.onnx,5,17,unsat,0.851233428,1,./eval/mnist_fc_growing/mnist-net_256x4.onnx_5_17_hist_2026-07-06_15-15-29.jld2,0.39053988456726074,0.0
mnist-net_256x4.onnx,5,18,unsat,0.94651384,1,./eval/mnist_fc_growing/mnist-net_256x4.onnx_5_18_hist_2026-07-06_15-15-29.jld2,0.4459700584411621,0.0
mnist-net_256x4.onnx,5,19,unsat,1.074702146,1,./eval/mnist_fc_growing/mnist-net_256x4.onnx_5_19_hist_2026-07-06_15-15-29.jld2,0.51255202293396,0.0
mnist-net_256x4.onnx,5,20,unsat,1.220970467,1,./eval/mnist_fc_growing/mnist-net_256x4.onnx_5_20_hist_2026-07-06_15-15-29.jld2,0.5914840698242188,0.0
mnist-net_256x4.onnx,5,21,unsat,1.375189771,1,./eval/mnist_fc_growing/mnist-net_256x4.onnx_5_21_hist_2026-07-06_15-15-29.jld2,0.6656830310821533,0.0
mnist-net_256x4.onnx,5,22,unsat,1.534837015,1,./eval/mnist_fc_growing/mnist-net_256x4.onnx_5_22_hist_2026-07-06_15-15-29.jld2,0.7456259727478027,0.0
mnist-net_256x4.onnx,5,23,unsat,1.741238182,1,./eval/mnist_fc_growing/mnist-net_256x4.onnx_5_23_hist_2026-07-06_15-15-29.jld2,0.8401119709014893,0.0
mnist-net_256x4.onnx,5,24,unsat,2.266283593,1,./eval/mnist_fc_growing/mnist-net_256x4.onnx_5_24_hist_2026-07-06_15-15-29.jld2,1.2956669330596924,0.0
mnist-net_256x4.onnx,5,25,unknown,2.478332978,1,./eval/mnist_fc_growing/mnist-net_256x4.onnx_5_25_hist_2026-07-06_15-15-29.jld2,1.4064061641693115,8.197216361027596
mnist-net_256x4.onnx,5,26,unknown,2.753826914,1,./eval/mnist_fc_growing/mnist-net_256x4.onnx_5_26_hist_2026-07-06_15-15-29.jld2,1.5344691276550293,89.27544660997036
mnist-net_256x4.onnx,5,27,unknown,2.960434203,1,./eval/mnist_fc_growing/mnist-net_256x4.onnx_5_27_hist_2026-07-06_15-15-29.jld2,1.6671299934387207,141.66258002926716
mnist-net_256x4.onnx,5,28,unknown,3.286964015,1,./eval/mnist_fc_growing/mnist-net_256x4.onnx_5_28_hist_2026-07-06_15-15-29.jld2,1.8565781116485596,182.03980641612904
mnist-net_256x4.onnx,5,29,unknown,3.573962668,1,./eval/mnist_fc_growing/mnist-net_256x4.onnx_5_29_hist_2026-07-06_15-15-29.jld2,2.0193240642547607,244.9774686146492
mnist-net_256x4.onnx,5,30,unknown,3.929265828,1,./eval/mnist_fc_growing/mnist-net_256x4.onnx_5_30_hist_2026-07-06_15-15-29.jld2,2.234813928604126,313.6610322039989
mnist-net_256x4.onnx,5,31,unknown,4.360621727,1,./eval/mnist_fc_growing/mnist-net_256x4.onnx_5_31_hist_2026-07-06_15-15-29.jld2,2.5017740726470947,375.4410965167144
mnist-net_256x4.onnx,5,32,unknown,4.656443783,1,./eval/mnist_fc_growing/mnist-net_256x4.onnx_5_32_hist_2026-07-06_15-15-29.jld2,2.652522087097168,448.82981588075563
mnist-net_256x4.onnx,5,33,unknown,5.069486031,1,./eval/mnist_fc_growing/mnist-net_256x4.onnx_5_33_hist_2026-07-06_15-15-29.jld2,2.902114152908325,591.1235165319331
mnist-net_256x4.onnx,5,34,unknown,5.893452289,1,./eval/mnist_fc_growing/mnist-net_256x4.onnx_5_34_hist_2026-07-06_15-15-29.jld2,3.185986042022705,796.396914328816
mnist-net_256x4.onnx,5,35,unknown,6.413172581,1,./eval/mnist_fc_growing/mnist-net_256x4.onnx_5_35_hist_2026-07-06_15-15-29.jld2,3.47632098197937,622.7554290163584
mnist-net_256x4.onnx,5,36,unknown,6.947554958,1,./eval/mnist_fc_growing/mnist-net_256x4.onnx_5_36_hist_2026-07-06_15-15-29.jld2,3.8051750659942627,859.9393834048572
mnist-net_256x4.onnx,5,37,unknown,7.60220875,1,./eval/mnist_fc_growing/mnist-net_256x4.onnx_5_37_hist_2026-07-06_15-15-29.jld2,4.181989908218384,1389.9662060945361
mnist-net_256x4.onnx,5,38,unknown,8.269137173,1,./eval/mnist_fc_growing/mnist-net_256x4.onnx_5_38_hist_2026-07-06_15-15-29.jld2,4.541254043579102,1791.7198930819873
mnist-net_256x4.onnx,5,39,unknown,9.020538284,1,./eval/mnist_fc_growing/mnist-net_256x4.onnx_5_39_hist_2026-07-06_15-15-29.jld2,4.961521863937378,2164.4770637259253
mnist-net_256x4.onnx,5,40,unknown,9.845921605,1,./eval/mnist_fc_growing/mnist-net_256x4.onnx_5_40_hist_2026-07-06_15-15-29.jld2,5.394376039505005,2292.066598259112
mnist-net_256x4.onnx,5,41,unknown,10.686054809,1,./eval/mnist_fc_growing/mnist-net_256x4.onnx_5_41_hist_2026-07-06_15-15-29.jld2,5.905426979064941,2595.512545189889
mnist-net_256x4.onnx,5,42,unknown,11.636052176,1,./eval/mnist_fc_growing/mnist-net_256x4.onnx_5_42_hist_2026-07-06_15-15-29.jld2,6.444072008132935,2943.1045904955217
mnist-net_256x4.onnx,5,43,unknown,12.648668173,1,./eval/mnist_fc_growing/mnist-net_256x4.onnx_5_43_hist_2026-07-06_15-15-29.jld2,7.012659072875977,3167.940737719295
mnist-net_256x4.onnx,5,44,unknown,13.562359747,1,./eval/mnist_fc_growing/mnist-net_256x4.onnx_5_44_hist_2026-07-06_15-15-29.jld2,7.565572023391724,3290.767732510361
mnist-net_256x4.onnx,5,45,unknown,15.069909243,1,./eval/mnist_fc_growing/mnist-net_256x4.onnx_5_45_hist_2026-07-06_15-15-29.jld2,8.570837020874023,3637.3648180306795
mnist-net_256x4.onnx,5,46,unknown,16.191064435,1,./eval/mnist_fc_growing/mnist-net_256x4.onnx_5_46_hist_2026-07-06_15-15-29.jld2,9.285230159759521,4038.5086734710376
mnist-net_256x4.onnx,5,47,unknown,17.50652443,1,./eval/mnist_fc_growing/mnist-net_256x4.onnx_5_47_hist_2026-07-06_15-15-29.jld2,9.98877501487732,4271.332070945885
mnist-net_256x4.onnx,5,48,unknown,18.857945314,1,./eval/mnist_fc_growing/mnist-net_256x4.onnx_5_48_hist_2026-07-06_15-15-29.jld2,10.884008884429932,4598.098945520184
mnist-net_256x4.onnx,5,49,unknown,20.119880824,1,./eval/mnist_fc_growing/mnist-net_256x4.onnx_5_49_hist_2026-07-06_15-15-29.jld2,11.30833888053894,4938.905754520807
mnist-net_256x4.onnx,5,50,unknown,21.990584443,1,./eval/mnist_fc_growing/mnist-net_256x4.onnx_5_50_hist_2026-07-06_15-15-29.jld2,12.969451904296875,5472.909995517371
mnist-net_256x4.onnx,6,1,unsat,0.108546089,1,./eval/mnist_fc_growing/mnist-net_256x4.onnx_6_1_hist_2026-07-06_15-15-29.jld2,0.05245089530944824,0.0
mnist-net_256x4.onnx,6,2,unsat,0.120483242,1,./eval/mnist_fc_growing/mnist-net_256x4.onnx_6_2_hist_2026-07-06_15-15-29.jld2,0.05569601058959961,0.0
mnist-net_256x4.onnx,6,3,unsat,0.138814436,1,./eval/mnist_fc_growing/mnist-net_256x4.onnx_6_3_hist_2026-07-06_15-15-29.jld2,0.06111502647399902,0.0
mnist-net_256x4.onnx,6,4,unsat,0.151412751,1,./eval/mnist_fc_growing/mnist-net_256x4.onnx_6_4_hist_2026-07-06_15-15-29.jld2,0.06810402870178223,0.0
mnist-net_256x4.onnx,6,5,unsat,0.172548163,1,./eval/mnist_fc_growing/mnist-net_256x4.onnx_6_5_hist_2026-07-06_15-15-29.jld2,0.07379007339477539,0.0
mnist-net_256x4.onnx,6,6,unsat,0.198010565,1,./eval/mnist_fc_growing/mnist-net_256x4.onnx_6_6_hist_2026-07-06_15-15-29.jld2,0.09017491340637207,0.0
mnist-net_256x4.onnx,6,7,unsat,0.203669892,1,./eval/mnist_fc_growing/mnist-net_256x4.onnx_6_7_hist_2026-07-06_15-15-29.jld2,0.08764290809631348,0.0
mnist-net_256x4.onnx,6,8,unsat,0.233587434,1,./eval/mnist_fc_growing/mnist-net_256x4.onnx_6_8_hist_2026-07-06_15-15-29.jld2,0.09962201118469238,0.0
mnist-net_256x4.onnx,6,9,unsat,0.26888185,1,./eval/mnist_fc_growing/mnist-net_256x4.onnx_6_9_hist_2026-07-06_15-15-29.jld2,0.11446690559387207,0.0
mnist-net_256x4.onnx,6,10,unsat,0.313330796,1,./eval/mnist_fc_growing/mnist-net_256x4.onnx_6_10_hist_2026-07-06_15-15-29.jld2,0.1271200180053711,0.0
mnist-net_256x4.onnx,6,11,unknown,0.355501878,1,./eval/mnist_fc_growing/mnist-net_256x4.onnx_6_11_hist_2026-07-06_15-15-29.jld2,0.14370393753051758,0.22750432356444344
mnist-net_256x4.onnx,6,12,unknown,0.414392707,1,./eval/mnist_fc_growing/mnist-net_256x4.onnx_6_12_hist_2026-07-06_15-15-29.jld2,0.17267894744873047,15.783362589132457
mnist-net_256x4.onnx,6,13,unknown,0.474533739,1,./eval/mnist_fc_growing/mnist-net_256x4.onnx_6_13_hist_2026-07-06_15-15-29.jld2,0.19924592971801758,32.93441889652405
mnist-net_256x4.onnx,6,14,unknown,0.546255866,1,./eval/mnist_fc_growing/mnist-net_256x4.onnx_6_14_hist_2026-07-06_15-15-29.jld2,0.2314901351928711,86.03040652634732
mnist-net_256x4.onnx,6,15,unknown,0.630406475,1,./eval/mnist_fc_growing/mnist-net_256x4.onnx_6_15_hist_2026-07-06_15-15-29.jld2,0.2791869640350342,124.24755513253504
mnist-net_256x4.onnx,6,16,unknown,0.778507799,1,./eval/mnist_fc_growing/mnist-net_256x4.onnx_6_16_hist_2026-07-06_15-15-29.jld2,0.3237738609313965,162.94550176948096
mnist-net_256x4.onnx,6,17,unknown,0.851766088,1,./eval/mnist_fc_growing/mnist-net_256x4.onnx_6_17_hist_2026-07-06_15-15-29.jld2,0.3902430534362793,204.7454534477323
mnist-net_256x4.onnx,6,18,unknown,0.939361438,1,./eval/mnist_fc_growing/mnist-net_256x4.onnx_6_18_hist_2026-07-06_15-15-29.jld2,0.44124794006347656,241.93206199535075
mnist-net_256x4.onnx,6,19,unknown,1.067023039,1,./eval/mnist_fc_growing/mnist-net_256x4.onnx_6_19_hist_2026-07-06_15-15-29.jld2,0.5108458995819092,293.6382925167051
mnist-net_256x4.onnx,6,20,unknown,1.203477065,1,./eval/mnist_fc_growing/mnist-net_256x4.onnx_6_20_hist_2026-07-06_15-15-29.jld2,0.5782759189605713,308.12257041270345
mnist-net_256x4.onnx,6,21,unknown,1.357077351,1,./eval/mnist_fc_growing/mnist-net_256x4.onnx_6_21_hist_2026-07-06_15-15-29.jld2,0.6569299697875977,365.47933401910416
mnist-net_256x4.onnx,6,22,unknown,1.520123202,1,./eval/mnist_fc_growing/mnist-net_256x4.onnx_6_22_hist_2026-07-06_15-15-29.jld2,0.7403950691223145,479.58203773116134
mnist-net_256x4.onnx,6,23,unknown,1.69960764,1,./eval/mnist_fc_growing/mnist-net_256x4.onnx_6_23_hist_2026-07-06_15-15-29.jld2,0.8323149681091309,461.4400965222417
mnist-net_256x4.onnx,6,24,unknown,2.284946077,1,./eval/mnist_fc_growing/mnist-net_256x4.onnx_6_24_hist_2026-07-06_15-15-29.jld2,1.3204329013824463,577.7301104815563
mnist-net_256x4.onnx,6,25,unknown,2.463445835,1,./eval/mnist_fc_growing/mnist-net_256x4.onnx_6_25_hist_2026-07-06_15-15-29.jld2,1.3963911533355713,828.2858239710804
mnist-net_256x4.onnx,6,26,unknown,2.714805515,1,./eval/mnist_fc_growing/mnist-net_256x4.onnx_6_26_hist_2026-07-06_15-15-29.jld2,1.5326268672943115,958.6625813417905
mnist-net_256x4.onnx,6,27,unknown,2.967912463,1,./eval/mnist_fc_growing/mnist-net_256x4.onnx_6_27_hist_2026-07-06_15-15-29.jld2,1.669260025024414,1478.386451557943
mnist-net_256x4.onnx,6,28,unknown,3.276128956,1,./eval/mnist_fc_growing/mnist-net_256x4.onnx_6_28_hist_2026-07-06_15-15-29.jld2,1.851011037826538,1887.368389277385
mnist-net_256x4.onnx,6,29,unknown,3.587231918,1,./eval/mnist_fc_growing/mnist-net_256x4.onnx_6_29_hist_2026-07-06_15-15-29.jld2,2.0206520557403564,2145.419034764483
mnist-net_256x4.onnx,6,30,unknown,3.94114737,1,./eval/mnist_fc_growing/mnist-net_256x4.onnx_6_30_hist_2026-07-06_15-15-29.jld2,2.23711895942688,2237.5116358633372
mnist-net_256x4.onnx,6,31,unknown,4.327910211,1,./eval/mnist_fc_growing/mnist-net_256x4.onnx_6_31_hist_2026-07-06_15-15-29.jld2,2.4297659397125244,2546.4000469059765
mnist-net_256x4.onnx,6,32,unknown,4.666727943,1,./eval/mnist_fc_growing/mnist-net_256x4.onnx_6_32_hist_2026-07-06_15-15-29.jld2,2.6699280738830566,2915.0107148111774
mnist-net_256x4.onnx,6,33,unknown,5.077698364,1,./eval/mnist_fc_growing/mnist-net_256x4.onnx_6_33_hist_2026-07-06_15-15-29.jld2,2.920042037963867,2967.819510099626
mnist-net_256x4.onnx,6,34,unknown,5.921361399,1,./eval/mnist_fc_growing/mnist-net_256x4.onnx_6_34_hist_2026-07-06_15-15-29.jld2,3.188060998916626,3293.3445477794453
mnist-net_256x4.onnx,6,35,unknown,6.450101261,1,./eval/mnist_fc_growing/mnist-net_256x4.onnx_6_35_hist_2026-07-06_15-15-29.jld2,3.480214834213257,3601.8457419446986
mnist-net_256x4.onnx,6,36,unknown,6.910446671,1,./eval/mnist_fc_growing/mnist-net_256x4.onnx_6_36_hist_2026-07-06_15-15-29.jld2,3.7924489974975586,4604.755163377538
mnist-net_256x4.onnx,6,37,unknown,7.556225399,1,./eval/mnist_fc_growing/mnist-net_256x4.onnx_6_37_hist_2026-07-06_15-15-29.jld2,4.1504151821136475,5011.8888930238745
mnist-net_256x4.onnx,6,38,unknown,8.273248548,1,./eval/mnist_fc_growing/mnist-net_256x4.onnx_6_38_hist_2026-07-06_15-15-29.jld2,4.537286996841431,5206.479048018805
mnist-net_256x4.onnx,6,39,unknown,9.022113151,1,./eval/mnist_fc_growing/mnist-net_256x4.onnx_6_39_hist_2026-07-06_15-15-29.jld2,4.963181972503662,5618.335019143829
mnist-net_256x4.onnx,6,40,unknown,9.834469175,1,./eval/mnist_fc_growing/mnist-net_256x4.onnx_6_40_hist_2026-07-06_15-15-29.jld2,5.412262916564941,6099.92794608135
mnist-net_256x4.onnx,6,41,unknown,10.669471329,1,./eval/mnist_fc_growing/mnist-net_256x4.onnx_6_41_hist_2026-07-06_15-15-29.jld2,5.890171051025391,6522.771057243108
mnist-net_256x4.onnx,6,42,unknown,11.590923291,1,./eval/mnist_fc_growing/mnist-net_256x4.onnx_6_42_hist_2026-07-06_15-15-29.jld2,6.401841163635254,6639.877111449378
mnist-net_256x4.onnx,6,43,unknown,12.566535924,1,./eval/mnist_fc_growing/mnist-net_256x4.onnx_6_43_hist_2026-07-06_15-15-29.jld2,6.991379976272583,7031.8782320218415
mnist-net_256x4.onnx,6,44,unknown,13.962495842,1,./eval/mnist_fc_growing/mnist-net_256x4.onnx_6_44_hist_2026-07-06_15-15-29.jld2,7.965101003646851,7344.713865176924
mnist-net_256x4.onnx,6,45,unknown,14.983071855,1,./eval/mnist_fc_growing/mnist-net_256x4.onnx_6_45_hist_2026-07-06_15-15-29.jld2,8.515836000442505,7749.433264803655
mnist-net_256x4.onnx,6,46,unknown,16.161898477,1,./eval/mnist_fc_growing/mnist-net_256x4.onnx_6_46_hist_2026-07-06_15-15-29.jld2,8.87044906616211,8086.141464419234
mnist-net_256x4.onnx,6,47,unknown,17.443348842,1,./eval/mnist_fc_growing/mnist-net_256x4.onnx_6_47_hist_2026-07-06_15-15-29.jld2,10.029930114746094,8332.153083288425
mnist-net_256x4.onnx,6,48,unknown,18.865933625,1,./eval/mnist_fc_growing/mnist-net_256x4.onnx_6_48_hist_2026-07-06_15-15-29.jld2,10.908324003219604,8697.977171233433
mnist-net_256x4.onnx,6,49,unknown,20.09137933,1,./eval/mnist_fc_growing/mnist-net_256x4.onnx_6_49_hist_2026-07-06_15-15-29.jld2,11.266067028045654,9024.161271119801
mnist-net_256x4.onnx,6,50,unknown,21.907561334,1,./eval/mnist_fc_growing/mnist-net_256x4.onnx_6_50_hist_2026-07-06_15-15-29.jld2,12.898956060409546,9136.444594147963
mnist-net_256x4.onnx,7,1,unsat,0.108130223,1,./eval/mnist_fc_growing/mnist-net_256x4.onnx_7_1_hist_2026-07-06_15-15-29.jld2,0.052288055419921875,0.0
mnist-net_256x4.onnx,7,2,unsat,0.12166437,1,./eval/mnist_fc_growing/mnist-net_256x4.onnx_7_2_hist_2026-07-06_15-15-29.jld2,0.05570387840270996,0.0
mnist-net_256x4.onnx,7,3,unsat,0.135433255,1,./eval/mnist_fc_growing/mnist-net_256x4.onnx_7_3_hist_2026-07-06_15-15-29.jld2,0.06173205375671387,0.0
mnist-net_256x4.onnx,7,4,unsat,0.150738905,1,./eval/mnist_fc_growing/mnist-net_256x4.onnx_7_4_hist_2026-07-06_15-15-29.jld2,0.06768989562988281,0.0
mnist-net_256x4.onnx,7,5,unsat,0.173910361,1,./eval/mnist_fc_growing/mnist-net_256x4.onnx_7_5_hist_2026-07-06_15-15-29.jld2,0.07325887680053711,0.0
mnist-net_256x4.onnx,7,6,unsat,0.197275351,1,./eval/mnist_fc_growing/mnist-net_256x4.onnx_7_6_hist_2026-07-06_15-15-29.jld2,0.08971500396728516,0.0
mnist-net_256x4.onnx,7,7,unsat,0.208889795,1,./eval/mnist_fc_growing/mnist-net_256x4.onnx_7_7_hist_2026-07-06_15-15-29.jld2,0.0921328067779541,0.0
mnist-net_256x4.onnx,7,8,unsat,0.234480852,1,./eval/mnist_fc_growing/mnist-net_256x4.onnx_7_8_hist_2026-07-06_15-15-29.jld2,0.10025215148925781,0.0
mnist-net_256x4.onnx,7,9,unsat,0.268807105,1,./eval/mnist_fc_growing/mnist-net_256x4.onnx_7_9_hist_2026-07-06_15-15-29.jld2,0.11431097984313965,0.0
mnist-net_256x4.onnx,7,10,unsat,0.317478741,1,./eval/mnist_fc_growing/mnist-net_256x4.onnx_7_10_hist_2026-07-06_15-15-29.jld2,0.1280360221862793,0.0
mnist-net_256x4.onnx,7,11,unsat,0.46504373,1,./eval/mnist_fc_growing/mnist-net_256x4.onnx_7_11_hist_2026-07-06_15-15-29.jld2,0.2517240047454834,0.0
mnist-net_256x4.onnx,7,12,unsat,0.413085743,1,./eval/mnist_fc_growing/mnist-net_256x4.onnx_7_12_hist_2026-07-06_15-15-29.jld2,0.1722121238708496,0.0
mnist-net_256x4.onnx,7,13,unsat,0.472190682,1,./eval/mnist_fc_growing/mnist-net_256x4.onnx_7_13_hist_2026-07-06_15-15-29.jld2,0.1998729705810547,0.0
mnist-net_256x4.onnx,7,14,unsat,0.543682335,1,./eval/mnist_fc_growing/mnist-net_256x4.onnx_7_14_hist_2026-07-06_15-15-29.jld2,0.22972679138183594,0.0
mnist-net_256x4.onnx,7,15,unsat,0.627134084,1,./eval/mnist_fc_growing/mnist-net_256x4.onnx_7_15_hist_2026-07-06_15-15-29.jld2,0.2761380672454834,0.0
mnist-net_256x4.onnx,7,16,unsat,0.72350117,1,./eval/mnist_fc_growing/mnist-net_256x4.onnx_7_16_hist_2026-07-06_15-15-29.jld2,0.3240690231323242,0.0
mnist-net_256x4.onnx,7,17,unsat,0.845445515,1,./eval/mnist_fc_growing/mnist-net_256x4.onnx_7_17_hist_2026-07-06_15-15-29.jld2,0.3855869770050049,0.0
mnist-net_256x4.onnx,7,18,unsat,0.942347046,1,./eval/mnist_fc_growing/mnist-net_256x4.onnx_7_18_hist_2026-07-06_15-15-29.jld2,0.44078707695007324,0.0
mnist-net_256x4.onnx,7,19,unknown,1.072943488,1,./eval/mnist_fc_growing/mnist-net_256x4.onnx_7_19_hist_2026-07-06_15-15-29.jld2,0.515221118927002,3.1195296089213027
mnist-net_256x4.onnx,7,20,unknown,1.205683853,1,./eval/mnist_fc_growing/mnist-net_256x4.onnx_7_20_hist_2026-07-06_15-15-29.jld2,0.5787849426269531,9.181228644788563
mnist-net_256x4.onnx,7,21,unknown,1.40310659,1,./eval/mnist_fc_growing/mnist-net_256x4.onnx_7_21_hist_2026-07-06_15-15-29.jld2,0.7019021511077881,19.436466060837994
mnist-net_256x4.onnx,7,22,unknown,1.526346072,1,./eval/mnist_fc_growing/mnist-net_256x4.onnx_7_22_hist_2026-07-06_15-15-29.jld2,0.7413809299468994,79.146593998898
mnist-net_256x4.onnx,7,23,unknown,1.718784735,1,./eval/mnist_fc_growing/mnist-net_256x4.onnx_7_23_hist_2026-07-06_15-15-29.jld2,0.8458199501037598,96.48975280685187
mnist-net_256x4.onnx,7,24,unknown,2.261021812,1,./eval/mnist_fc_growing/mnist-net_256x4.onnx_7_24_hist_2026-07-06_15-15-29.jld2,1.2945868968963623,65.7593092843405
mnist-net_256x4.onnx,7,25,unknown,2.472810826,1,./eval/mnist_fc_growing/mnist-net_256x4.onnx_7_25_hist_2026-07-06_15-15-29.jld2,1.406646966934204,100.20126031982065
mnist-net_256x4.onnx,7,26,unknown,2.749173494,1,./eval/mnist_fc_growing/mnist-net_256x4.onnx_7_26_hist_2026-07-06_15-15-29.jld2,1.532285213470459,153.436679017047
mnist-net_256x4.onnx,7,27,unknown,2.950679452,1,./eval/mnist_fc_growing/mnist-net_256x4.onnx_7_27_hist_2026-07-06_15-15-29.jld2,1.663604974746704,212.47342174034372
mnist-net_256x4.onnx,7,28,unknown,3.260371444,1,./eval/mnist_fc_growing/mnist-net_256x4.onnx_7_28_hist_2026-07-06_15-15-29.jld2,1.8411548137664795,245.99506491963024
mnist-net_256x4.onnx,7,29,unknown,3.557947684,1,./eval/mnist_fc_growing/mnist-net_256x4.onnx_7_29_hist_2026-07-06_15-15-29.jld2,2.0104238986968994,348.84104435067013
mnist-net_256x4.onnx,7,30,unknown,3.897576847,1,./eval/mnist_fc_growing/mnist-net_256x4.onnx_7_30_hist_2026-07-06_15-15-29.jld2,2.206439971923828,388.5690346868584
mnist-net_256x4.onnx,7,31,unknown,4.292394564,1,./eval/mnist_fc_growing/mnist-net_256x4.onnx_7_31_hist_2026-07-06_15-15-29.jld2,2.430293083190918,106.78195459446884
mnist-net_256x4.onnx,7,32,unknown,4.683693817,1,./eval/mnist_fc_growing/mnist-net_256x4.onnx_7_32_hist_2026-07-06_15-15-29.jld2,2.664818048477173,109.6514215163801
mnist-net_256x4.onnx,7,33,unknown,5.088559287,1,./eval/mnist_fc_growing/mnist-net_256x4.onnx_7_33_hist_2026-07-06_15-15-29.jld2,2.9177310466766357,153.485190751335
mnist-net_256x4.onnx,7,34,unknown,5.893735519,1,./eval/mnist_fc_growing/mnist-net_256x4.onnx_7_34_hist_2026-07-06_15-15-29.jld2,3.1865310668945312,213.14499344867488
mnist-net_256x4.onnx,7,35,unknown,6.444910806,1,./eval/mnist_fc_growing/mnist-net_256x4.onnx_7_35_hist_2026-07-06_15-15-29.jld2,3.496748924255371,297.61039664511117
mnist-net_256x4.onnx,7,36,unknown,6.929847532,1,./eval/mnist_fc_growing/mnist-net_256x4.onnx_7_36_hist_2026-07-06_15-15-29.jld2,3.8022301197052,428.8387864406279
mnist-net_256x4.onnx,7,37,unknown,7.530267585,1,./eval/mnist_fc_growing/mnist-net_256x4.onnx_7_37_hist_2026-07-06_15-15-29.jld2,4.1383349895477295,519.2622397465897
mnist-net_256x4.onnx,7,38,unknown,8.250024334,1,./eval/mnist_fc_growing/mnist-net_256x4.onnx_7_38_hist_2026-07-06_15-15-29.jld2,4.535529136657715,686.8815735968907
mnist-net_256x4.onnx,7,39,unknown,9.032130776,1,./eval/mnist_fc_growing/mnist-net_256x4.onnx_7_39_hist_2026-07-06_15-15-29.jld2,4.976455926895142,898.9620212522467
mnist-net_256x4.onnx,7,40,unknown,9.873869837,1,./eval/mnist_fc_growing/mnist-net_256x4.onnx_7_40_hist_2026-07-06_15-15-29.jld2,5.424484014511108,1273.8316444673483
mnist-net_256x4.onnx,7,41,unknown,10.729831756,1,./eval/mnist_fc_growing/mnist-net_256x4.onnx_7_41_hist_2026-07-06_15-15-29.jld2,5.923002004623413,1480.4607103163792
mnist-net_256x4.onnx,7,42,unknown,11.672124057,1,./eval/mnist_fc_growing/mnist-net_256x4.onnx_7_42_hist_2026-07-06_15-15-29.jld2,6.439476013183594,1534.7665619753327
mnist-net_256x4.onnx,7,43,unknown,12.618898309,1,./eval/mnist_fc_growing/mnist-net_256x4.onnx_7_43_hist_2026-07-06_15-15-29.jld2,7.00539493560791,1735.2391357866313
mnist-net_256x4.onnx,7,44,unknown,13.973047153,1,./eval/mnist_fc_growing/mnist-net_256x4.onnx_7_44_hist_2026-07-06_15-15-29.jld2,7.96884298324585,1823.248351509553
mnist-net_256x4.onnx,7,45,unknown,15.10719353,1,./eval/mnist_fc_growing/mnist-net_256x4.onnx_7_45_hist_2026-07-06_15-15-29.jld2,8.608575105667114,2096.1621840621256
mnist-net_256x4.onnx,7,46,unknown,16.251251987,1,./eval/mnist_fc_growing/mnist-net_256x4.onnx_7_46_hist_2026-07-06_15-15-29.jld2,9.327988862991333,2303.2386229705685
mnist-net_256x4.onnx,7,47,unknown,17.392997038,1,./eval/mnist_fc_growing/mnist-net_256x4.onnx_7_47_hist_2026-07-06_15-15-29.jld2,10.008790969848633,2526.928767280847
mnist-net_256x4.onnx,7,48,unknown,18.835052175,1,./eval/mnist_fc_growing/mnist-net_256x4.onnx_7_48_hist_2026-07-06_15-15-29.jld2,10.87839388847351,2741.3318805670333
mnist-net_256x4.onnx,7,49,unknown,20.195900448,1,./eval/mnist_fc_growing/mnist-net_256x4.onnx_7_49_hist_2026-07-06_15-15-29.jld2,11.714961051940918,3016.5458068492
mnist-net_256x4.onnx,7,50,unknown,21.875264731,1,./eval/mnist_fc_growing/mnist-net_256x4.onnx_7_50_hist_2026-07-06_15-15-29.jld2,12.587295055389404,3273.942038525354
mnist-net_256x4.onnx,8,1,unsat,0.108736902,1,./eval/mnist_fc_growing/mnist-net_256x4.onnx_8_1_hist_2026-07-06_15-15-29.jld2,0.052622079849243164,0.0
mnist-net_256x4.onnx,8,2,unsat,0.12196564,1,./eval/mnist_fc_growing/mnist-net_256x4.onnx_8_2_hist_2026-07-06_15-15-29.jld2,0.05603599548339844,0.0
mnist-net_256x4.onnx,8,3,unsat,0.13579906,1,./eval/mnist_fc_growing/mnist-net_256x4.onnx_8_3_hist_2026-07-06_15-15-29.jld2,0.06134796142578125,0.0
mnist-net_256x4.onnx,8,4,unsat,0.151798562,1,./eval/mnist_fc_growing/mnist-net_256x4.onnx_8_4_hist_2026-07-06_15-15-29.jld2,0.06801295280456543,0.0
mnist-net_256x4.onnx,8,5,unsat,0.177875529,1,./eval/mnist_fc_growing/mnist-net_256x4.onnx_8_5_hist_2026-07-06_15-15-29.jld2,0.08009195327758789,0.0
mnist-net_256x4.onnx,8,6,unsat,0.197977462,1,./eval/mnist_fc_growing/mnist-net_256x4.onnx_8_6_hist_2026-07-06_15-15-29.jld2,0.08971500396728516,0.0
mnist-net_256x4.onnx,8,7,unsat,0.203713998,1,./eval/mnist_fc_growing/mnist-net_256x4.onnx_8_7_hist_2026-07-06_15-15-29.jld2,0.08767294883728027,0.0
mnist-net_256x4.onnx,8,8,unknown,0.236732947,1,./eval/mnist_fc_growing/mnist-net_256x4.onnx_8_8_hist_2026-07-06_15-15-29.jld2,0.1015329360961914,0.2631672972839816
mnist-net_256x4.onnx,8,9,unknown,0.270198588,1,./eval/mnist_fc_growing/mnist-net_256x4.onnx_8_9_hist_2026-07-06_15-15-29.jld2,0.11369514465332031,7.604309986467982
mnist-net_256x4.onnx,8,10,unknown,0.312567809,1,./eval/mnist_fc_growing/mnist-net_256x4.onnx_8_10_hist_2026-07-06_15-15-29.jld2,0.12691903114318848,57.41251451587045
mnist-net_256x4.onnx,8,11,unknown,0.365829232,1,./eval/mnist_fc_growing/mnist-net_256x4.onnx_8_11_hist_2026-07-06_15-15-29.jld2,0.14331912994384766,82.8884722309595
mnist-net_256x4.onnx,8,12,unknown,0.413713467,1,./eval/mnist_fc_growing/mnist-net_256x4.onnx_8_12_hist_2026-07-06_15-15-29.jld2,0.17174196243286133,116.63965012609448
mnist-net_256x4.onnx,8,13,unknown,0.472577141,1,./eval/mnist_fc_growing/mnist-net_256x4.onnx_8_13_hist_2026-07-06_15-15-29.jld2,0.1989150047302246,171.93157603065666
mnist-net_256x4.onnx,8,14,unknown,0.545213988,1,./eval/mnist_fc_growing/mnist-net_256x4.onnx_8_14_hist_2026-07-06_15-15-29.jld2,0.23035502433776855,299.1248726042016
mnist-net_256x4.onnx,8,15,unknown,0.628814503,1,./eval/mnist_fc_growing/mnist-net_256x4.onnx_8_15_hist_2026-07-06_15-15-29.jld2,0.27710700035095215,446.8828224402886
mnist-net_256x4.onnx,8,16,unknown,0.730041955,1,./eval/mnist_fc_growing/mnist-net_256x4.onnx_8_16_hist_2026-07-06_15-15-29.jld2,0.330625057220459,730.0948258568369
mnist-net_256x4.onnx,8,17,unknown,0.849153174,1,./eval/mnist_fc_growing/mnist-net_256x4.onnx_8_17_hist_2026-07-06_15-15-29.jld2,0.3890957832336426,627.6697446055423
mnist-net_256x4.onnx,8,18,unknown,0.942816319,1,./eval/mnist_fc_growing/mnist-net_256x4.onnx_8_18_hist_2026-07-06_15-15-29.jld2,0.4412391185760498,1178.7952895252706
mnist-net_256x4.onnx,8,19,unknown,1.074486847,1,./eval/mnist_fc_growing/mnist-net_256x4.onnx_8_19_hist_2026-07-06_15-15-29.jld2,0.5171310901641846,1200.5638423221944
mnist-net_256x4.onnx,8,20,unknown,1.254143948,1,./eval/mnist_fc_growing/mnist-net_256x4.onnx_8_20_hist_2026-07-06_15-15-29.jld2,0.5792889595031738,1504.6547715621814
mnist-net_256x4.onnx,8,21,unknown,1.366960501,1,./eval/mnist_fc_growing/mnist-net_256x4.onnx_8_21_hist_2026-07-06_15-15-29.jld2,0.663348913192749,1695.9170691514487
mnist-net_256x4.onnx,8,22,unknown,1.532073777,1,./eval/mnist_fc_growing/mnist-net_256x4.onnx_8_22_hist_2026-07-06_15-15-29.jld2,0.7426509857177734,1988.6434027414352
mnist-net_256x4.onnx,8,23,unknown,1.710439062,1,./eval/mnist_fc_growing/mnist-net_256x4.onnx_8_23_hist_2026-07-06_15-15-29.jld2,0.8342881202697754,1709.5153433613468
mnist-net_256x4.onnx,8,24,unknown,2.299489257,1,./eval/mnist_fc_growing/mnist-net_256x4.onnx_8_24_hist_2026-07-06_15-15-29.jld2,1.2999799251556396,1677.682853376317
mnist-net_256x4.onnx,8,25,unknown,2.484869261,1,./eval/mnist_fc_growing/mnist-net_256x4.onnx_8_25_hist_2026-07-06_15-15-29.jld2,1.4098789691925049,2337.826138345877
mnist-net_256x4.onnx,8,26,unknown,2.71228121,1,./eval/mnist_fc_growing/mnist-net_256x4.onnx_8_26_hist_2026-07-06_15-15-29.jld2,1.5366251468658447,3096.6317610607744
mnist-net_256x4.onnx,8,27,unknown,2.978535196,1,./eval/mnist_fc_growing/mnist-net_256x4.onnx_8_27_hist_2026-07-06_15-15-29.jld2,1.6782069206237793,3360.8896099907483
mnist-net_256x4.onnx,8,28,unknown,3.273882638,1,./eval/mnist_fc_growing/mnist-net_256x4.onnx_8_28_hist_2026-07-06_15-15-29.jld2,1.8495149612426758,3213.1843919821727
mnist-net_256x4.onnx,8,29,unknown,3.57239716,1,./eval/mnist_fc_growing/mnist-net_256x4.onnx_8_29_hist_2026-07-06_15-15-29.jld2,2.0166399478912354,3386.7318883781713
mnist-net_256x4.onnx,8,30,unknown,3.893951571,1,./eval/mnist_fc_growing/mnist-net_256x4.onnx_8_30_hist_2026-07-06_15-15-29.jld2,2.2050058841705322,3578.8950633534178
mnist-net_256x4.onnx,8,31,unknown,4.281119446,1,./eval/mnist_fc_growing/mnist-net_256x4.onnx_8_31_hist_2026-07-06_15-15-29.jld2,2.423017978668213,3698.9179442076334
mnist-net_256x4.onnx,8,32,unknown,4.637087464,1,./eval/mnist_fc_growing/mnist-net_256x4.onnx_8_32_hist_2026-07-06_15-15-29.jld2,2.6450870037078857,3967.3968159890387
mnist-net_256x4.onnx,8,33,unknown,5.086759013,1,./eval/mnist_fc_growing/mnist-net_256x4.onnx_8_33_hist_2026-07-06_15-15-29.jld2,2.9124858379364014,4056.789235090663
mnist-net_256x4.onnx,8,34,unknown,5.885686023,1,./eval/mnist_fc_growing/mnist-net_256x4.onnx_8_34_hist_2026-07-06_15-15-29.jld2,3.1772210597991943,4298.099729259712
mnist-net_256x4.onnx,8,35,unknown,6.474799854,1,./eval/mnist_fc_growing/mnist-net_256x4.onnx_8_35_hist_2026-07-06_15-15-29.jld2,3.4845409393310547,4350.323334491323
mnist-net_256x4.onnx,8,36,unknown,6.917791309,1,./eval/mnist_fc_growing/mnist-net_256x4.onnx_8_36_hist_2026-07-06_15-15-29.jld2,3.7925639152526855,4452.421143774588
mnist-net_256x4.onnx,8,37,unknown,7.549024378,1,./eval/mnist_fc_growing/mnist-net_256x4.onnx_8_37_hist_2026-07-06_15-15-29.jld2,4.13566780090332,4494.643883692148
mnist-net_256x4.onnx,8,38,unknown,8.240049556,1,./eval/mnist_fc_growing/mnist-net_256x4.onnx_8_38_hist_2026-07-06_15-15-29.jld2,4.514148950576782,4875.056295057248
mnist-net_256x4.onnx,8,39,unknown,9.039402383,1,./eval/mnist_fc_growing/mnist-net_256x4.onnx_8_39_hist_2026-07-06_15-15-29.jld2,4.993582010269165,4580.73074114784
mnist-net_256x4.onnx,8,40,unknown,9.811022297,1,./eval/mnist_fc_growing/mnist-net_256x4.onnx_8_40_hist_2026-07-06_15-15-29.jld2,5.397240161895752,4974.347613603401
mnist-net_256x4.onnx,8,41,unknown,10.683470665,1,./eval/mnist_fc_growing/mnist-net_256x4.onnx_8_41_hist_2026-07-06_15-15-29.jld2,5.900403022766113,5277.40636233814
mnist-net_256x4.onnx,8,42,unknown,11.636167821,1,./eval/mnist_fc_growing/mnist-net_256x4.onnx_8_42_hist_2026-07-06_15-15-29.jld2,6.429611921310425,5354.837109945557
mnist-net_256x4.onnx,8,43,unknown,12.669757152,1,./eval/mnist_fc_growing/mnist-net_256x4.onnx_8_43_hist_2026-07-06_15-15-29.jld2,7.000813961029053,5740.171577986831
mnist-net_256x4.onnx,8,44,unknown,13.60678589,1,./eval/mnist_fc_growing/mnist-net_256x4.onnx_8_44_hist_2026-07-06_15-15-29.jld2,7.60137414932251,6350.563756651331
mnist-net_256x4.onnx,8,45,unknown,15.001412735,1,./eval/mnist_fc_growing/mnist-net_256x4.onnx_8_45_hist_2026-07-06_15-15-29.jld2,8.55758810043335,6317.388930292582
mnist-net_256x4.onnx,8,46,unknown,16.301701278,1,./eval/mnist_fc_growing/mnist-net_256x4.onnx_8_46_hist_2026-07-06_15-15-29.jld2,9.329203128814697,6603.124236528134
mnist-net_256x4.onnx,8,47,unknown,17.51921461,1,./eval/mnist_fc_growing/mnist-net_256x4.onnx_8_47_hist_2026-07-06_15-15-29.jld2,10.05470085144043,7153.935259912363
mnist-net_256x4.onnx,8,48,unknown,18.915463872,1,./eval/mnist_fc_growing/mnist-net_256x4.onnx_8_48_hist_2026-07-06_15-15-29.jld2,10.885825157165527,8934.783896487723
mnist-net_256x4.onnx,8,49,unknown,20.247234348,1,./eval/mnist_fc_growing/mnist-net_256x4.onnx_8_49_hist_2026-07-06_15-15-29.jld2,11.384022951126099,9203.266011185895
mnist-net_256x4.onnx,8,50,unknown,22.033748537,1,./eval/mnist_fc_growing/mnist-net_256x4.onnx_8_50_hist_2026-07-06_15-15-29.jld2,12.977860927581787,9656.764749560172
mnist-net_256x4.onnx,9,1,unsat,0.113779421,1,./eval/mnist_fc_growing/mnist-net_256x4.onnx_9_1_hist_2026-07-06_15-15-29.jld2,0.052474021911621094,0.0
mnist-net_256x4.onnx,9,2,unsat,0.119224784,1,./eval/mnist_fc_growing/mnist-net_256x4.onnx_9_2_hist_2026-07-06_15-15-29.jld2,0.055335044860839844,0.0
mnist-net_256x4.onnx,9,3,unsat,0.132679719,1,./eval/mnist_fc_growing/mnist-net_256x4.onnx_9_3_hist_2026-07-06_15-15-29.jld2,0.06028604507446289,0.0
mnist-net_256x4.onnx,9,4,unsat,0.15073757,1,./eval/mnist_fc_growing/mnist-net_256x4.onnx_9_4_hist_2026-07-06_15-15-29.jld2,0.06766009330749512,0.0
mnist-net_256x4.onnx,9,5,unsat,0.170955389,1,./eval/mnist_fc_growing/mnist-net_256x4.onnx_9_5_hist_2026-07-06_15-15-29.jld2,0.0734109878540039,0.0
mnist-net_256x4.onnx,9,6,unknown,0.198515741,1,./eval/mnist_fc_growing/mnist-net_256x4.onnx_9_6_hist_2026-07-06_15-15-29.jld2,0.09038591384887695,2.9588970842085223
mnist-net_256x4.onnx,9,7,unknown,0.20405217,1,./eval/mnist_fc_growing/mnist-net_256x4.onnx_9_7_hist_2026-07-06_15-15-29.jld2,0.08779311180114746,17.21067019948148
mnist-net_256x4.onnx,9,8,unknown,0.237057997,1,./eval/mnist_fc_growing/mnist-net_256x4.onnx_9_8_hist_2026-07-06_15-15-29.jld2,0.09940409660339355,60.18727899752185
mnist-net_256x4.onnx,9,9,unknown,0.311096675,1,./eval/mnist_fc_growing/mnist-net_256x4.onnx_9_9_hist_2026-07-06_15-15-29.jld2,0.11418008804321289,64.12782293901914
mnist-net_256x4.onnx,9,10,unknown,0.312608443,1,./eval/mnist_fc_growing/mnist-net_256x4.onnx_9_10_hist_2026-07-06_15-15-29.jld2,0.1269688606262207,74.1264582725766
mnist-net_256x4.onnx,9,11,unknown,0.355068973,1,./eval/mnist_fc_growing/mnist-net_256x4.onnx_9_11_hist_2026-07-06_15-15-29.jld2,0.14322590827941895,116.83479743388916
mnist-net_256x4.onnx,9,12,unknown,0.4121655,1,./eval/mnist_fc_growing/mnist-net_256x4.onnx_9_12_hist_2026-07-06_15-15-29.jld2,0.1714627742767334,165.91787688282636
mnist-net_256x4.onnx,9,13,unknown,0.471461785,1,./eval/mnist_fc_growing/mnist-net_256x4.onnx_9_13_hist_2026-07-06_15-15-29.jld2,0.19887089729309082,195.94087885163728
mnist-net_256x4.onnx,9,14,unknown,0.548375042,1,./eval/mnist_fc_growing/mnist-net_256x4.onnx_9_14_hist_2026-07-06_15-15-29.jld2,0.23037290573120117,220.81725804287248
mnist-net_256x4.onnx,9,15,unknown,0.627190124,1,./eval/mnist_fc_growing/mnist-net_256x4.onnx_9_15_hist_2026-07-06_15-15-29.jld2,0.2770681381225586,284.90397723511364
mnist-net_256x4.onnx,9,16,unknown,0.722529446,1,./eval/mnist_fc_growing/mnist-net_256x4.onnx_9_16_hist_2026-07-06_15-15-29.jld2,0.32208800315856934,319.89424515686244
mnist-net_256x4.onnx,9,17,unknown,0.850545796,1,./eval/mnist_fc_growing/mnist-net_256x4.onnx_9_17_hist_2026-07-06_15-15-29.jld2,0.3899569511413574,354.38555619058775
mnist-net_256x4.onnx,9,18,unknown,0.943983158,1,./eval/mnist_fc_growing/mnist-net_256x4.onnx_9_18_hist_2026-07-06_15-15-29.jld2,0.44324707984924316,341.86245547481025
mnist-net_256x4.onnx,9,19,unknown,1.070449056,1,./eval/mnist_fc_growing/mnist-net_256x4.onnx_9_19_hist_2026-07-06_15-15-29.jld2,0.510361909866333,455.2963822236548
mnist-net_256x4.onnx,9,20,unknown,1.212293462,1,./eval/mnist_fc_growing/mnist-net_256x4.onnx_9_20_hist_2026-07-06_15-15-29.jld2,0.5830140113830566,467.19918653972934
mnist-net_256x4.onnx,9,21,unknown,1.361956846,1,./eval/mnist_fc_growing/mnist-net_256x4.onnx_9_21_hist_2026-07-06_15-15-29.jld2,0.6574549674987793,555.0558266598334
mnist-net_256x4.onnx,9,22,unknown,1.5329832,1,./eval/mnist_fc_growing/mnist-net_256x4.onnx_9_22_hist_2026-07-06_15-15-29.jld2,0.7416958808898926,305.4580319959652
mnist-net_256x4.onnx,9,23,unknown,1.703894633,1,./eval/mnist_fc_growing/mnist-net_256x4.onnx_9_23_hist_2026-07-06_15-15-29.jld2,0.8321669101715088,390.19625993001296
mnist-net_256x4.onnx,9,24,unknown,2.273997465,1,./eval/mnist_fc_growing/mnist-net_256x4.onnx_9_24_hist_2026-07-06_15-15-29.jld2,1.302536964416504,495.5219334961655
mnist-net_256x4.onnx,9,25,unknown,2.481922722,1,./eval/mnist_fc_growing/mnist-net_256x4.onnx_9_25_hist_2026-07-06_15-15-29.jld2,1.4090490341186523,579.5359545358099
mnist-net_256x4.onnx,9,26,unknown,2.742493011,1,./eval/mnist_fc_growing/mnist-net_256x4.onnx_9_26_hist_2026-07-06_15-15-29.jld2,1.539721965789795,782.9775437823874
mnist-net_256x4.onnx,9,27,unknown,2.983752626,1,./eval/mnist_fc_growing/mnist-net_256x4.onnx_9_27_hist_2026-07-06_15-15-29.jld2,1.6710221767425537,1195.2282720717553
mnist-net_256x4.onnx,9,28,unknown,3.291504724,1,./eval/mnist_fc_growing/mnist-net_256x4.onnx_9_28_hist_2026-07-06_15-15-29.jld2,1.856499195098877,1714.6319008523315
mnist-net_256x4.onnx,9,29,unknown,3.581083905,1,./eval/mnist_fc_growing/mnist-net_256x4.onnx_9_29_hist_2026-07-06_15-15-29.jld2,2.020426034927368,1855.3684748930893
mnist-net_256x4.onnx,9,30,unknown,3.925350256,1,./eval/mnist_fc_growing/mnist-net_256x4.onnx_9_30_hist_2026-07-06_15-15-29.jld2,2.235759973526001,2062.8709514586544
mnist-net_256x4.onnx,9,31,unknown,4.27324416,1,./eval/mnist_fc_growing/mnist-net_256x4.onnx_9_31_hist_2026-07-06_15-15-29.jld2,2.4201040267944336,2178.2637187829646
mnist-net_256x4.onnx,9,32,unknown,4.644953747,1,./eval/mnist_fc_growing/mnist-net_256x4.onnx_9_32_hist_2026-07-06_15-15-29.jld2,2.6516799926757812,2447.405960302655
mnist-net_256x4.onnx,9,33,unknown,5.085584476,1,./eval/mnist_fc_growing/mnist-net_256x4.onnx_9_33_hist_2026-07-06_15-15-29.jld2,2.9095170497894287,2591.1658486008528
mnist-net_256x4.onnx,9,34,unknown,5.938599068,1,./eval/mnist_fc_growing/mnist-net_256x4.onnx_9_34_hist_2026-07-06_15-15-29.jld2,3.174804925918579,2853.1828692701547
mnist-net_256x4.onnx,9,35,unknown,6.421461827,1,./eval/mnist_fc_growing/mnist-net_256x4.onnx_9_35_hist_2026-07-06_15-15-29.jld2,3.487628936767578,3228.9617475224686
mnist-net_256x4.onnx,9,36,unknown,6.933784462,1,./eval/mnist_fc_growing/mnist-net_256x4.onnx_9_36_hist_2026-07-06_15-15-29.jld2,3.807866096496582,3439.914137130242
mnist-net_256x4.onnx,9,37,unknown,7.579352327,1,./eval/mnist_fc_growing/mnist-net_256x4.onnx_9_37_hist_2026-07-06_15-15-29.jld2,4.180701971054077,3923.9335818375066
mnist-net_256x4.onnx,9,38,unknown,8.256316284,1,./eval/mnist_fc_growing/mnist-net_256x4.onnx_9_38_hist_2026-07-06_15-15-29.jld2,4.526257038116455,4184.384925460921
mnist-net_256x4.onnx,9,39,unknown,9.033925364,1,./eval/mnist_fc_growing/mnist-net_256x4.onnx_9_39_hist_2026-07-06_15-15-29.jld2,4.948254108428955,4432.477450133195
mnist-net_256x4.onnx,9,40,unknown,9.818642135,1,./eval/mnist_fc_growing/mnist-net_256x4.onnx_9_40_hist_2026-07-06_15-15-29.jld2,5.403347015380859,4734.243818984545
mnist-net_256x4.onnx,9,41,unknown,10.667285431,1,./eval/mnist_fc_growing/mnist-net_256x4.onnx_9_41_hist_2026-07-06_15-15-29.jld2,5.893760919570923,4891.75542367665
mnist-net_256x4.onnx,9,42,unknown,11.572089136,1,./eval/mnist_fc_growing/mnist-net_256x4.onnx_9_42_hist_2026-07-06_15-15-29.jld2,6.421655893325806,5530.866414310489
mnist-net_256x4.onnx,9,43,unknown,12.632448378,1,./eval/mnist_fc_growing/mnist-net_256x4.onnx_9_43_hist_2026-07-06_15-15-29.jld2,7.052896022796631,5718.855950512734
mnist-net_256x4.onnx,9,44,unknown,13.978875246,1,./eval/mnist_fc_growing/mnist-net_256x4.onnx_9_44_hist_2026-07-06_15-15-29.jld2,7.960721015930176,6150.152643681953
mnist-net_256x4.onnx,9,45,unknown,15.042803457,1,./eval/mnist_fc_growing/mnist-net_256x4.onnx_9_45_hist_2026-07-06_15-15-29.jld2,8.585416078567505,6647.463291572217
mnist-net_256x4.onnx,9,46,unknown,16.14638405,1,./eval/mnist_fc_growing/mnist-net_256x4.onnx_9_46_hist_2026-07-06_15-15-29.jld2,9.255156993865967,6605.733480316716
mnist-net_256x4.onnx,9,47,unknown,17.467499197,1,./eval/mnist_fc_growing/mnist-net_256x4.onnx_9_47_hist_2026-07-06_15-15-29.jld2,10.019539833068848,7306.140479597534
mnist-net_256x4.onnx,9,48,unknown,18.901829676,1,./eval/mnist_fc_growing/mnist-net_256x4.onnx_9_48_hist_2026-07-06_15-15-29.jld2,10.934040069580078,7705.516923840721
mnist-net_256x4.onnx,9,49,unknown,20.220957575,1,./eval/mnist_fc_growing/mnist-net_256x4.onnx_9_49_hist_2026-07-06_15-15-29.jld2,11.740170001983643,7995.636754430374
mnist-net_256x4.onnx,9,50,unknown,22.029244088,1,./eval/mnist_fc_growing/mnist-net_256x4.onnx_9_50_hist_2026-07-06_15-15-29.jld2,12.991138935089111,8316.98489745946
mnist-net_256x4.onnx,10,1,unsat,0.107166931,1,./eval/mnist_fc_growing/mnist-net_256x4.onnx_10_1_hist_2026-07-06_15-15-29.jld2,0.05176115036010742,0.0
mnist-net_256x4.onnx,10,2,unsat,0.120920374,1,./eval/mnist_fc_growing/mnist-net_256x4.onnx_10_2_hist_2026-07-06_15-15-29.jld2,0.055583953857421875,0.0
mnist-net_256x4.onnx,10,3,unsat,0.132453554,1,./eval/mnist_fc_growing/mnist-net_256x4.onnx_10_3_hist_2026-07-06_15-15-29.jld2,0.06033182144165039,0.0
mnist-net_256x4.onnx,10,4,unsat,0.147765553,1,./eval/mnist_fc_growing/mnist-net_256x4.onnx_10_4_hist_2026-07-06_15-15-29.jld2,0.06686806678771973,0.0
mnist-net_256x4.onnx,10,5,unsat,0.171959265,1,./eval/mnist_fc_growing/mnist-net_256x4.onnx_10_5_hist_2026-07-06_15-15-29.jld2,0.0735161304473877,0.0
mnist-net_256x4.onnx,10,6,unsat,0.205356483,1,./eval/mnist_fc_growing/mnist-net_256x4.onnx_10_6_hist_2026-07-06_15-15-29.jld2,0.08984994888305664,0.0
mnist-net_256x4.onnx,10,7,unsat,0.204611327,1,./eval/mnist_fc_growing/mnist-net_256x4.onnx_10_7_hist_2026-07-06_15-15-29.jld2,0.08795309066772461,0.0
mnist-net_256x4.onnx,10,8,unsat,0.233534689,1,./eval/mnist_fc_growing/mnist-net_256x4.onnx_10_8_hist_2026-07-06_15-15-29.jld2,0.0995948314666748,0.0
mnist-net_256x4.onnx,10,9,unsat,0.268553468,1,./eval/mnist_fc_growing/mnist-net_256x4.onnx_10_9_hist_2026-07-06_15-15-29.jld2,0.11437296867370605,0.0
mnist-net_256x4.onnx,10,10,unsat,0.313080089,1,./eval/mnist_fc_growing/mnist-net_256x4.onnx_10_10_hist_2026-07-06_15-15-29.jld2,0.127824068069458,0.0
mnist-net_256x4.onnx,10,11,unsat,0.354708405,1,./eval/mnist_fc_growing/mnist-net_256x4.onnx_10_11_hist_2026-07-06_15-15-29.jld2,0.14325904846191406,0.0
mnist-net_256x4.onnx,10,12,unsat,0.426263372,1,./eval/mnist_fc_growing/mnist-net_256x4.onnx_10_12_hist_2026-07-06_15-15-29.jld2,0.17122292518615723,0.0
mnist-net_256x4.onnx,10,13,unsat,0.472351042,1,./eval/mnist_fc_growing/mnist-net_256x4.onnx_10_13_hist_2026-07-06_15-15-29.jld2,0.19964313507080078,0.0
mnist-net_256x4.onnx,10,14,unsat,0.547322093,1,./eval/mnist_fc_growing/mnist-net_256x4.onnx_10_14_hist_2026-07-06_15-15-29.jld2,0.23292183876037598,0.0
mnist-net_256x4.onnx,10,15,unsat,0.629971617,1,./eval/mnist_fc_growing/mnist-net_256x4.onnx_10_15_hist_2026-07-06_15-15-29.jld2,0.27936697006225586,0.0
mnist-net_256x4.onnx,10,16,unsat,0.722833185,1,./eval/mnist_fc_growing/mnist-net_256x4.onnx_10_16_hist_2026-07-06_15-15-29.jld2,0.3230099678039551,0.0
mnist-net_256x4.onnx,10,17,unsat,0.84721692,1,./eval/mnist_fc_growing/mnist-net_256x4.onnx_10_17_hist_2026-07-06_15-15-29.jld2,0.3863041400909424,0.0
mnist-net_256x4.onnx,10,18,unsat,0.940255333,1,./eval/mnist_fc_growing/mnist-net_256x4.onnx_10_18_hist_2026-07-06_15-15-29.jld2,0.43958091735839844,0.0
mnist-net_256x4.onnx,10,19,unsat,1.071733982,1,./eval/mnist_fc_growing/mnist-net_256x4.onnx_10_19_hist_2026-07-06_15-15-29.jld2,0.5140800476074219,0.0
mnist-net_256x4.onnx,10,20,unsat,1.20881603,1,./eval/mnist_fc_growing/mnist-net_256x4.onnx_10_20_hist_2026-07-06_15-15-29.jld2,0.5789828300476074,0.0
mnist-net_256x4.onnx,10,21,unsat,1.360375441,1,./eval/mnist_fc_growing/mnist-net_256x4.onnx_10_21_hist_2026-07-06_15-15-29.jld2,0.656419038772583,0.0
mnist-net_256x4.onnx,10,22,unsat,1.52128792,1,./eval/mnist_fc_growing/mnist-net_256x4.onnx_10_22_hist_2026-07-06_15-15-29.jld2,0.7406010627746582,0.0
mnist-net_256x4.onnx,10,23,unknown,1.775413928,1,./eval/mnist_fc_growing/mnist-net_256x4.onnx_10_23_hist_2026-07-06_15-15-29.jld2,0.8352630138397217,0.015030730997267878
mnist-net_256x4.onnx,10,24,unknown,2.255587309,1,./eval/mnist_fc_growing/mnist-net_256x4.onnx_10_24_hist_2026-07-06_15-15-29.jld2,1.2932178974151611,4.308898734077364
mnist-net_256x4.onnx,10,25,unknown,2.470185285,1,./eval/mnist_fc_growing/mnist-net_256x4.onnx_10_25_hist_2026-07-06_15-15-29.jld2,1.4060118198394775,23.57910353941061
mnist-net_256x4.onnx,10,26,unknown,2.70386865,1,./eval/mnist_fc_growing/mnist-net_256x4.onnx_10_26_hist_2026-07-06_15-15-29.jld2,1.5307469367980957,63.530779829945246
mnist-net_256x4.onnx,10,27,unknown,2.964277243,1,./eval/mnist_fc_growing/mnist-net_256x4.onnx_10_27_hist_2026-07-06_15-15-29.jld2,1.6716368198394775,144.7374276625597
mnist-net_256x4.onnx,10,28,unknown,3.278548442,1,./eval/mnist_fc_growing/mnist-net_256x4.onnx_10_28_hist_2026-07-06_15-15-29.jld2,1.843916893005371,241.3236255963586
mnist-net_256x4.onnx,10,29,unknown,3.573479553,1,./eval/mnist_fc_growing/mnist-net_256x4.onnx_10_29_hist_2026-07-06_15-15-29.jld2,2.017409086227417,340.4448521701519
mnist-net_256x4.onnx,10,30,unknown,3.919328492,1,./eval/mnist_fc_growing/mnist-net_256x4.onnx_10_30_hist_2026-07-06_15-15-29.jld2,2.222429037094116,155.68892628417842
mnist-net_256x4.onnx,10,31,unknown,4.300035373,1,./eval/mnist_fc_growing/mnist-net_256x4.onnx_10_31_hist_2026-07-06_15-15-29.jld2,2.441922187805176,285.15687732956144
mnist-net_256x4.onnx,10,32,unknown,4.671439214,1,./eval/mnist_fc_growing/mnist-net_256x4.onnx_10_32_hist_2026-07-06_15-15-29.jld2,2.663454055786133,413.1039383709084
mnist-net_256x4.onnx,10,33,unknown,5.117432073,1,./eval/mnist_fc_growing/mnist-net_256x4.onnx_10_33_hist_2026-07-06_15-15-29.jld2,2.9327869415283203,700.0537018073522
mnist-net_256x4.onnx,10,34,unknown,5.894613007,1,./eval/mnist_fc_growing/mnist-net_256x4.onnx_10_34_hist_2026-07-06_15-15-29.jld2,3.1899938583374023,871.0556383671511
mnist-net_256x4.onnx,10,35,unknown,6.418711221,1,./eval/mnist_fc_growing/mnist-net_256x4.onnx_10_35_hist_2026-07-06_15-15-29.jld2,3.475994110107422,1156.5256868265287
mnist-net_256x4.onnx,10,36,unknown,6.904960011,1,./eval/mnist_fc_growing/mnist-net_256x4.onnx_10_36_hist_2026-07-06_15-15-29.jld2,3.779205083847046,1322.193166472417
mnist-net_256x4.onnx,10,37,unknown,7.524716115,1,./eval/mnist_fc_growing/mnist-net_256x4.onnx_10_37_hist_2026-07-06_15-15-29.jld2,4.145034074783325,1434.7383553474717
mnist-net_256x4.onnx,10,38,unknown,8.242530346,1,./eval/mnist_fc_growing/mnist-net_256x4.onnx_10_38_hist_2026-07-06_15-15-29.jld2,4.53923487663269,1828.3538886072952
mnist-net_256x4.onnx,10,39,unknown,9.017078129,1,./eval/mnist_fc_growing/mnist-net_256x4.onnx_10_39_hist_2026-07-06_15-15-29.jld2,4.9675891399383545,2573.7899633826955
mnist-net_256x4.onnx,10,40,unknown,9.86777354,1,./eval/mnist_fc_growing/mnist-net_256x4.onnx_10_40_hist_2026-07-06_15-15-29.jld2,5.421300172805786,3118.8711383373193
mnist-net_256x4.onnx,10,41,unknown,10.707456124,1,./eval/mnist_fc_growing/mnist-net_256x4.onnx_10_41_hist_2026-07-06_15-15-29.jld2,5.908406019210815,3238.258499256054
mnist-net_256x4.onnx,10,42,unknown,11.59971732,1,./eval/mnist_fc_growing/mnist-net_256x4.onnx_10_42_hist_2026-07-06_15-15-29.jld2,6.41631293296814,3177.483037950904
mnist-net_256x4.onnx,10,43,unknown,12.58131436,1,./eval/mnist_fc_growing/mnist-net_256x4.onnx_10_43_hist_2026-07-06_15-15-29.jld2,6.978595972061157,3303.5592501297624
mnist-net_256x4.onnx,10,44,unknown,13.602460507,1,./eval/mnist_fc_growing/mnist-net_256x4.onnx_10_44_hist_2026-07-06_15-15-29.jld2,7.595075845718384,3503.3330006432134
mnist-net_256x4.onnx,10,45,unknown,14.663027068,1,./eval/mnist_fc_growing/mnist-net_256x4.onnx_10_45_hist_2026-07-06_15-15-29.jld2,8.21752405166626,4147.480982504222
mnist-net_256x4.onnx,10,46,unknown,16.194674473,1,./eval/mnist_fc_growing/mnist-net_256x4.onnx_10_46_hist_2026-07-06_15-15-29.jld2,9.288628816604614,4305.902484014984
mnist-net_256x4.onnx,10,47,unknown,17.505995069,1,./eval/mnist_fc_growing/mnist-net_256x4.onnx_10_47_hist_2026-07-06_15-15-29.jld2,10.05515718460083,4572.651635198727
mnist-net_256x4.onnx,10,48,unknown,18.956262307,1,./eval/mnist_fc_growing/mnist-net_256x4.onnx_10_48_hist_2026-07-06_15-15-29.jld2,10.877264976501465,5271.445356786504
mnist-net_256x4.onnx,10,49,unknown,20.140984434,1,./eval/mnist_fc_growing/mnist-net_256x4.onnx_10_49_hist_2026-07-06_15-15-29.jld2,11.320247888565063,5348.143376829392
mnist-net_256x4.onnx,10,50,unknown,21.992112705,1,./eval/mnist_fc_growing/mnist-net_256x4.onnx_10_50_hist_2026-07-06_15-15-29.jld2,12.93584394454956,5605.698420556342
mnist-net_256x4.onnx,11,1,unsat,0.109594795,1,./eval/mnist_fc_growing/mnist-net_256x4.onnx_11_1_hist_2026-07-06_15-15-29.jld2,0.05250716209411621,0.0
mnist-net_256x4.onnx,11,2,unsat,0.119561277,1,./eval/mnist_fc_growing/mnist-net_256x4.onnx_11_2_hist_2026-07-06_15-15-29.jld2,0.055689096450805664,0.0
mnist-net_256x4.onnx,11,3,unsat,0.133040261,1,./eval/mnist_fc_growing/mnist-net_256x4.onnx_11_3_hist_2026-07-06_15-15-29.jld2,0.060459136962890625,0.0
mnist-net_256x4.onnx,11,4,unsat,0.157316718,1,./eval/mnist_fc_growing/mnist-net_256x4.onnx_11_4_hist_2026-07-06_15-15-29.jld2,0.07323908805847168,0.0
mnist-net_256x4.onnx,11,5,unsat,0.17115244,1,./eval/mnist_fc_growing/mnist-net_256x4.onnx_11_5_hist_2026-07-06_15-15-29.jld2,0.07344603538513184,0.0
mnist-net_256x4.onnx,11,6,unsat,0.197634679,1,./eval/mnist_fc_growing/mnist-net_256x4.onnx_11_6_hist_2026-07-06_15-15-29.jld2,0.08985710144042969,0.0
mnist-net_256x4.onnx,11,7,unsat,0.203607889,1,./eval/mnist_fc_growing/mnist-net_256x4.onnx_11_7_hist_2026-07-06_15-15-29.jld2,0.08771300315856934,0.0
mnist-net_256x4.onnx,11,8,unknown,0.23278558,1,./eval/mnist_fc_growing/mnist-net_256x4.onnx_11_8_hist_2026-07-06_15-15-29.jld2,0.09940290451049805,5.643661778561547
mnist-net_256x4.onnx,11,9,unknown,0.281354364,1,./eval/mnist_fc_growing/mnist-net_256x4.onnx_11_9_hist_2026-07-06_15-15-29.jld2,0.1141347885131836,6.843067963195034
mnist-net_256x4.onnx,11,10,unknown,0.314482265,1,./eval/mnist_fc_growing/mnist-net_256x4.onnx_11_10_hist_2026-07-06_15-15-29.jld2,0.12888693809509277,6.935669057872173
mnist-net_256x4.onnx,11,11,unknown,0.356274942,1,./eval/mnist_fc_growing/mnist-net_256x4.onnx_11_11_hist_2026-07-06_15-15-29.jld2,0.14334511756896973,38.98399592887096
mnist-net_256x4.onnx,11,12,unknown,0.410844796,1,./eval/mnist_fc_growing/mnist-net_256x4.onnx_11_12_hist_2026-07-06_15-15-29.jld2,0.17112493515014648,153.53049363053213
mnist-net_256x4.onnx,11,13,unknown,0.471542309,1,./eval/mnist_fc_growing/mnist-net_256x4.onnx_11_13_hist_2026-07-06_15-15-29.jld2,0.1978759765625,208.10768830885803
mnist-net_256x4.onnx,11,14,unknown,0.549723369,1,./eval/mnist_fc_growing/mnist-net_256x4.onnx_11_14_hist_2026-07-06_15-15-29.jld2,0.23063898086547852,272.8181134562713
mnist-net_256x4.onnx,11,15,unknown,0.628146169,1,./eval/mnist_fc_growing/mnist-net_256x4.onnx_11_15_hist_2026-07-06_15-15-29.jld2,0.27687716484069824,355.7180892664202
mnist-net_256x4.onnx,11,16,unknown,0.722556368,1,./eval/mnist_fc_growing/mnist-net_256x4.onnx_11_16_hist_2026-07-06_15-15-29.jld2,0.32091498374938965,231.99800453965264
mnist-net_256x4.onnx,11,17,unknown,0.854503951,1,./eval/mnist_fc_growing/mnist-net_256x4.onnx_11_17_hist_2026-07-06_15-15-29.jld2,0.39113283157348633,299.9137519750474
mnist-net_256x4.onnx,11,18,unknown,0.94060608,1,./eval/mnist_fc_growing/mnist-net_256x4.onnx_11_18_hist_2026-07-06_15-15-29.jld2,0.44333696365356445,116.18114965205513
mnist-net_256x4.onnx,11,19,unknown,1.072559487,1,./eval/mnist_fc_growing/mnist-net_256x4.onnx_11_19_hist_2026-07-06_15-15-29.jld2,0.5123410224914551,133.39483105070565
mnist-net_256x4.onnx,11,20,unknown,1.209017484,1,./eval/mnist_fc_growing/mnist-net_256x4.onnx_11_20_hist_2026-07-06_15-15-29.jld2,0.5820479393005371,149.52967023470558
mnist-net_256x4.onnx,11,21,unknown,1.431434483,1,./eval/mnist_fc_growing/mnist-net_256x4.onnx_11_21_hist_2026-07-06_15-15-29.jld2,0.7269117832183838,166.39394623104772
mnist-net_256x4.onnx,11,22,unknown,1.527318516,1,./eval/mnist_fc_growing/mnist-net_256x4.onnx_11_22_hist_2026-07-06_15-15-29.jld2,0.7418859004974365,196.35962497892987
mnist-net_256x4.onnx,11,23,unknown,1.698060249,1,./eval/mnist_fc_growing/mnist-net_256x4.onnx_11_23_hist_2026-07-06_15-15-29.jld2,0.8305399417877197,256.88119143312196
mnist-net_256x4.onnx,11,24,unknown,2.31327781,1,./eval/mnist_fc_growing/mnist-net_256x4.onnx_11_24_hist_2026-07-06_15-15-29.jld2,1.2951531410217285,268.55868476607776
mnist-net_256x4.onnx,11,25,unknown,2.461411118,1,./eval/mnist_fc_growing/mnist-net_256x4.onnx_11_25_hist_2026-07-06_15-15-29.jld2,1.3986120223999023,391.2166762870179
mnist-net_256x4.onnx,11,26,unknown,2.70383611,1,./eval/mnist_fc_growing/mnist-net_256x4.onnx_11_26_hist_2026-07-06_15-15-29.jld2,1.5336201190948486,474.29466523312703
mnist-net_256x4.onnx,11,27,unknown,2.961162038,1,./eval/mnist_fc_growing/mnist-net_256x4.onnx_11_27_hist_2026-07-06_15-15-29.jld2,1.673680067062378,1054.4505804475896
mnist-net_256x4.onnx,11,28,unknown,3.291144089,1,./eval/mnist_fc_growing/mnist-net_256x4.onnx_11_28_hist_2026-07-06_15-15-29.jld2,1.8662738800048828,1355.2615147990953
mnist-net_256x4.onnx,11,29,unknown,3.566672108,1,./eval/mnist_fc_growing/mnist-net_256x4.onnx_11_29_hist_2026-07-06_15-15-29.jld2,2.011237859725952,1702.6151070417504
mnist-net_256x4.onnx,11,30,unknown,3.920096551,1,./eval/mnist_fc_growing/mnist-net_256x4.onnx_11_30_hist_2026-07-06_15-15-29.jld2,2.2382078170776367,1982.2375328986552
mnist-net_256x4.onnx,11,31,unknown,4.276474925,1,./eval/mnist_fc_growing/mnist-net_256x4.onnx_11_31_hist_2026-07-06_15-15-29.jld2,2.4281678199768066,2279.958102402831
mnist-net_256x4.onnx,11,32,unknown,4.646022878,1,./eval/mnist_fc_growing/mnist-net_256x4.onnx_11_32_hist_2026-07-06_15-15-29.jld2,2.656917095184326,2556.1683978937817
mnist-net_256x4.onnx,11,33,unknown,5.082278582,1,./eval/mnist_fc_growing/mnist-net_256x4.onnx_11_33_hist_2026-07-06_15-15-29.jld2,2.9160871505737305,2956.4067200047975
mnist-net_256x4.onnx,11,34,unknown,5.918026149,1,./eval/mnist_fc_growing/mnist-net_256x4.onnx_11_34_hist_2026-07-06_15-15-29.jld2,3.1942291259765625,3318.483182191604
mnist-net_256x4.onnx,11,35,unknown,6.453192706,1,./eval/mnist_fc_growing/mnist-net_256x4.onnx_11_35_hist_2026-07-06_15-15-29.jld2,3.5078539848327637,3447.353775185631
mnist-net_256x4.onnx,11,36,unknown,7.057648732,1,./eval/mnist_fc_growing/mnist-net_256x4.onnx_11_36_hist_2026-07-06_15-15-29.jld2,3.807245969772339,3637.500869618457
mnist-net_256x4.onnx,11,37,unknown,7.564649555,1,./eval/mnist_fc_growing/mnist-net_256x4.onnx_11_37_hist_2026-07-06_15-15-29.jld2,4.148385047912598,4194.587435097599
mnist-net_256x4.onnx,11,38,unknown,8.243785692,1,./eval/mnist_fc_growing/mnist-net_256x4.onnx_11_38_hist_2026-07-06_15-15-29.jld2,4.518846035003662,2869.310286969664
mnist-net_256x4.onnx,11,39,unknown,9.031116479,1,./eval/mnist_fc_growing/mnist-net_256x4.onnx_11_39_hist_2026-07-06_15-15-29.jld2,4.942363023757935,2771.817144063107
mnist-net_256x4.onnx,11,40,unknown,9.814544259,1,./eval/mnist_fc_growing/mnist-net_256x4.onnx_11_40_hist_2026-07-06_15-15-29.jld2,5.4085612297058105,3306.8664077563094
mnist-net_256x4.onnx,11,41,unknown,10.767873765,1,./eval/mnist_fc_growing/mnist-net_256x4.onnx_11_41_hist_2026-07-06_15-15-29.jld2,5.941987037658691,3633.6592328562797
mnist-net_256x4.onnx,11,42,unknown,11.650294395,1,./eval/mnist_fc_growing/mnist-net_256x4.onnx_11_42_hist_2026-07-06_15-15-29.jld2,6.467818021774292,3741.8434135952766
mnist-net_256x4.onnx,11,43,unknown,12.605263399,1,./eval/mnist_fc_growing/mnist-net_256x4.onnx_11_43_hist_2026-07-06_15-15-29.jld2,6.988023996353149,3854.9598413253616
mnist-net_256x4.onnx,11,44,unknown,13.610760719,1,./eval/mnist_fc_growing/mnist-net_256x4.onnx_11_44_hist_2026-07-06_15-15-29.jld2,7.57470703125,3712.3869095671366
mnist-net_256x4.onnx,11,45,unknown,14.999642183,1,./eval/mnist_fc_growing/mnist-net_256x4.onnx_11_45_hist_2026-07-06_15-15-29.jld2,8.548857927322388,4128.947809712619
mnist-net_256x4.onnx,11,46,unknown,16.29880442,1,./eval/mnist_fc_growing/mnist-net_256x4.onnx_11_46_hist_2026-07-06_15-15-29.jld2,9.374881029129028,4678.9317573350945
mnist-net_256x4.onnx,11,47,unknown,17.526818487,1,./eval/mnist_fc_growing/mnist-net_256x4.onnx_11_47_hist_2026-07-06_15-15-29.jld2,9.988239049911499,5078.370475684312
mnist-net_256x4.onnx,11,48,unknown,18.879864616,1,./eval/mnist_fc_growing/mnist-net_256x4.onnx_11_48_hist_2026-07-06_15-15-29.jld2,10.881927013397217,5362.048522711808
mnist-net_256x4.onnx,11,49,unknown,20.246029402,1,./eval/mnist_fc_growing/mnist-net_256x4.onnx_11_49_hist_2026-07-06_15-15-29.jld2,11.778544902801514,5499.175600364096
mnist-net_256x4.onnx,11,50,unknown,21.971879187,1,./eval/mnist_fc_growing/mnist-net_256x4.onnx_11_50_hist_2026-07-06_15-15-29.jld2,12.67070198059082,5886.176674102291
mnist-net_256x4.onnx,12,1,unsat,0.108086914,1,./eval/mnist_fc_growing/mnist-net_256x4.onnx_12_1_hist_2026-07-06_15-15-29.jld2,0.052371978759765625,0.0
mnist-net_256x4.onnx,12,2,unsat,0.120502551,1,./eval/mnist_fc_growing/mnist-net_256x4.onnx_12_2_hist_2026-07-06_15-15-29.jld2,0.05584001541137695,0.0
mnist-net_256x4.onnx,12,3,unsat,0.135781587,1,./eval/mnist_fc_growing/mnist-net_256x4.onnx_12_3_hist_2026-07-06_15-15-29.jld2,0.06122708320617676,0.0
mnist-net_256x4.onnx,12,4,unsat,0.151584755,1,./eval/mnist_fc_growing/mnist-net_256x4.onnx_12_4_hist_2026-07-06_15-15-29.jld2,0.06817793846130371,0.0
mnist-net_256x4.onnx,12,5,unsat,0.171779276,1,./eval/mnist_fc_growing/mnist-net_256x4.onnx_12_5_hist_2026-07-06_15-15-29.jld2,0.07353496551513672,0.0
mnist-net_256x4.onnx,12,6,unsat,0.198319887,1,./eval/mnist_fc_growing/mnist-net_256x4.onnx_12_6_hist_2026-07-06_15-15-29.jld2,0.08962297439575195,0.0
mnist-net_256x4.onnx,12,7,unsat,0.204338212,1,./eval/mnist_fc_growing/mnist-net_256x4.onnx_12_7_hist_2026-07-06_15-15-29.jld2,0.08788394927978516,0.0
mnist-net_256x4.onnx,12,8,unsat,0.232692179,1,./eval/mnist_fc_growing/mnist-net_256x4.onnx_12_8_hist_2026-07-06_15-15-29.jld2,0.09910106658935547,0.0
mnist-net_256x4.onnx,12,9,unsat,0.267341518,1,./eval/mnist_fc_growing/mnist-net_256x4.onnx_12_9_hist_2026-07-06_15-15-29.jld2,0.11380505561828613,0.0
mnist-net_256x4.onnx,12,10,unsat,0.313850246,1,./eval/mnist_fc_growing/mnist-net_256x4.onnx_12_10_hist_2026-07-06_15-15-29.jld2,0.1278839111328125,0.0
mnist-net_256x4.onnx,12,11,unsat,0.354104499,1,./eval/mnist_fc_growing/mnist-net_256x4.onnx_12_11_hist_2026-07-06_15-15-29.jld2,0.14313197135925293,0.0
mnist-net_256x4.onnx,12,12,unknown,0.412702745,1,./eval/mnist_fc_growing/mnist-net_256x4.onnx_12_12_hist_2026-07-06_15-15-29.jld2,0.17129802703857422,16.51697451968543
mnist-net_256x4.onnx,12,13,unknown,0.471882959,1,./eval/mnist_fc_growing/mnist-net_256x4.onnx_12_13_hist_2026-07-06_15-15-29.jld2,0.198944091796875,9.375003832306785
mnist-net_256x4.onnx,12,14,unknown,0.544469915,1,./eval/mnist_fc_growing/mnist-net_256x4.onnx_12_14_hist_2026-07-06_15-15-29.jld2,0.231201171875,111.99383004097102
mnist-net_256x4.onnx,12,15,unknown,0.628159672,1,./eval/mnist_fc_growing/mnist-net_256x4.onnx_12_15_hist_2026-07-06_15-15-29.jld2,0.278458833694458,175.9608403038328
mnist-net_256x4.onnx,12,16,unknown,0.743129117,1,./eval/mnist_fc_growing/mnist-net_256x4.onnx_12_16_hist_2026-07-06_15-15-29.jld2,0.3230550289154053,245.34902845853287
mnist-net_256x4.onnx,12,17,unknown,0.851997081,1,./eval/mnist_fc_growing/mnist-net_256x4.onnx_12_17_hist_2026-07-06_15-15-29.jld2,0.39202094078063965,314.9157186184876
mnist-net_256x4.onnx,12,18,unknown,0.948035315,1,./eval/mnist_fc_growing/mnist-net_256x4.onnx_12_18_hist_2026-07-06_15-15-29.jld2,0.44417715072631836,390.7185689324454
mnist-net_256x4.onnx,12,19,unknown,1.071781338,1,./eval/mnist_fc_growing/mnist-net_256x4.onnx_12_19_hist_2026-07-06_15-15-29.jld2,0.5108029842376709,463.05271075542095
mnist-net_256x4.onnx,12,20,unknown,1.21476464,1,./eval/mnist_fc_growing/mnist-net_256x4.onnx_12_20_hist_2026-07-06_15-15-29.jld2,0.586021900177002,594.2085288777386
mnist-net_256x4.onnx,12,21,unknown,1.367254028,1,./eval/mnist_fc_growing/mnist-net_256x4.onnx_12_21_hist_2026-07-06_15-15-29.jld2,0.6617701053619385,641.9878620704169
mnist-net_256x4.onnx,12,22,unknown,1.526340334,1,./eval/mnist_fc_growing/mnist-net_256x4.onnx_12_22_hist_2026-07-06_15-15-29.jld2,0.7430989742279053,594.8126472045943
mnist-net_256x4.onnx,12,23,unknown,1.705913997,1,./eval/mnist_fc_growing/mnist-net_256x4.onnx_12_23_hist_2026-07-06_15-15-29.jld2,0.8328790664672852,665.0839386908006
mnist-net_256x4.onnx,12,24,unknown,2.260233512,1,./eval/mnist_fc_growing/mnist-net_256x4.onnx_12_24_hist_2026-07-06_15-15-29.jld2,1.2943239212036133,624.7676792287707
mnist-net_256x4.onnx,12,25,unknown,2.483850396,1,./eval/mnist_fc_growing/mnist-net_256x4.onnx_12_25_hist_2026-07-06_15-15-29.jld2,1.410762071609497,503.6939458865848
mnist-net_256x4.onnx,12,26,unknown,2.709380874,1,./eval/mnist_fc_growing/mnist-net_256x4.onnx_12_26_hist_2026-07-06_15-15-29.jld2,1.5344290733337402,740.4050227238887
mnist-net_256x4.onnx,12,27,unknown,2.97436779,1,./eval/mnist_fc_growing/mnist-net_256x4.onnx_12_27_hist_2026-07-06_15-15-29.jld2,1.6713731288909912,848.8886190717026
mnist-net_256x4.onnx,12,28,unknown,3.331982891,1,./eval/mnist_fc_growing/mnist-net_256x4.onnx_12_28_hist_2026-07-06_15-15-29.jld2,1.853773832321167,884.9795995884451
mnist-net_256x4.onnx,12,29,unknown,3.578834642,1,./eval/mnist_fc_growing/mnist-net_256x4.onnx_12_29_hist_2026-07-06_15-15-29.jld2,2.0205190181732178,956.1798892623061
mnist-net_256x4.onnx,12,30,unknown,3.953122661,1,./eval/mnist_fc_growing/mnist-net_256x4.onnx_12_30_hist_2026-07-06_15-15-29.jld2,2.2382519245147705,1019.9603190166503
mnist-net_256x4.onnx,12,31,unknown,4.301058586,1,./eval/mnist_fc_growing/mnist-net_256x4.onnx_12_31_hist_2026-07-06_15-15-29.jld2,2.434640884399414,1027.053810933326
mnist-net_256x4.onnx,12,32,unknown,4.676096201,1,./eval/mnist_fc_growing/mnist-net_256x4.onnx_12_32_hist_2026-07-06_15-15-29.jld2,2.6591269969940186,1111.186385058265
mnist-net_256x4.onnx,12,33,unknown,5.129880008,1,./eval/mnist_fc_growing/mnist-net_256x4.onnx_12_33_hist_2026-07-06_15-15-29.jld2,2.9103078842163086,1261.1369439710204
mnist-net_256x4.onnx,12,34,unknown,5.884246653,1,./eval/mnist_fc_growing/mnist-net_256x4.onnx_12_34_hist_2026-07-06_15-15-29.jld2,3.1768460273742676,1363.9734552127804
mnist-net_256x4.onnx,12,35,unknown,6.416738184,1,./eval/mnist_fc_growing/mnist-net_256x4.onnx_12_35_hist_2026-07-06_15-15-29.jld2,3.4865550994873047,1420.828179321159
mnist-net_256x4.onnx,12,36,unknown,6.929954277,1,./eval/mnist_fc_growing/mnist-net_256x4.onnx_12_36_hist_2026-07-06_15-15-29.jld2,3.801975965499878,1520.183713206544
mnist-net_256x4.onnx,12,37,unknown,7.564686861,1,./eval/mnist_fc_growing/mnist-net_256x4.onnx_12_37_hist_2026-07-06_15-15-29.jld2,4.158583164215088,1630.015665706889
mnist-net_256x4.onnx,12,38,unknown,8.265554718,1,./eval/mnist_fc_growing/mnist-net_256x4.onnx_12_38_hist_2026-07-06_15-15-29.jld2,4.541311979293823,1739.9635061977397
mnist-net_256x4.onnx,12,39,unknown,9.033054378,1,./eval/mnist_fc_growing/mnist-net_256x4.onnx_12_39_hist_2026-07-06_15-15-29.jld2,4.966009855270386,1887.7312253957248
mnist-net_256x4.onnx,12,40,unknown,9.849560703,1,./eval/mnist_fc_growing/mnist-net_256x4.onnx_12_40_hist_2026-07-06_15-15-29.jld2,5.439971208572388,2100.4283790480167
mnist-net_256x4.onnx,12,41,unknown,10.679956815,1,./eval/mnist_fc_growing/mnist-net_256x4.onnx_12_41_hist_2026-07-06_15-15-29.jld2,5.891703844070435,2182.962718136661
mnist-net_256x4.onnx,12,42,unknown,11.637728414,1,./eval/mnist_fc_growing/mnist-net_256x4.onnx_12_42_hist_2026-07-06_15-15-29.jld2,6.426038980484009,2160.220983416875
mnist-net_256x4.onnx,12,43,unknown,12.614389459,1,./eval/mnist_fc_growing/mnist-net_256x4.onnx_12_43_hist_2026-07-06_15-15-29.jld2,6.99990701675415,2227.8536627301246
mnist-net_256x4.onnx,12,44,unknown,13.643570178,1,./eval/mnist_fc_growing/mnist-net_256x4.onnx_12_44_hist_2026-07-06_15-15-29.jld2,7.606194019317627,2350.783274654189
mnist-net_256x4.onnx,12,45,unknown,15.098273997,1,./eval/mnist_fc_growing/mnist-net_256x4.onnx_12_45_hist_2026-07-06_15-15-29.jld2,8.613867044448853,2689.1784746473236
mnist-net_256x4.onnx,12,46,unknown,16.21665607,1,./eval/mnist_fc_growing/mnist-net_256x4.onnx_12_46_hist_2026-07-06_15-15-29.jld2,9.302989959716797,2464.7429313864154
mnist-net_256x4.onnx,12,47,unknown,17.596221192,1,./eval/mnist_fc_growing/mnist-net_256x4.onnx_12_47_hist_2026-07-06_15-15-29.jld2,10.135226011276245,2507.002736821951
mnist-net_256x4.onnx,12,48,unknown,18.927763984,1,./eval/mnist_fc_growing/mnist-net_256x4.onnx_12_48_hist_2026-07-06_15-15-29.jld2,10.920435905456543,2780.119465765621
mnist-net_256x4.onnx,12,49,unknown,20.149357804,1,./eval/mnist_fc_growing/mnist-net_256x4.onnx_12_49_hist_2026-07-06_15-15-29.jld2,11.68370509147644,3250.016665965158
mnist-net_256x4.onnx,12,50,unknown,21.957935803,1,./eval/mnist_fc_growing/mnist-net_256x4.onnx_12_50_hist_2026-07-06_15-15-29.jld2,12.646107912063599,3504.909278136739
mnist-net_256x4.onnx,13,1,unsat,0.108289877,1,./eval/mnist_fc_growing/mnist-net_256x4.onnx_13_1_hist_2026-07-06_15-15-29.jld2,0.05239701271057129,0.0
mnist-net_256x4.onnx,13,2,unsat,0.120814952,1,./eval/mnist_fc_growing/mnist-net_256x4.onnx_13_2_hist_2026-07-06_15-15-29.jld2,0.05595707893371582,0.0
mnist-net_256x4.onnx,13,3,unsat,0.135603084,1,./eval/mnist_fc_growing/mnist-net_256x4.onnx_13_3_hist_2026-07-06_15-15-29.jld2,0.06131315231323242,0.0
mnist-net_256x4.onnx,13,4,unsat,0.151061046,1,./eval/mnist_fc_growing/mnist-net_256x4.onnx_13_4_hist_2026-07-06_15-15-29.jld2,0.06779098510742188,0.0
mnist-net_256x4.onnx,13,5,unsat,0.187576034,1,./eval/mnist_fc_growing/mnist-net_256x4.onnx_13_5_hist_2026-07-06_15-15-29.jld2,0.07349014282226562,0.0
mnist-net_256x4.onnx,13,6,unsat,0.199026838,1,./eval/mnist_fc_growing/mnist-net_256x4.onnx_13_6_hist_2026-07-06_15-15-29.jld2,0.09006094932556152,0.0
mnist-net_256x4.onnx,13,7,unsat,0.20395424,1,./eval/mnist_fc_growing/mnist-net_256x4.onnx_13_7_hist_2026-07-06_15-15-29.jld2,0.08771991729736328,0.0
mnist-net_256x4.onnx,13,8,unsat,0.234509447,1,./eval/mnist_fc_growing/mnist-net_256x4.onnx_13_8_hist_2026-07-06_15-15-29.jld2,0.09967303276062012,0.0
mnist-net_256x4.onnx,13,9,unsat,0.26766191,1,./eval/mnist_fc_growing/mnist-net_256x4.onnx_13_9_hist_2026-07-06_15-15-29.jld2,0.11383986473083496,0.0
mnist-net_256x4.onnx,13,10,unsat,0.312004548,1,./eval/mnist_fc_growing/mnist-net_256x4.onnx_13_10_hist_2026-07-06_15-15-29.jld2,0.1269068717956543,0.0
mnist-net_256x4.onnx,13,11,unsat,0.357197075,1,./eval/mnist_fc_growing/mnist-net_256x4.onnx_13_11_hist_2026-07-06_15-15-29.jld2,0.14398694038391113,0.0
mnist-net_256x4.onnx,13,12,unsat,0.416890883,1,./eval/mnist_fc_growing/mnist-net_256x4.onnx_13_12_hist_2026-07-06_15-15-29.jld2,0.17433810234069824,0.0
mnist-net_256x4.onnx,13,13,unsat,0.471482391,1,./eval/mnist_fc_growing/mnist-net_256x4.onnx_13_13_hist_2026-07-06_15-15-29.jld2,0.1986680030822754,0.0
mnist-net_256x4.onnx,13,14,unsat,0.546861023,1,./eval/mnist_fc_growing/mnist-net_256x4.onnx_13_14_hist_2026-07-06_15-15-29.jld2,0.2315669059753418,0.0
mnist-net_256x4.onnx,13,15,unknown,0.624865667,1,./eval/mnist_fc_growing/mnist-net_256x4.onnx_13_15_hist_2026-07-06_15-15-29.jld2,0.2746138572692871,2.443215396620486
mnist-net_256x4.onnx,13,16,unknown,0.725646836,1,./eval/mnist_fc_growing/mnist-net_256x4.onnx_13_16_hist_2026-07-06_15-15-29.jld2,0.32555508613586426,1.7652415070917091
mnist-net_256x4.onnx,13,17,unknown,0.856403213,1,./eval/mnist_fc_growing/mnist-net_256x4.onnx_13_17_hist_2026-07-06_15-15-29.jld2,0.39634084701538086,6.510191673949345
mnist-net_256x4.onnx,13,18,unknown,0.952039933,1,./eval/mnist_fc_growing/mnist-net_256x4.onnx_13_18_hist_2026-07-06_15-15-29.jld2,0.45110487937927246,10.870196185183913
mnist-net_256x4.onnx,13,19,unknown,1.077984276,1,./eval/mnist_fc_growing/mnist-net_256x4.onnx_13_19_hist_2026-07-06_15-15-29.jld2,0.5150618553161621,45.34777290734981
mnist-net_256x4.onnx,13,20,unknown,1.367395594,1,./eval/mnist_fc_growing/mnist-net_256x4.onnx_13_20_hist_2026-07-06_15-15-29.jld2,0.7325849533081055,72.34515783721407
mnist-net_256x4.onnx,13,21,unknown,1.36744569,1,./eval/mnist_fc_growing/mnist-net_256x4.onnx_13_21_hist_2026-07-06_15-15-29.jld2,0.6636471748352051,108.82165527442362
mnist-net_256x4.onnx,13,22,unknown,1.522374774,1,./eval/mnist_fc_growing/mnist-net_256x4.onnx_13_22_hist_2026-07-06_15-15-29.jld2,0.7398431301116943,171.96879041803052
mnist-net_256x4.onnx,13,23,unknown,1.708550448,1,./eval/mnist_fc_growing/mnist-net_256x4.onnx_13_23_hist_2026-07-06_15-15-29.jld2,0.8379080295562744,214.19397235025892
mnist-net_256x4.onnx,13,24,unknown,2.261215112,1,./eval/mnist_fc_growing/mnist-net_256x4.onnx_13_24_hist_2026-07-06_15-15-29.jld2,1.2947020530700684,354.3940228950064
mnist-net_256x4.onnx,13,25,unknown,2.478592026,1,./eval/mnist_fc_growing/mnist-net_256x4.onnx_13_25_hist_2026-07-06_15-15-29.jld2,1.4052400588989258,963.3732312636824
mnist-net_256x4.onnx,13,26,unknown,2.7128297,1,./eval/mnist_fc_growing/mnist-net_256x4.onnx_13_26_hist_2026-07-06_15-15-29.jld2,1.5381510257720947,941.2367747928885
mnist-net_256x4.onnx,13,27,unknown,2.965680008,1,./eval/mnist_fc_growing/mnist-net_256x4.onnx_13_27_hist_2026-07-06_15-15-29.jld2,1.6741390228271484,1209.0145729112987
mnist-net_256x4.onnx,13,28,unknown,3.271832677,1,./eval/mnist_fc_growing/mnist-net_256x4.onnx_13_28_hist_2026-07-06_15-15-29.jld2,1.8443748950958252,1567.740799889805
mnist-net_256x4.onnx,13,29,unknown,3.584027953,1,./eval/mnist_fc_growing/mnist-net_256x4.onnx_13_29_hist_2026-07-06_15-15-29.jld2,2.0195088386535645,1378.161679633724
mnist-net_256x4.onnx,13,30,unknown,3.917213607,1,./eval/mnist_fc_growing/mnist-net_256x4.onnx_13_30_hist_2026-07-06_15-15-29.jld2,2.2143590450286865,1609.653323260277
mnist-net_256x4.onnx,13,31,unknown,4.296849429,1,./eval/mnist_fc_growing/mnist-net_256x4.onnx_13_31_hist_2026-07-06_15-15-29.jld2,2.4364380836486816,1743.2449158138736
mnist-net_256x4.onnx,13,32,unknown,4.665002815,1,./eval/mnist_fc_growing/mnist-net_256x4.onnx_13_32_hist_2026-07-06_15-15-29.jld2,2.6630868911743164,1864.259912814033
mnist-net_256x4.onnx,13,33,unknown,5.083317358,1,./eval/mnist_fc_growing/mnist-net_256x4.onnx_13_33_hist_2026-07-06_15-15-29.jld2,2.9106240272521973,2119.7696753114683
mnist-net_256x4.onnx,13,34,unknown,5.893809436,1,./eval/mnist_fc_growing/mnist-net_256x4.onnx_13_34_hist_2026-07-06_15-15-29.jld2,3.1852481365203857,2345.293261675767
mnist-net_256x4.onnx,13,35,unknown,6.42040119,1,./eval/mnist_fc_growing/mnist-net_256x4.onnx_13_35_hist_2026-07-06_15-15-29.jld2,3.486660957336426,2438.150801739398
mnist-net_256x4.onnx,13,36,unknown,6.927527443,1,./eval/mnist_fc_growing/mnist-net_256x4.onnx_13_36_hist_2026-07-06_15-15-29.jld2,3.7795557975769043,2679.582270133791
mnist-net_256x4.onnx,13,37,unknown,7.517899018,1,./eval/mnist_fc_growing/mnist-net_256x4.onnx_13_37_hist_2026-07-06_15-15-29.jld2,4.137723922729492,2782.46458873515
mnist-net_256x4.onnx,13,38,unknown,8.258447513,1,./eval/mnist_fc_growing/mnist-net_256x4.onnx_13_38_hist_2026-07-06_15-15-29.jld2,4.53789210319519,2818.076282494177
mnist-net_256x4.onnx,13,39,unknown,9.034893467,1,./eval/mnist_fc_growing/mnist-net_256x4.onnx_13_39_hist_2026-07-06_15-15-29.jld2,4.963446855545044,2888.588296086956
mnist-net_256x4.onnx,13,40,unknown,9.824474881,1,./eval/mnist_fc_growing/mnist-net_256x4.onnx_13_40_hist_2026-07-06_15-15-29.jld2,5.393021821975708,3046.3904262738897
mnist-net_256x4.onnx,13,41,unknown,10.67797532,1,./eval/mnist_fc_growing/mnist-net_256x4.onnx_13_41_hist_2026-07-06_15-15-29.jld2,5.899309873580933,3234.9061242166713
mnist-net_256x4.onnx,13,42,unknown,11.591280668,1,./eval/mnist_fc_growing/mnist-net_256x4.onnx_13_42_hist_2026-07-06_15-15-29.jld2,6.418174982070923,3379.4741539228894
mnist-net_256x4.onnx,13,43,unknown,12.573171656,1,./eval/mnist_fc_growing/mnist-net_256x4.onnx_13_43_hist_2026-07-06_15-15-29.jld2,6.990900993347168,3569.9577186036886
mnist-net_256x4.onnx,13,44,unknown,13.633391185,1,./eval/mnist_fc_growing/mnist-net_256x4.onnx_13_44_hist_2026-07-06_15-15-29.jld2,7.605636119842529,3886.118194494491
mnist-net_256x4.onnx,13,45,unknown,15.079374988,1,./eval/mnist_fc_growing/mnist-net_256x4.onnx_13_45_hist_2026-07-06_15-15-29.jld2,8.598052024841309,4324.111168333662
mnist-net_256x4.onnx,13,46,unknown,16.269404031,1,./eval/mnist_fc_growing/mnist-net_256x4.onnx_13_46_hist_2026-07-06_15-15-29.jld2,9.309613943099976,4960.309737559419
mnist-net_256x4.onnx,13,47,unknown,17.503635033,1,./eval/mnist_fc_growing/mnist-net_256x4.onnx_13_47_hist_2026-07-06_15-15-29.jld2,10.039024114608765,5225.00161639148
mnist-net_256x4.onnx,13,48,unknown,18.876889155,1,./eval/mnist_fc_growing/mnist-net_256x4.onnx_13_48_hist_2026-07-06_15-15-29.jld2,10.795709133148193,5651.145791945655
mnist-net_256x4.onnx,13,49,unknown,20.170355105,1,./eval/mnist_fc_growing/mnist-net_256x4.onnx_13_49_hist_2026-07-06_15-15-29.jld2,11.325380802154541,5954.514613112693
mnist-net_256x4.onnx,13,50,unknown,21.866895172,1,./eval/mnist_fc_growing/mnist-net_256x4.onnx_13_50_hist_2026-07-06_15-15-29.jld2,12.589176893234253,6284.683536427755
mnist-net_256x4.onnx,14,1,unsat,0.106651076,1,./eval/mnist_fc_growing/mnist-net_256x4.onnx_14_1_hist_2026-07-06_15-15-29.jld2,0.05170702934265137,0.0
mnist-net_256x4.onnx,14,2,unsat,0.124145989,1,./eval/mnist_fc_growing/mnist-net_256x4.onnx_14_2_hist_2026-07-06_15-15-29.jld2,0.05592799186706543,0.0
mnist-net_256x4.onnx,14,3,unsat,0.134618341,1,./eval/mnist_fc_growing/mnist-net_256x4.onnx_14_3_hist_2026-07-06_15-15-29.jld2,0.060957908630371094,0.0
mnist-net_256x4.onnx,14,4,unsat,0.150552144,1,./eval/mnist_fc_growing/mnist-net_256x4.onnx_14_4_hist_2026-07-06_15-15-29.jld2,0.06779003143310547,0.0
mnist-net_256x4.onnx,14,5,unsat,0.168783705,1,./eval/mnist_fc_growing/mnist-net_256x4.onnx_14_5_hist_2026-07-06_15-15-29.jld2,0.07280707359313965,0.0
mnist-net_256x4.onnx,14,6,unsat,0.196961865,1,./eval/mnist_fc_growing/mnist-net_256x4.onnx_14_6_hist_2026-07-06_15-15-29.jld2,0.08949804306030273,0.0
mnist-net_256x4.onnx,14,7,unsat,0.203449032,1,./eval/mnist_fc_growing/mnist-net_256x4.onnx_14_7_hist_2026-07-06_15-15-29.jld2,0.08748888969421387,0.0
mnist-net_256x4.onnx,14,8,unsat,0.233673235,1,./eval/mnist_fc_growing/mnist-net_256x4.onnx_14_8_hist_2026-07-06_15-15-29.jld2,0.09980416297912598,0.0
mnist-net_256x4.onnx,14,9,unsat,0.269391876,1,./eval/mnist_fc_growing/mnist-net_256x4.onnx_14_9_hist_2026-07-06_15-15-29.jld2,0.11411380767822266,0.0
mnist-net_256x4.onnx,14,10,unsat,0.31631096,1,./eval/mnist_fc_growing/mnist-net_256x4.onnx_14_10_hist_2026-07-06_15-15-29.jld2,0.12697291374206543,0.0
mnist-net_256x4.onnx,14,11,unsat,0.355414918,1,./eval/mnist_fc_growing/mnist-net_256x4.onnx_14_11_hist_2026-07-06_15-15-29.jld2,0.14382410049438477,0.0
mnist-net_256x4.onnx,14,12,unsat,0.413084897,1,./eval/mnist_fc_growing/mnist-net_256x4.onnx_14_12_hist_2026-07-06_15-15-29.jld2,0.17152905464172363,0.0
mnist-net_256x4.onnx,14,13,unsat,0.475474637,1,./eval/mnist_fc_growing/mnist-net_256x4.onnx_14_13_hist_2026-07-06_15-15-29.jld2,0.1987600326538086,0.0
mnist-net_256x4.onnx,14,14,unsat,0.546987568,1,./eval/mnist_fc_growing/mnist-net_256x4.onnx_14_14_hist_2026-07-06_15-15-29.jld2,0.23120903968811035,0.0
mnist-net_256x4.onnx,14,15,unsat,0.633744318,1,./eval/mnist_fc_growing/mnist-net_256x4.onnx_14_15_hist_2026-07-06_15-15-29.jld2,0.28009700775146484,0.0
mnist-net_256x4.onnx,14,16,unsat,0.722933651,1,./eval/mnist_fc_growing/mnist-net_256x4.onnx_14_16_hist_2026-07-06_15-15-29.jld2,0.3233799934387207,0.0
mnist-net_256x4.onnx,14,17,unsat,0.84478308,1,./eval/mnist_fc_growing/mnist-net_256x4.onnx_14_17_hist_2026-07-06_15-15-29.jld2,0.38562989234924316,0.0
mnist-net_256x4.onnx,14,18,unsat,0.983604661,1,./eval/mnist_fc_growing/mnist-net_256x4.onnx_14_18_hist_2026-07-06_15-15-29.jld2,0.4424319267272949,0.0
mnist-net_256x4.onnx,14,19,unsat,1.068834751,1,./eval/mnist_fc_growing/mnist-net_256x4.onnx_14_19_hist_2026-07-06_15-15-29.jld2,0.5054800510406494,0.0
mnist-net_256x4.onnx,14,20,unsat,1.210481604,1,./eval/mnist_fc_growing/mnist-net_256x4.onnx_14_20_hist_2026-07-06_15-15-29.jld2,0.5814831256866455,0.0
mnist-net_256x4.onnx,14,21,unsat,1.359039474,1,./eval/mnist_fc_growing/mnist-net_256x4.onnx_14_21_hist_2026-07-06_15-15-29.jld2,0.6563839912414551,0.0
mnist-net_256x4.onnx,14,22,unsat,1.538817155,1,./eval/mnist_fc_growing/mnist-net_256x4.onnx_14_22_hist_2026-07-06_15-15-29.jld2,0.7588660717010498,0.0
mnist-net_256x4.onnx,14,23,unsat,1.704065003,1,./eval/mnist_fc_growing/mnist-net_256x4.onnx_14_23_hist_2026-07-06_15-15-29.jld2,0.8326001167297363,0.0
mnist-net_256x4.onnx,14,24,unsat,2.271313986,1,./eval/mnist_fc_growing/mnist-net_256x4.onnx_14_24_hist_2026-07-06_15-15-29.jld2,1.304753065109253,0.0
mnist-net_256x4.onnx,14,25,unsat,2.477534575,1,./eval/mnist_fc_growing/mnist-net_256x4.onnx_14_25_hist_2026-07-06_15-15-29.jld2,1.4066648483276367,0.0
mnist-net_256x4.onnx,14,26,unsat,2.711537011,1,./eval/mnist_fc_growing/mnist-net_256x4.onnx_14_26_hist_2026-07-06_15-15-29.jld2,1.5373868942260742,0.0
mnist-net_256x4.onnx,14,27,unknown,2.968404087,1,./eval/mnist_fc_growing/mnist-net_256x4.onnx_14_27_hist_2026-07-06_15-15-29.jld2,1.6724059581756592,10.261301264843965
mnist-net_256x4.onnx,14,28,unknown,3.326196613,1,./eval/mnist_fc_growing/mnist-net_256x4.onnx_14_28_hist_2026-07-06_15-15-29.jld2,1.8463048934936523,54.662642219852536
mnist-net_256x4.onnx,14,29,unknown,3.569854457,1,./eval/mnist_fc_growing/mnist-net_256x4.onnx_14_29_hist_2026-07-06_15-15-29.jld2,2.019111156463623,74.42456111232852
mnist-net_256x4.onnx,14,30,unknown,3.925875746,1,./eval/mnist_fc_growing/mnist-net_256x4.onnx_14_30_hist_2026-07-06_15-15-29.jld2,2.2394590377807617,120.0797047738023
mnist-net_256x4.onnx,14,31,unknown,4.330447527,1,./eval/mnist_fc_growing/mnist-net_256x4.onnx_14_31_hist_2026-07-06_15-15-29.jld2,2.442739963531494,172.77797218686456
mnist-net_256x4.onnx,14,32,unknown,4.655173068,1,./eval/mnist_fc_growing/mnist-net_256x4.onnx_14_32_hist_2026-07-06_15-15-29.jld2,2.653529167175293,211.90803105801282
mnist-net_256x4.onnx,14,33,unknown,5.095864494,1,./eval/mnist_fc_growing/mnist-net_256x4.onnx_14_33_hist_2026-07-06_15-15-29.jld2,2.9233949184417725,249.2930530201262
mnist-net_256x4.onnx,14,34,unknown,5.914225862,1,./eval/mnist_fc_growing/mnist-net_256x4.onnx_14_34_hist_2026-07-06_15-15-29.jld2,3.199781894683838,323.16304695860055
mnist-net_256x4.onnx,14,35,unknown,6.442477471,1,./eval/mnist_fc_growing/mnist-net_256x4.onnx_14_35_hist_2026-07-06_15-15-29.jld2,3.510585069656372,410.20765926614786
mnist-net_256x4.onnx,14,36,unknown,6.951067484,1,./eval/mnist_fc_growing/mnist-net_256x4.onnx_14_36_hist_2026-07-06_15-15-29.jld2,3.804673910140991,463.9579148621888
mnist-net_256x4.onnx,14,37,unknown,7.545990972,1,./eval/mnist_fc_growing/mnist-net_256x4.onnx_14_37_hist_2026-07-06_15-15-29.jld2,4.145478963851929,508.2207180588052
mnist-net_256x4.onnx,14,38,unknown,8.283289362,1,./eval/mnist_fc_growing/mnist-net_256x4.onnx_14_38_hist_2026-07-06_15-15-29.jld2,4.558558940887451,650.0446173207839
mnist-net_256x4.onnx,14,39,unknown,9.015616102,1,./eval/mnist_fc_growing/mnist-net_256x4.onnx_14_39_hist_2026-07-06_15-15-29.jld2,4.949800968170166,841.302631655993
mnist-net_256x4.onnx,14,40,unknown,9.855457514,1,./eval/mnist_fc_growing/mnist-net_256x4.onnx_14_40_hist_2026-07-06_15-15-29.jld2,5.409388065338135,1079.2296605976915
mnist-net_256x4.onnx,14,41,unknown,10.721814362,1,./eval/mnist_fc_growing/mnist-net_256x4.onnx_14_41_hist_2026-07-06_15-15-29.jld2,5.9227330684661865,797.7302397206929
mnist-net_256x4.onnx,14,42,unknown,11.709014714,1,./eval/mnist_fc_growing/mnist-net_256x4.onnx_14_42_hist_2026-07-06_15-15-29.jld2,6.4492950439453125,921.1003773752237
mnist-net_256x4.onnx,14,43,unknown,12.706299663,1,./eval/mnist_fc_growing/mnist-net_256x4.onnx_14_43_hist_2026-07-06_15-15-29.jld2,7.091388940811157,1086.8202123399008
mnist-net_256x4.onnx,14,44,unknown,13.552111691,1,./eval/mnist_fc_growing/mnist-net_256x4.onnx_14_44_hist_2026-07-06_15-15-29.jld2,7.550961971282959,1281.9347908073373
mnist-net_256x4.onnx,14,45,unknown,15.043242538,1,./eval/mnist_fc_growing/mnist-net_256x4.onnx_14_45_hist_2026-07-06_15-15-29.jld2,8.589042901992798,1421.1881149128674
mnist-net_256x4.onnx,14,46,unknown,16.206725962,1,./eval/mnist_fc_growing/mnist-net_256x4.onnx_14_46_hist_2026-07-06_15-15-29.jld2,9.286167860031128,1590.5700168275523
mnist-net_256x4.onnx,14,47,unknown,17.43538091,1,./eval/mnist_fc_growing/mnist-net_256x4.onnx_14_47_hist_2026-07-06_15-15-29.jld2,10.018362045288086,1647.1539532705162
mnist-net_256x4.onnx,14,48,unknown,18.818657877,1,./eval/mnist_fc_growing/mnist-net_256x4.onnx_14_48_hist_2026-07-06_15-15-29.jld2,10.862958908081055,1933.3149494357679
mnist-net_256x4.onnx,14,49,unknown,20.184792877,1,./eval/mnist_fc_growing/mnist-net_256x4.onnx_14_49_hist_2026-07-06_15-15-29.jld2,11.715401887893677,2109.8694894615264
mnist-net_256x4.onnx,14,50,unknown,21.963536815,1,./eval/mnist_fc_growing/mnist-net_256x4.onnx_14_50_hist_2026-07-06_15-15-29.jld2,12.931484937667847,2364.755123022902
mnist-net_256x6.onnx,0,1,unsat,0.946223351,1,./eval/mnist_fc_growing/mnist-net_256x6.onnx_0_1_hist_2026-07-06_15-15-29.jld2,0.1761610507965088,0.0
mnist-net_256x6.onnx,0,2,unsat,0.193157868,1,./eval/mnist_fc_growing/mnist-net_256x6.onnx_0_2_hist_2026-07-06_15-15-29.jld2,0.09575080871582031,0.0
mnist-net_256x6.onnx,0,3,unsat,0.206403244,1,./eval/mnist_fc_growing/mnist-net_256x6.onnx_0_3_hist_2026-07-06_15-15-29.jld2,0.09755587577819824,0.0
mnist-net_256x6.onnx,0,4,unsat,0.23276183,1,./eval/mnist_fc_growing/mnist-net_256x6.onnx_0_4_hist_2026-07-06_15-15-29.jld2,0.10623908042907715,0.0
mnist-net_256x6.onnx,0,5,unsat,0.267864832,1,./eval/mnist_fc_growing/mnist-net_256x6.onnx_0_5_hist_2026-07-06_15-15-29.jld2,0.11768698692321777,0.0
mnist-net_256x6.onnx,0,6,unsat,0.306175777,1,./eval/mnist_fc_growing/mnist-net_256x6.onnx_0_6_hist_2026-07-06_15-15-29.jld2,0.12279796600341797,0.0
mnist-net_256x6.onnx,0,7,unsat,0.358799962,1,./eval/mnist_fc_growing/mnist-net_256x6.onnx_0_7_hist_2026-07-06_15-15-29.jld2,0.14383411407470703,0.0
mnist-net_256x6.onnx,0,8,unsat,0.396431134,1,./eval/mnist_fc_growing/mnist-net_256x6.onnx_0_8_hist_2026-07-06_15-15-29.jld2,0.1605079174041748,0.0
mnist-net_256x6.onnx,0,9,unsat,0.458075704,1,./eval/mnist_fc_growing/mnist-net_256x6.onnx_0_9_hist_2026-07-06_15-15-29.jld2,0.18948006629943848,0.0
mnist-net_256x6.onnx,0,10,unsat,0.540970363,1,./eval/mnist_fc_growing/mnist-net_256x6.onnx_0_10_hist_2026-07-06_15-15-29.jld2,0.23855185508728027,0.0
mnist-net_256x6.onnx,0,11,unsat,0.594884013,1,./eval/mnist_fc_growing/mnist-net_256x6.onnx_0_11_hist_2026-07-06_15-15-29.jld2,0.24190998077392578,0.0
mnist-net_256x6.onnx,0,12,unsat,0.687505947,1,./eval/mnist_fc_growing/mnist-net_256x6.onnx_0_12_hist_2026-07-06_15-15-29.jld2,0.2845299243927002,0.0
mnist-net_256x6.onnx,0,13,unsat,0.791646842,1,./eval/mnist_fc_growing/mnist-net_256x6.onnx_0_13_hist_2026-07-06_15-15-29.jld2,0.33006787300109863,0.0
mnist-net_256x6.onnx,0,14,unsat,0.914055506,1,./eval/mnist_fc_growing/mnist-net_256x6.onnx_0_14_hist_2026-07-06_15-15-29.jld2,0.38684701919555664,0.0
mnist-net_256x6.onnx,0,15,unsat,1.036227422,1,./eval/mnist_fc_growing/mnist-net_256x6.onnx_0_15_hist_2026-07-06_15-15-29.jld2,0.4460749626159668,0.0
mnist-net_256x6.onnx,0,16,unsat,1.179800318,1,./eval/mnist_fc_growing/mnist-net_256x6.onnx_0_16_hist_2026-07-06_15-15-29.jld2,0.5103089809417725,0.0
mnist-net_256x6.onnx,0,17,unsat,1.384203094,1,./eval/mnist_fc_growing/mnist-net_256x6.onnx_0_17_hist_2026-07-06_15-15-29.jld2,0.6048710346221924,0.0
mnist-net_256x6.onnx,0,18,unsat,1.514763074,1,./eval/mnist_fc_growing/mnist-net_256x6.onnx_0_18_hist_2026-07-06_15-15-29.jld2,0.655189037322998,0.0
mnist-net_256x6.onnx,0,19,unsat,1.761818974,1,./eval/mnist_fc_growing/mnist-net_256x6.onnx_0_19_hist_2026-07-06_15-15-29.jld2,0.8017652034759521,0.0
mnist-net_256x6.onnx,0,20,unsat,2.26684525,1,./eval/mnist_fc_growing/mnist-net_256x6.onnx_0_20_hist_2026-07-06_15-15-29.jld2,1.1507399082183838,0.0
mnist-net_256x6.onnx,0,21,unsat,2.47767018,1,./eval/mnist_fc_growing/mnist-net_256x6.onnx_0_21_hist_2026-07-06_15-15-29.jld2,1.2841520309448242,0.0
mnist-net_256x6.onnx,0,22,unknown,2.707794963,1,./eval/mnist_fc_growing/mnist-net_256x6.onnx_0_22_hist_2026-07-06_15-15-29.jld2,1.3787829875946045,31.02152848879147
mnist-net_256x6.onnx,0,23,unknown,2.994987317,1,./eval/mnist_fc_growing/mnist-net_256x6.onnx_0_23_hist_2026-07-06_15-15-29.jld2,1.4796998500823975,242.05715441470758
mnist-net_256x6.onnx,0,24,unknown,3.278509334,1,./eval/mnist_fc_growing/mnist-net_256x6.onnx_0_24_hist_2026-07-06_15-15-29.jld2,1.6427769660949707,634.6052172990629
mnist-net_256x6.onnx,0,25,unknown,3.584560087,1,./eval/mnist_fc_growing/mnist-net_256x6.onnx_0_25_hist_2026-07-06_15-15-29.jld2,1.7749910354614258,1999.3550419682658
mnist-net_256x6.onnx,0,26,unknown,3.96041727,1,./eval/mnist_fc_growing/mnist-net_256x6.onnx_0_26_hist_2026-07-06_15-15-29.jld2,1.6189401149749756,5465.470967538389
mnist-net_256x6.onnx,0,27,unknown,4.66382,1,./eval/mnist_fc_growing/mnist-net_256x6.onnx_0_27_hist_2026-07-06_15-15-29.jld2,2.1257190704345703,9459.573668994935
mnist-net_256x6.onnx,0,28,unknown,5.116383345,1,./eval/mnist_fc_growing/mnist-net_256x6.onnx_0_28_hist_2026-07-06_15-15-29.jld2,2.3398549556732178,13501.426199449379
mnist-net_256x6.onnx,0,29,unknown,5.472952903,1,./eval/mnist_fc_growing/mnist-net_256x6.onnx_0_29_hist_2026-07-06_15-15-29.jld2,2.538727045059204,19220.894236087217
mnist-net_256x6.onnx,0,30,unknown,5.946526604,1,./eval/mnist_fc_growing/mnist-net_256x6.onnx_0_30_hist_2026-07-06_15-15-29.jld2,2.7747750282287598,23407.351319896978
mnist-net_256x6.onnx,0,31,unknown,6.463782343,1,./eval/mnist_fc_growing/mnist-net_256x6.onnx_0_31_hist_2026-07-06_15-15-29.jld2,3.0249240398406982,29735.88065032775
mnist-net_256x6.onnx,0,32,unknown,7.012722739,1,./eval/mnist_fc_growing/mnist-net_256x6.onnx_0_32_hist_2026-07-06_15-15-29.jld2,3.321336030960083,34931.765298202154
mnist-net_256x6.onnx,0,33,unknown,7.573972348,1,./eval/mnist_fc_growing/mnist-net_256x6.onnx_0_33_hist_2026-07-06_15-15-29.jld2,3.6050331592559814,39763.12744388058
mnist-net_256x6.onnx,0,34,unknown,8.219316503,1,./eval/mnist_fc_growing/mnist-net_256x6.onnx_0_34_hist_2026-07-06_15-15-29.jld2,3.9485111236572266,45583.34916020759
mnist-net_256x6.onnx,0,35,unknown,9.317944631,1,./eval/mnist_fc_growing/mnist-net_256x6.onnx_0_35_hist_2026-07-06_15-15-29.jld2,4.674767017364502,47172.07999508639
mnist-net_256x6.onnx,0,36,unknown,10.092213107,1,./eval/mnist_fc_growing/mnist-net_256x6.onnx_0_36_hist_2026-07-06_15-15-29.jld2,5.064128160476685,53096.41120240253
mnist-net_256x6.onnx,0,37,unknown,10.886577443,1,./eval/mnist_fc_growing/mnist-net_256x6.onnx_0_37_hist_2026-07-06_15-15-29.jld2,5.466526985168457,68066.00229214548
mnist-net_256x6.onnx,0,38,unknown,11.939262816,1,./eval/mnist_fc_growing/mnist-net_256x6.onnx_0_38_hist_2026-07-06_15-15-29.jld2,5.9568071365356445,112510.60332594255
mnist-net_256x6.onnx,0,39,unknown,13.058352689,1,./eval/mnist_fc_growing/mnist-net_256x6.onnx_0_39_hist_2026-07-06_15-15-29.jld2,6.460198163986206,139953.8015286923
mnist-net_256x6.onnx,0,40,unknown,14.140574159,1,./eval/mnist_fc_growing/mnist-net_256x6.onnx_0_40_hist_2026-07-06_15-15-29.jld2,6.964679956436157,158322.21043850077
mnist-net_256x6.onnx,0,41,unknown,15.282706322,1,./eval/mnist_fc_growing/mnist-net_256x6.onnx_0_41_hist_2026-07-06_15-15-29.jld2,7.167603015899658,170100.70212807055
mnist-net_256x6.onnx,0,42,unknown,16.902978395,1,./eval/mnist_fc_growing/mnist-net_256x6.onnx_0_42_hist_2026-07-06_15-15-29.jld2,8.16263484954834,176563.69428472884
mnist-net_256x6.onnx,0,43,unknown,18.290420427,1,./eval/mnist_fc_growing/mnist-net_256x6.onnx_0_43_hist_2026-07-06_15-15-29.jld2,8.816867113113403,184398.62598245312
mnist-net_256x6.onnx,0,44,unknown,19.568764274,1,./eval/mnist_fc_growing/mnist-net_256x6.onnx_0_44_hist_2026-07-06_15-15-29.jld2,9.525211811065674,199325.5552646726
mnist-net_256x6.onnx,0,45,unknown,21.178247951,1,./eval/mnist_fc_growing/mnist-net_256x6.onnx_0_45_hist_2026-07-06_15-15-29.jld2,10.318269968032837,214924.98235128244
mnist-net_256x6.onnx,0,46,unknown,22.800564862,1,./eval/mnist_fc_growing/mnist-net_256x6.onnx_0_46_hist_2026-07-06_15-15-29.jld2,11.126101016998291,228496.97448973072
mnist-net_256x6.onnx,0,47,unknown,24.781635123,1,./eval/mnist_fc_growing/mnist-net_256x6.onnx_0_47_hist_2026-07-06_15-15-29.jld2,12.31870985031128,243315.2894286227
mnist-net_256x6.onnx,0,48,unknown,26.754321326,1,./eval/mnist_fc_growing/mnist-net_256x6.onnx_0_48_hist_2026-07-06_15-15-29.jld2,13.345170021057129,261102.10775990481
mnist-net_256x6.onnx,0,49,unknown,28.437458152,1,./eval/mnist_fc_growing/mnist-net_256x6.onnx_0_49_hist_2026-07-06_15-15-29.jld2,14.256612777709961,270908.8504073939
mnist-net_256x6.onnx,0,50,unknown,30.451904381,1,./eval/mnist_fc_growing/mnist-net_256x6.onnx_0_50_hist_2026-07-06_15-15-29.jld2,15.4357328414917,284080.19334195927
mnist-net_256x6.onnx,1,1,unsat,0.190742315,1,./eval/mnist_fc_growing/mnist-net_256x6.onnx_1_1_hist_2026-07-06_15-15-29.jld2,0.09547305107116699,0.0
mnist-net_256x6.onnx,1,2,unknown,0.189810276,1,./eval/mnist_fc_growing/mnist-net_256x6.onnx_1_2_hist_2026-07-06_15-15-29.jld2,0.09197402000427246,1217.240113930944
mnist-net_256x6.onnx,1,3,unknown,0.206373502,1,./eval/mnist_fc_growing/mnist-net_256x6.onnx_1_3_hist_2026-07-06_15-15-29.jld2,0.09713196754455566,4993.175588346663
mnist-net_256x6.onnx,1,4,unknown,0.231936871,1,./eval/mnist_fc_growing/mnist-net_256x6.onnx_1_4_hist_2026-07-06_15-15-29.jld2,0.10622596740722656,6913.269690500881
mnist-net_256x6.onnx,1,5,unknown,0.266911665,1,./eval/mnist_fc_growing/mnist-net_256x6.onnx_1_5_hist_2026-07-06_15-15-29.jld2,0.11549615859985352,12831.682969410578
mnist-net_256x6.onnx,1,6,unknown,0.306029585,1,./eval/mnist_fc_growing/mnist-net_256x6.onnx_1_6_hist_2026-07-06_15-15-29.jld2,0.12292098999023438,17103.722308547814
mnist-net_256x6.onnx,1,7,unknown,0.359229734,1,./eval/mnist_fc_growing/mnist-net_256x6.onnx_1_7_hist_2026-07-06_15-15-29.jld2,0.1428220272064209,20524.496288217662
mnist-net_256x6.onnx,1,8,unknown,0.394639408,1,./eval/mnist_fc_growing/mnist-net_256x6.onnx_1_8_hist_2026-07-06_15-15-29.jld2,0.1607649326324463,21956.479242592304
mnist-net_256x6.onnx,1,9,unknown,0.457825091,1,./eval/mnist_fc_growing/mnist-net_256x6.onnx_1_9_hist_2026-07-06_15-15-29.jld2,0.18896079063415527,26958.676654946816
mnist-net_256x6.onnx,1,10,unknown,0.522612858,1,./eval/mnist_fc_growing/mnist-net_256x6.onnx_1_10_hist_2026-07-06_15-15-29.jld2,0.21885919570922852,47190.416080271345
mnist-net_256x6.onnx,1,11,unknown,0.595060014,1,./eval/mnist_fc_growing/mnist-net_256x6.onnx_1_11_hist_2026-07-06_15-15-29.jld2,0.241318941116333,41858.185345731436
mnist-net_256x6.onnx,1,12,unknown,0.684832893,1,./eval/mnist_fc_growing/mnist-net_256x6.onnx_1_12_hist_2026-07-06_15-15-29.jld2,0.2824420928955078,59039.16433177585
mnist-net_256x6.onnx,1,13,unknown,0.791905908,1,./eval/mnist_fc_growing/mnist-net_256x6.onnx_1_13_hist_2026-07-06_15-15-29.jld2,0.3296351432800293,77074.51704251472
mnist-net_256x6.onnx,1,14,unknown,0.911813853,1,./eval/mnist_fc_growing/mnist-net_256x6.onnx_1_14_hist_2026-07-06_15-15-29.jld2,0.38761401176452637,59530.905298180944
mnist-net_256x6.onnx,1,15,unknown,1.0379873,1,./eval/mnist_fc_growing/mnist-net_256x6.onnx_1_15_hist_2026-07-06_15-15-29.jld2,0.4477219581604004,65809.11531230113
mnist-net_256x6.onnx,1,16,unknown,1.211068169,1,./eval/mnist_fc_growing/mnist-net_256x6.onnx_1_16_hist_2026-07-06_15-15-29.jld2,0.5252301692962646,68859.53773360047
mnist-net_256x6.onnx,1,17,unknown,1.416294651,1,./eval/mnist_fc_growing/mnist-net_256x6.onnx_1_17_hist_2026-07-06_15-15-29.jld2,0.6307229995727539,61244.25990256137
mnist-net_256x6.onnx,1,18,unknown,1.515067548,1,./eval/mnist_fc_growing/mnist-net_256x6.onnx_1_18_hist_2026-07-06_15-15-29.jld2,0.6568608283996582,76256.13371241545
mnist-net_256x6.onnx,1,19,unknown,1.762016166,1,./eval/mnist_fc_growing/mnist-net_256x6.onnx_1_19_hist_2026-07-06_15-15-29.jld2,0.8047440052032471,77149.50048667629
mnist-net_256x6.onnx,1,20,unknown,2.264936825,1,./eval/mnist_fc_growing/mnist-net_256x6.onnx_1_20_hist_2026-07-06_15-15-29.jld2,1.1534841060638428,85653.00303262696
mnist-net_256x6.onnx,1,21,unknown,2.472987734,1,./eval/mnist_fc_growing/mnist-net_256x6.onnx_1_21_hist_2026-07-06_15-15-29.jld2,1.27935791015625,91033.46332072273
mnist-net_256x6.onnx,1,22,unknown,2.692347237,1,./eval/mnist_fc_growing/mnist-net_256x6.onnx_1_22_hist_2026-07-06_15-15-29.jld2,1.3692197799682617,97357.28634079295
mnist-net_256x6.onnx,1,23,unknown,2.962991525,1,./eval/mnist_fc_growing/mnist-net_256x6.onnx_1_23_hist_2026-07-06_15-15-29.jld2,1.4835569858551025,106272.54776622898
mnist-net_256x6.onnx,1,24,unknown,3.269992008,1,./eval/mnist_fc_growing/mnist-net_256x6.onnx_1_24_hist_2026-07-06_15-15-29.jld2,1.63618803024292,110807.17020434469
mnist-net_256x6.onnx,1,25,unknown,3.601279275,1,./eval/mnist_fc_growing/mnist-net_256x6.onnx_1_25_hist_2026-07-06_15-15-29.jld2,1.7896220684051514,121204.9000125699
mnist-net_256x6.onnx,1,26,unknown,3.929694352,1,./eval/mnist_fc_growing/mnist-net_256x6.onnx_1_26_hist_2026-07-06_15-15-29.jld2,1.5786778926849365,135669.07631140167
mnist-net_256x6.onnx,1,27,unknown,4.688950272,1,./eval/mnist_fc_growing/mnist-net_256x6.onnx_1_27_hist_2026-07-06_15-15-29.jld2,2.1298398971557617,148110.82595534308
mnist-net_256x6.onnx,1,28,unknown,5.094664591,1,./eval/mnist_fc_growing/mnist-net_256x6.onnx_1_28_hist_2026-07-06_15-15-29.jld2,2.330137014389038,157189.8001448972
mnist-net_256x6.onnx,1,29,unknown,5.483361427,1,./eval/mnist_fc_growing/mnist-net_256x6.onnx_1_29_hist_2026-07-06_15-15-29.jld2,2.5442259311676025,173276.3677669863
mnist-net_256x6.onnx,1,30,unknown,5.957323927,1,./eval/mnist_fc_growing/mnist-net_256x6.onnx_1_30_hist_2026-07-06_15-15-29.jld2,2.7712090015411377,178166.7767116658
mnist-net_256x6.onnx,1,31,unknown,6.4512451,1,./eval/mnist_fc_growing/mnist-net_256x6.onnx_1_31_hist_2026-07-06_15-15-29.jld2,3.0187859535217285,179343.85581713295
mnist-net_256x6.onnx,1,32,unknown,6.956516908,1,./eval/mnist_fc_growing/mnist-net_256x6.onnx_1_32_hist_2026-07-06_15-15-29.jld2,3.294516086578369,191620.28721785347
mnist-net_256x6.onnx,1,33,unknown,7.563456235,1,./eval/mnist_fc_growing/mnist-net_256x6.onnx_1_33_hist_2026-07-06_15-15-29.jld2,3.619231939315796,197059.84204907296
mnist-net_256x6.onnx,1,34,unknown,8.219964104,1,./eval/mnist_fc_growing/mnist-net_256x6.onnx_1_34_hist_2026-07-06_15-15-29.jld2,3.9533610343933105,203465.2213037018
mnist-net_256x6.onnx,1,35,unknown,9.378196692,1,./eval/mnist_fc_growing/mnist-net_256x6.onnx_1_35_hist_2026-07-06_15-15-29.jld2,4.714011907577515,210859.76608164774
mnist-net_256x6.onnx,1,36,unknown,10.108412244,1,./eval/mnist_fc_growing/mnist-net_256x6.onnx_1_36_hist_2026-07-06_15-15-29.jld2,5.0755839347839355,216165.3884608694
mnist-net_256x6.onnx,1,37,unknown,10.924175314,1,./eval/mnist_fc_growing/mnist-net_256x6.onnx_1_37_hist_2026-07-06_15-15-29.jld2,5.46345591545105,244314.15880103307
mnist-net_256x6.onnx,1,38,unknown,11.925224409,1,./eval/mnist_fc_growing/mnist-net_256x6.onnx_1_38_hist_2026-07-06_15-15-29.jld2,5.9098429679870605,255921.8584316783
mnist-net_256x6.onnx,1,39,unknown,12.991500319,1,./eval/mnist_fc_growing/mnist-net_256x6.onnx_1_39_hist_2026-07-06_15-15-29.jld2,6.432514905929565,272227.0951255079
mnist-net_256x6.onnx,1,40,unknown,14.190968898,1,./eval/mnist_fc_growing/mnist-net_256x6.onnx_1_40_hist_2026-07-06_15-15-29.jld2,6.975976943969727,281487.34263681195
mnist-net_256x6.onnx,1,41,unknown,15.266263221,1,./eval/mnist_fc_growing/mnist-net_256x6.onnx_1_41_hist_2026-07-06_15-15-29.jld2,7.1836090087890625,287717.0551033484
mnist-net_256x6.onnx,1,42,unknown,16.836312282,1,./eval/mnist_fc_growing/mnist-net_256x6.onnx_1_42_hist_2026-07-06_15-15-29.jld2,8.115308046340942,279692.34002957697
mnist-net_256x6.onnx,1,43,unknown,18.313757546,1,./eval/mnist_fc_growing/mnist-net_256x6.onnx_1_43_hist_2026-07-06_15-15-29.jld2,8.865342140197754,284298.12112020754
mnist-net_256x6.onnx,1,44,unknown,19.670583882,1,./eval/mnist_fc_growing/mnist-net_256x6.onnx_1_44_hist_2026-07-06_15-15-29.jld2,9.5626220703125,298348.92992052983
mnist-net_256x6.onnx,1,45,unknown,21.137592581,1,./eval/mnist_fc_growing/mnist-net_256x6.onnx_1_45_hist_2026-07-06_15-15-29.jld2,10.240725040435791,308246.9050465855
mnist-net_256x6.onnx,1,46,unknown,22.730454208,1,./eval/mnist_fc_growing/mnist-net_256x6.onnx_1_46_hist_2026-07-06_15-15-29.jld2,11.109097957611084,329794.26936524804
mnist-net_256x6.onnx,1,47,unknown,24.404652702,1,./eval/mnist_fc_growing/mnist-net_256x6.onnx_1_47_hist_2026-07-06_15-15-29.jld2,11.88672399520874,334466.63993095304
mnist-net_256x6.onnx,1,48,unknown,26.712672127,1,./eval/mnist_fc_growing/mnist-net_256x6.onnx_1_48_hist_2026-07-06_15-15-29.jld2,13.365638017654419,336336.2276187893
mnist-net_256x6.onnx,1,49,unknown,28.423736757,1,./eval/mnist_fc_growing/mnist-net_256x6.onnx_1_49_hist_2026-07-06_15-15-29.jld2,14.27288007736206,334154.9087589626
mnist-net_256x6.onnx,1,50,unknown,30.264352206,1,./eval/mnist_fc_growing/mnist-net_256x6.onnx_1_50_hist_2026-07-06_15-15-29.jld2,14.992769956588745,343128.05058830825
mnist-net_256x6.onnx,2,1,unsat,0.191665678,1,./eval/mnist_fc_growing/mnist-net_256x6.onnx_2_1_hist_2026-07-06_15-15-29.jld2,0.09528613090515137,0.0
mnist-net_256x6.onnx,2,2,unsat,0.190273655,1,./eval/mnist_fc_growing/mnist-net_256x6.onnx_2_2_hist_2026-07-06_15-15-29.jld2,0.0921480655670166,0.0
mnist-net_256x6.onnx,2,3,unsat,0.20641841,1,./eval/mnist_fc_growing/mnist-net_256x6.onnx_2_3_hist_2026-07-06_15-15-29.jld2,0.09712505340576172,0.0
mnist-net_256x6.onnx,2,4,unsat,0.232450672,1,./eval/mnist_fc_growing/mnist-net_256x6.onnx_2_4_hist_2026-07-06_15-15-29.jld2,0.10663223266601562,0.0
mnist-net_256x6.onnx,2,5,unsat,0.270201072,1,./eval/mnist_fc_growing/mnist-net_256x6.onnx_2_5_hist_2026-07-06_15-15-29.jld2,0.11538004875183105,0.0
mnist-net_256x6.onnx,2,6,unsat,0.306060167,1,./eval/mnist_fc_growing/mnist-net_256x6.onnx_2_6_hist_2026-07-06_15-15-29.jld2,0.12281990051269531,0.0
mnist-net_256x6.onnx,2,7,unsat,0.375065404,1,./eval/mnist_fc_growing/mnist-net_256x6.onnx_2_7_hist_2026-07-06_15-15-29.jld2,0.14305710792541504,0.0
mnist-net_256x6.onnx,2,8,unsat,0.396131707,1,./eval/mnist_fc_growing/mnist-net_256x6.onnx_2_8_hist_2026-07-06_15-15-29.jld2,0.16265487670898438,0.0
mnist-net_256x6.onnx,2,9,unsat,0.456462316,1,./eval/mnist_fc_growing/mnist-net_256x6.onnx_2_9_hist_2026-07-06_15-15-29.jld2,0.18863701820373535,0.0
mnist-net_256x6.onnx,2,10,unsat,0.521082812,1,./eval/mnist_fc_growing/mnist-net_256x6.onnx_2_10_hist_2026-07-06_15-15-29.jld2,0.2183849811553955,0.0
mnist-net_256x6.onnx,2,11,unsat,0.594980398,1,./eval/mnist_fc_growing/mnist-net_256x6.onnx_2_11_hist_2026-07-06_15-15-29.jld2,0.2414088249206543,0.0
mnist-net_256x6.onnx,2,12,unsat,0.685359192,1,./eval/mnist_fc_growing/mnist-net_256x6.onnx_2_12_hist_2026-07-06_15-15-29.jld2,0.28347206115722656,0.0
mnist-net_256x6.onnx,2,13,unsat,0.796675273,1,./eval/mnist_fc_growing/mnist-net_256x6.onnx_2_13_hist_2026-07-06_15-15-29.jld2,0.334306001663208,0.0
mnist-net_256x6.onnx,2,14,unsat,0.912839453,1,./eval/mnist_fc_growing/mnist-net_256x6.onnx_2_14_hist_2026-07-06_15-15-29.jld2,0.38467907905578613,0.0
mnist-net_256x6.onnx,2,15,unsat,1.11079703,1,./eval/mnist_fc_growing/mnist-net_256x6.onnx_2_15_hist_2026-07-06_15-15-29.jld2,0.515765905380249,0.0
mnist-net_256x6.onnx,2,16,unsat,1.181905804,1,./eval/mnist_fc_growing/mnist-net_256x6.onnx_2_16_hist_2026-07-06_15-15-29.jld2,0.5110909938812256,0.0
mnist-net_256x6.onnx,2,17,unsat,1.381196422,1,./eval/mnist_fc_growing/mnist-net_256x6.onnx_2_17_hist_2026-07-06_15-15-29.jld2,0.5952739715576172,0.0
mnist-net_256x6.onnx,2,18,unsat,1.516306131,1,./eval/mnist_fc_growing/mnist-net_256x6.onnx_2_18_hist_2026-07-06_15-15-29.jld2,0.6578991413116455,0.0
mnist-net_256x6.onnx,2,19,unknown,1.764029163,1,./eval/mnist_fc_growing/mnist-net_256x6.onnx_2_19_hist_2026-07-06_15-15-29.jld2,0.8039638996124268,848.150272428668
mnist-net_256x6.onnx,2,20,unknown,2.268465445,1,./eval/mnist_fc_growing/mnist-net_256x6.onnx_2_20_hist_2026-07-06_15-15-29.jld2,1.1474270820617676,3693.7852225202914
mnist-net_256x6.onnx,2,21,unknown,2.472275434,1,./eval/mnist_fc_growing/mnist-net_256x6.onnx_2_21_hist_2026-07-06_15-15-29.jld2,1.2770400047302246,5778.192206328408
mnist-net_256x6.onnx,2,22,unknown,2.693290908,1,./eval/mnist_fc_growing/mnist-net_256x6.onnx_2_22_hist_2026-07-06_15-15-29.jld2,1.3630809783935547,5648.070318584622
mnist-net_256x6.onnx,2,23,unknown,2.956132348,1,./eval/mnist_fc_growing/mnist-net_256x6.onnx_2_23_hist_2026-07-06_15-15-29.jld2,1.4790980815887451,8379.354941765956
mnist-net_256x6.onnx,2,24,unknown,3.328194978,1,./eval/mnist_fc_growing/mnist-net_256x6.onnx_2_24_hist_2026-07-06_15-15-29.jld2,1.6440210342407227,12094.628240681159
mnist-net_256x6.onnx,2,25,unknown,3.581880538,1,./eval/mnist_fc_growing/mnist-net_256x6.onnx_2_25_hist_2026-07-06_15-15-29.jld2,1.7683780193328857,14809.994945381113
mnist-net_256x6.onnx,2,26,unknown,3.914115619,1,./eval/mnist_fc_growing/mnist-net_256x6.onnx_2_26_hist_2026-07-06_15-15-29.jld2,1.5733468532562256,17230.947691530728
mnist-net_256x6.onnx,2,27,unknown,4.664484307,1,./eval/mnist_fc_growing/mnist-net_256x6.onnx_2_27_hist_2026-07-06_15-15-29.jld2,2.1334950923919678,21631.460025011576
mnist-net_256x6.onnx,2,28,unknown,5.075072446,1,./eval/mnist_fc_growing/mnist-net_256x6.onnx_2_28_hist_2026-07-06_15-15-29.jld2,2.332062005996704,26967.484071070125
mnist-net_256x6.onnx,2,29,unknown,5.47509851,1,./eval/mnist_fc_growing/mnist-net_256x6.onnx_2_29_hist_2026-07-06_15-15-29.jld2,2.536876916885376,31924.36813113415
mnist-net_256x6.onnx,2,30,unknown,5.960101661,1,./eval/mnist_fc_growing/mnist-net_256x6.onnx_2_30_hist_2026-07-06_15-15-29.jld2,2.7776339054107666,38298.56569177769
mnist-net_256x6.onnx,2,31,unknown,6.568016981,1,./eval/mnist_fc_growing/mnist-net_256x6.onnx_2_31_hist_2026-07-06_15-15-29.jld2,3.1173081398010254,45351.92115558685
mnist-net_256x6.onnx,2,32,unknown,6.99667012,1,./eval/mnist_fc_growing/mnist-net_256x6.onnx_2_32_hist_2026-07-06_15-15-29.jld2,3.318485975265503,55711.87787290438
mnist-net_256x6.onnx,2,33,unknown,7.560936858,1,./eval/mnist_fc_growing/mnist-net_256x6.onnx_2_33_hist_2026-07-06_15-15-29.jld2,3.6085140705108643,61288.50853919677
mnist-net_256x6.onnx,2,34,unknown,8.196605543,1,./eval/mnist_fc_growing/mnist-net_256x6.onnx_2_34_hist_2026-07-06_15-15-29.jld2,3.941122055053711,67121.40511164424
mnist-net_256x6.onnx,2,35,unknown,9.307970873,1,./eval/mnist_fc_growing/mnist-net_256x6.onnx_2_35_hist_2026-07-06_15-15-29.jld2,4.679641008377075,70729.08196848744
mnist-net_256x6.onnx,2,36,unknown,10.061090861,1,./eval/mnist_fc_growing/mnist-net_256x6.onnx_2_36_hist_2026-07-06_15-15-29.jld2,5.05831503868103,81407.03831239181
mnist-net_256x6.onnx,2,37,unknown,10.937587434,1,./eval/mnist_fc_growing/mnist-net_256x6.onnx_2_37_hist_2026-07-06_15-15-29.jld2,5.476212024688721,94745.8434336487
mnist-net_256x6.onnx,2,38,unknown,11.993249125,1,./eval/mnist_fc_growing/mnist-net_256x6.onnx_2_38_hist_2026-07-06_15-15-29.jld2,5.975137948989868,117855.57202481461
mnist-net_256x6.onnx,2,39,unknown,13.039877404,1,./eval/mnist_fc_growing/mnist-net_256x6.onnx_2_39_hist_2026-07-06_15-15-29.jld2,6.450875997543335,141539.2481640885
mnist-net_256x6.onnx,2,40,unknown,14.112226419,1,./eval/mnist_fc_growing/mnist-net_256x6.onnx_2_40_hist_2026-07-06_15-15-29.jld2,6.965565919876099,178527.81097109438
mnist-net_256x6.onnx,2,41,unknown,15.293427197,1,./eval/mnist_fc_growing/mnist-net_256x6.onnx_2_41_hist_2026-07-06_15-15-29.jld2,7.191540956497192,188936.63999553627
mnist-net_256x6.onnx,2,42,unknown,16.873951921,1,./eval/mnist_fc_growing/mnist-net_256x6.onnx_2_42_hist_2026-07-06_15-15-29.jld2,8.141475915908813,201178.97162623974
mnist-net_256x6.onnx,2,43,unknown,18.223966735,1,./eval/mnist_fc_growing/mnist-net_256x6.onnx_2_43_hist_2026-07-06_15-15-29.jld2,8.797483921051025,210123.02975743814
mnist-net_256x6.onnx,2,44,unknown,19.507981839,1,./eval/mnist_fc_growing/mnist-net_256x6.onnx_2_44_hist_2026-07-06_15-15-29.jld2,9.500483989715576,220260.54212300348
mnist-net_256x6.onnx,2,45,unknown,21.137319489,1,./eval/mnist_fc_growing/mnist-net_256x6.onnx_2_45_hist_2026-07-06_15-15-29.jld2,10.276996850967407,232486.31276912108
mnist-net_256x6.onnx,2,46,unknown,22.74306559,1,./eval/mnist_fc_growing/mnist-net_256x6.onnx_2_46_hist_2026-07-06_15-15-29.jld2,11.079354047775269,244316.5334023001
mnist-net_256x6.onnx,2,47,unknown,24.777439919,1,./eval/mnist_fc_growing/mnist-net_256x6.onnx_2_47_hist_2026-07-06_15-15-29.jld2,12.358715057373047,261084.6400643778
mnist-net_256x6.onnx,2,48,unknown,26.731755173,1,./eval/mnist_fc_growing/mnist-net_256x6.onnx_2_48_hist_2026-07-06_15-15-29.jld2,13.321476936340332,272262.8041586039
mnist-net_256x6.onnx,2,49,unknown,28.434177128,1,./eval/mnist_fc_growing/mnist-net_256x6.onnx_2_49_hist_2026-07-06_15-15-29.jld2,13.917245864868164,285154.6295154721
mnist-net_256x6.onnx,2,50,unknown,30.376674479,1,./eval/mnist_fc_growing/mnist-net_256x6.onnx_2_50_hist_2026-07-06_15-15-29.jld2,15.05965280532837,304108.7900478684
mnist-net_256x6.onnx,3,1,unsat,0.190551223,1,./eval/mnist_fc_growing/mnist-net_256x6.onnx_3_1_hist_2026-07-06_15-15-29.jld2,0.0950930118560791,0.0
mnist-net_256x6.onnx,3,2,unsat,0.189902389,1,./eval/mnist_fc_growing/mnist-net_256x6.onnx_3_2_hist_2026-07-06_15-15-29.jld2,0.09206891059875488,0.0
mnist-net_256x6.onnx,3,3,unsat,0.208072426,1,./eval/mnist_fc_growing/mnist-net_256x6.onnx_3_3_hist_2026-07-06_15-15-29.jld2,0.09736895561218262,0.0
mnist-net_256x6.onnx,3,4,unsat,0.232132949,1,./eval/mnist_fc_growing/mnist-net_256x6.onnx_3_4_hist_2026-07-06_15-15-29.jld2,0.10647177696228027,0.0
mnist-net_256x6.onnx,3,5,unsat,0.266009232,1,./eval/mnist_fc_growing/mnist-net_256x6.onnx_3_5_hist_2026-07-06_15-15-29.jld2,0.11545705795288086,0.0
mnist-net_256x6.onnx,3,6,unsat,0.307241952,1,./eval/mnist_fc_growing/mnist-net_256x6.onnx_3_6_hist_2026-07-06_15-15-29.jld2,0.12295889854431152,0.0
mnist-net_256x6.onnx,3,7,unsat,0.363541561,1,./eval/mnist_fc_growing/mnist-net_256x6.onnx_3_7_hist_2026-07-06_15-15-29.jld2,0.14689207077026367,0.0
mnist-net_256x6.onnx,3,8,unsat,0.393551717,1,./eval/mnist_fc_growing/mnist-net_256x6.onnx_3_8_hist_2026-07-06_15-15-29.jld2,0.1600499153137207,0.0
mnist-net_256x6.onnx,3,9,unsat,0.455396685,1,./eval/mnist_fc_growing/mnist-net_256x6.onnx_3_9_hist_2026-07-06_15-15-29.jld2,0.18828415870666504,0.0
mnist-net_256x6.onnx,3,10,unsat,0.521508861,1,./eval/mnist_fc_growing/mnist-net_256x6.onnx_3_10_hist_2026-07-06_15-15-29.jld2,0.21976613998413086,0.0
mnist-net_256x6.onnx,3,11,unsat,0.592950108,1,./eval/mnist_fc_growing/mnist-net_256x6.onnx_3_11_hist_2026-07-06_15-15-29.jld2,0.24100708961486816,0.0
mnist-net_256x6.onnx,3,12,unsat,0.68287827,1,./eval/mnist_fc_growing/mnist-net_256x6.onnx_3_12_hist_2026-07-06_15-15-29.jld2,0.2826709747314453,0.0
mnist-net_256x6.onnx,3,13,unknown,0.789308445,1,./eval/mnist_fc_growing/mnist-net_256x6.onnx_3_13_hist_2026-07-06_15-15-29.jld2,0.3292360305786133,266.1499733400531
mnist-net_256x6.onnx,3,14,unknown,0.902981037,1,./eval/mnist_fc_growing/mnist-net_256x6.onnx_3_14_hist_2026-07-06_15-15-29.jld2,0.3822450637817383,8586.310309342954
mnist-net_256x6.onnx,3,15,unknown,1.034690668,1,./eval/mnist_fc_growing/mnist-net_256x6.onnx_3_15_hist_2026-07-06_15-15-29.jld2,0.4451429843902588,4423.992148932144
mnist-net_256x6.onnx,3,16,unknown,1.180229314,1,./eval/mnist_fc_growing/mnist-net_256x6.onnx_3_16_hist_2026-07-06_15-15-29.jld2,0.5122218132019043,13546.609357717518
mnist-net_256x6.onnx,3,17,unknown,1.414362208,1,./eval/mnist_fc_growing/mnist-net_256x6.onnx_3_17_hist_2026-07-06_15-15-29.jld2,0.6315200328826904,26938.01027396962
mnist-net_256x6.onnx,3,18,unknown,1.512481177,1,./eval/mnist_fc_growing/mnist-net_256x6.onnx_3_18_hist_2026-07-06_15-15-29.jld2,0.6568930149078369,27726.493049911584
mnist-net_256x6.onnx,3,19,unknown,2.081438617,1,./eval/mnist_fc_growing/mnist-net_256x6.onnx_3_19_hist_2026-07-06_15-15-29.jld2,1.112410068511963,43389.10562048335
mnist-net_256x6.onnx,3,20,unknown,2.265889683,1,./eval/mnist_fc_growing/mnist-net_256x6.onnx_3_20_hist_2026-07-06_15-15-29.jld2,1.1944770812988281,51742.86751350575
mnist-net_256x6.onnx,3,21,unknown,2.504677543,1,./eval/mnist_fc_growing/mnist-net_256x6.onnx_3_21_hist_2026-07-06_15-15-29.jld2,1.3119330406188965,54724.295498709536
mnist-net_256x6.onnx,3,22,unknown,2.685327352,1,./eval/mnist_fc_growing/mnist-net_256x6.onnx_3_22_hist_2026-07-06_15-15-29.jld2,1.3594458103179932,63479.629839412475
mnist-net_256x6.onnx,3,23,unknown,2.94725176,1,./eval/mnist_fc_growing/mnist-net_256x6.onnx_3_23_hist_2026-07-06_15-15-29.jld2,1.47337007522583,78787.55774246808
mnist-net_256x6.onnx,3,24,unknown,3.304794265,1,./eval/mnist_fc_growing/mnist-net_256x6.onnx_3_24_hist_2026-07-06_15-15-29.jld2,1.6337978839874268,96373.80427031257
mnist-net_256x6.onnx,3,25,unknown,3.60698886,1,./eval/mnist_fc_growing/mnist-net_256x6.onnx_3_25_hist_2026-07-06_15-15-29.jld2,1.7650959491729736,105591.09884331963
mnist-net_256x6.onnx,3,26,unknown,3.908017324,1,./eval/mnist_fc_growing/mnist-net_256x6.onnx_3_26_hist_2026-07-06_15-15-29.jld2,1.9313600063323975,129565.6474512659
mnist-net_256x6.onnx,3,27,unknown,4.664179254,1,./eval/mnist_fc_growing/mnist-net_256x6.onnx_3_27_hist_2026-07-06_15-15-29.jld2,2.1265299320220947,144459.78949906828
mnist-net_256x6.onnx,3,28,unknown,5.062205481,1,./eval/mnist_fc_growing/mnist-net_256x6.onnx_3_28_hist_2026-07-06_15-15-29.jld2,2.325093984603882,174471.68713508008
mnist-net_256x6.onnx,3,29,unknown,5.489344416,1,./eval/mnist_fc_growing/mnist-net_256x6.onnx_3_29_hist_2026-07-06_15-15-29.jld2,2.522934913635254,191484.83490198117
mnist-net_256x6.onnx,3,30,unknown,5.918925582,1,./eval/mnist_fc_growing/mnist-net_256x6.onnx_3_30_hist_2026-07-06_15-15-29.jld2,2.7617781162261963,206356.94571916104
mnist-net_256x6.onnx,3,31,unknown,6.45135669,1,./eval/mnist_fc_growing/mnist-net_256x6.onnx_3_31_hist_2026-07-06_15-15-29.jld2,3.028438091278076,202462.8711780726
mnist-net_256x6.onnx,3,32,unknown,6.977641857,1,./eval/mnist_fc_growing/mnist-net_256x6.onnx_3_32_hist_2026-07-06_15-15-29.jld2,3.3180978298187256,213925.8827946202
mnist-net_256x6.onnx,3,33,unknown,7.568073085,1,./eval/mnist_fc_growing/mnist-net_256x6.onnx_3_33_hist_2026-07-06_15-15-29.jld2,3.619729995727539,227688.45763423803
mnist-net_256x6.onnx,3,34,unknown,8.189186078,1,./eval/mnist_fc_growing/mnist-net_256x6.onnx_3_34_hist_2026-07-06_15-15-29.jld2,3.944154977798462,233860.95089232424
mnist-net_256x6.onnx,3,35,unknown,9.334804031,1,./eval/mnist_fc_growing/mnist-net_256x6.onnx_3_35_hist_2026-07-06_15-15-29.jld2,4.680753946304321,244478.0680503879
mnist-net_256x6.onnx,3,36,unknown,10.090156541,1,./eval/mnist_fc_growing/mnist-net_256x6.onnx_3_36_hist_2026-07-06_15-15-29.jld2,5.094105005264282,249844.4837339333
mnist-net_256x6.onnx,3,37,unknown,10.869983805,1,./eval/mnist_fc_growing/mnist-net_256x6.onnx_3_37_hist_2026-07-06_15-15-29.jld2,5.452976942062378,275013.89652531047
mnist-net_256x6.onnx,3,38,unknown,11.910124656,1,./eval/mnist_fc_growing/mnist-net_256x6.onnx_3_38_hist_2026-07-06_15-15-29.jld2,5.939731121063232,281209.30362751824
mnist-net_256x6.onnx,3,39,unknown,13.034632657,1,./eval/mnist_fc_growing/mnist-net_256x6.onnx_3_39_hist_2026-07-06_15-15-29.jld2,6.460809946060181,296875.97969931184
mnist-net_256x6.onnx,3,40,unknown,14.134590233,1,./eval/mnist_fc_growing/mnist-net_256x6.onnx_3_40_hist_2026-07-06_15-15-29.jld2,6.95515513420105,307264.2505967186
mnist-net_256x6.onnx,3,41,unknown,15.246931759,1,./eval/mnist_fc_growing/mnist-net_256x6.onnx_3_41_hist_2026-07-06_15-15-29.jld2,7.143567085266113,329943.445676839
mnist-net_256x6.onnx,3,42,unknown,16.827989661,1,./eval/mnist_fc_growing/mnist-net_256x6.onnx_3_42_hist_2026-07-06_15-15-29.jld2,8.097651958465576,328621.80592167366
mnist-net_256x6.onnx,3,43,unknown,18.271562567,1,./eval/mnist_fc_growing/mnist-net_256x6.onnx_3_43_hist_2026-07-06_15-15-29.jld2,8.81978702545166,325319.42098716804
mnist-net_256x6.onnx,3,44,unknown,19.590972979,1,./eval/mnist_fc_growing/mnist-net_256x6.onnx_3_44_hist_2026-07-06_15-15-29.jld2,9.54691481590271,367209.42509428615
mnist-net_256x6.onnx,3,45,unknown,21.094279117,1,./eval/mnist_fc_growing/mnist-net_256x6.onnx_3_45_hist_2026-07-06_15-15-29.jld2,10.2619149684906,384718.53249774914
mnist-net_256x6.onnx,3,46,unknown,22.69796648,1,./eval/mnist_fc_growing/mnist-net_256x6.onnx_3_46_hist_2026-07-06_15-15-29.jld2,11.098971843719482,394440.4166178177
mnist-net_256x6.onnx,3,47,unknown,24.719779335,1,./eval/mnist_fc_growing/mnist-net_256x6.onnx_3_47_hist_2026-07-06_15-15-29.jld2,12.286450862884521,403711.8618757813
mnist-net_256x6.onnx,3,48,unknown,26.785976332,1,./eval/mnist_fc_growing/mnist-net_256x6.onnx_3_48_hist_2026-07-06_15-15-29.jld2,13.39892292022705,400166.47244894155
mnist-net_256x6.onnx,3,49,unknown,28.451582374,1,./eval/mnist_fc_growing/mnist-net_256x6.onnx_3_49_hist_2026-07-06_15-15-29.jld2,13.941447019577026,401971.86908825533
mnist-net_256x6.onnx,3,50,unknown,30.449960404,1,./eval/mnist_fc_growing/mnist-net_256x6.onnx_3_50_hist_2026-07-06_15-15-29.jld2,15.146684885025024,410186.78108984727
mnist-net_256x6.onnx,4,1,unsat,0.195750719,1,./eval/mnist_fc_growing/mnist-net_256x6.onnx_4_1_hist_2026-07-06_15-15-29.jld2,0.0954890251159668,0.0
mnist-net_256x6.onnx,4,2,unsat,0.187644693,1,./eval/mnist_fc_growing/mnist-net_256x6.onnx_4_2_hist_2026-07-06_15-15-29.jld2,0.09168791770935059,0.0
mnist-net_256x6.onnx,4,3,unsat,0.227530823,1,./eval/mnist_fc_growing/mnist-net_256x6.onnx_4_3_hist_2026-07-06_15-15-29.jld2,0.1194307804107666,0.0
mnist-net_256x6.onnx,4,4,unsat,0.232083351,1,./eval/mnist_fc_growing/mnist-net_256x6.onnx_4_4_hist_2026-07-06_15-15-29.jld2,0.10640501976013184,0.0
mnist-net_256x6.onnx,4,5,unsat,0.266612348,1,./eval/mnist_fc_growing/mnist-net_256x6.onnx_4_5_hist_2026-07-06_15-15-29.jld2,0.11520099639892578,0.0
mnist-net_256x6.onnx,4,6,unsat,0.306942583,1,./eval/mnist_fc_growing/mnist-net_256x6.onnx_4_6_hist_2026-07-06_15-15-29.jld2,0.12287092208862305,0.0
mnist-net_256x6.onnx,4,7,unsat,0.396861751,1,./eval/mnist_fc_growing/mnist-net_256x6.onnx_4_7_hist_2026-07-06_15-15-29.jld2,0.14324188232421875,0.0
mnist-net_256x6.onnx,4,8,unsat,0.394546295,1,./eval/mnist_fc_growing/mnist-net_256x6.onnx_4_8_hist_2026-07-06_15-15-29.jld2,0.16170191764831543,0.0
mnist-net_256x6.onnx,4,9,unsat,0.45894244,1,./eval/mnist_fc_growing/mnist-net_256x6.onnx_4_9_hist_2026-07-06_15-15-29.jld2,0.1887531280517578,0.0
mnist-net_256x6.onnx,4,10,unsat,0.522327396,1,./eval/mnist_fc_growing/mnist-net_256x6.onnx_4_10_hist_2026-07-06_15-15-29.jld2,0.21919608116149902,0.0
mnist-net_256x6.onnx,4,11,unsat,0.592901241,1,./eval/mnist_fc_growing/mnist-net_256x6.onnx_4_11_hist_2026-07-06_15-15-29.jld2,0.24091196060180664,0.0
mnist-net_256x6.onnx,4,12,unsat,0.688295555,1,./eval/mnist_fc_growing/mnist-net_256x6.onnx_4_12_hist_2026-07-06_15-15-29.jld2,0.2838878631591797,0.0
mnist-net_256x6.onnx,4,13,unsat,0.79446373,1,./eval/mnist_fc_growing/mnist-net_256x6.onnx_4_13_hist_2026-07-06_15-15-29.jld2,0.33083510398864746,0.0
mnist-net_256x6.onnx,4,14,unsat,0.910772729,1,./eval/mnist_fc_growing/mnist-net_256x6.onnx_4_14_hist_2026-07-06_15-15-29.jld2,0.38373804092407227,0.0
mnist-net_256x6.onnx,4,15,unknown,1.038528376,1,./eval/mnist_fc_growing/mnist-net_256x6.onnx_4_15_hist_2026-07-06_15-15-29.jld2,0.44613194465637207,176.74550093955747
mnist-net_256x6.onnx,4,16,unknown,1.182993038,1,./eval/mnist_fc_growing/mnist-net_256x6.onnx_4_16_hist_2026-07-06_15-15-29.jld2,0.5152139663696289,806.7780198947644
mnist-net_256x6.onnx,4,17,unknown,1.38776712,1,./eval/mnist_fc_growing/mnist-net_256x6.onnx_4_17_hist_2026-07-06_15-15-29.jld2,0.6010499000549316,4843.414578276067
mnist-net_256x6.onnx,4,18,unknown,1.514178311,1,./eval/mnist_fc_growing/mnist-net_256x6.onnx_4_18_hist_2026-07-06_15-15-29.jld2,0.6577329635620117,18484.511150523933
mnist-net_256x6.onnx,4,19,unknown,2.132386295,1,./eval/mnist_fc_growing/mnist-net_256x6.onnx_4_19_hist_2026-07-06_15-15-29.jld2,1.1168911457061768,33664.585035321594
mnist-net_256x6.onnx,4,20,unknown,2.261064498,1,./eval/mnist_fc_growing/mnist-net_256x6.onnx_4_20_hist_2026-07-06_15-15-29.jld2,1.2000861167907715,39140.479002699154
mnist-net_256x6.onnx,4,21,unknown,2.463148009,1,./eval/mnist_fc_growing/mnist-net_256x6.onnx_4_21_hist_2026-07-06_15-15-29.jld2,1.2744688987731934,47017.263256262886
mnist-net_256x6.onnx,4,22,unknown,2.680192853,1,./eval/mnist_fc_growing/mnist-net_256x6.onnx_4_22_hist_2026-07-06_15-15-29.jld2,1.3589191436767578,64150.59878892172
mnist-net_256x6.onnx,4,23,unknown,2.990242212,1,./eval/mnist_fc_growing/mnist-net_256x6.onnx_4_23_hist_2026-07-06_15-15-29.jld2,1.5174219608306885,60712.03519894277
mnist-net_256x6.onnx,4,24,unknown,3.273707088,1,./eval/mnist_fc_growing/mnist-net_256x6.onnx_4_24_hist_2026-07-06_15-15-29.jld2,1.6393320560455322,69542.05700512725
mnist-net_256x6.onnx,4,25,unknown,3.58004928,1,./eval/mnist_fc_growing/mnist-net_256x6.onnx_4_25_hist_2026-07-06_15-15-29.jld2,1.7772481441497803,88840.05729708652
mnist-net_256x6.onnx,4,26,unknown,3.933334789,1,./eval/mnist_fc_growing/mnist-net_256x6.onnx_4_26_hist_2026-07-06_15-15-29.jld2,1.5779080390930176,109892.05084853522
mnist-net_256x6.onnx,4,27,unknown,4.739261715,1,./eval/mnist_fc_growing/mnist-net_256x6.onnx_4_27_hist_2026-07-06_15-15-29.jld2,2.173430919647217,119334.92220553652
mnist-net_256x6.onnx,4,28,unknown,5.073272855,1,./eval/mnist_fc_growing/mnist-net_256x6.onnx_4_28_hist_2026-07-06_15-15-29.jld2,2.327634811401367,118895.26432724703
mnist-net_256x6.onnx,4,29,unknown,5.478977815,1,./eval/mnist_fc_growing/mnist-net_256x6.onnx_4_29_hist_2026-07-06_15-15-29.jld2,2.5420820713043213,130320.69281661916
mnist-net_256x6.onnx,4,30,unknown,5.949002316,1,./eval/mnist_fc_growing/mnist-net_256x6.onnx_4_30_hist_2026-07-06_15-15-29.jld2,2.7732510566711426,135130.44820696826
mnist-net_256x6.onnx,4,31,unknown,6.470145239,1,./eval/mnist_fc_growing/mnist-net_256x6.onnx_4_31_hist_2026-07-06_15-15-29.jld2,3.0229711532592773,142797.62251415662
mnist-net_256x6.onnx,4,32,unknown,7.009286029,1,./eval/mnist_fc_growing/mnist-net_256x6.onnx_4_32_hist_2026-07-06_15-15-29.jld2,3.296204090118408,148656.62826712997
mnist-net_256x6.onnx,4,33,unknown,7.558806978,1,./eval/mnist_fc_growing/mnist-net_256x6.onnx_4_33_hist_2026-07-06_15-15-29.jld2,3.605156183242798,158548.0428481868
mnist-net_256x6.onnx,4,34,unknown,8.20629613,1,./eval/mnist_fc_growing/mnist-net_256x6.onnx_4_34_hist_2026-07-06_15-15-29.jld2,3.948802947998047,165916.0202806119
mnist-net_256x6.onnx,4,35,unknown,9.341144358,1,./eval/mnist_fc_growing/mnist-net_256x6.onnx_4_35_hist_2026-07-06_15-15-29.jld2,4.695959091186523,160610.49444043002
mnist-net_256x6.onnx,4,36,unknown,10.057471726,1,./eval/mnist_fc_growing/mnist-net_256x6.onnx_4_36_hist_2026-07-06_15-15-29.jld2,5.0637218952178955,160045.2857783534
mnist-net_256x6.onnx,4,37,unknown,10.906117784,1,./eval/mnist_fc_growing/mnist-net_256x6.onnx_4_37_hist_2026-07-06_15-15-29.jld2,5.464879989624023,182257.38264271332
mnist-net_256x6.onnx,4,38,unknown,11.912101476,1,./eval/mnist_fc_growing/mnist-net_256x6.onnx_4_38_hist_2026-07-06_15-15-29.jld2,5.940024137496948,193201.3555281504
mnist-net_256x6.onnx,4,39,unknown,12.997978298,1,./eval/mnist_fc_growing/mnist-net_256x6.onnx_4_39_hist_2026-07-06_15-15-29.jld2,6.4421470165252686,210577.48721202672
mnist-net_256x6.onnx,4,40,unknown,14.236995069,1,./eval/mnist_fc_growing/mnist-net_256x6.onnx_4_40_hist_2026-07-06_15-15-29.jld2,6.990110158920288,232820.51088618764
mnist-net_256x6.onnx,4,41,unknown,15.415087699,1,./eval/mnist_fc_growing/mnist-net_256x6.onnx_4_41_hist_2026-07-06_15-15-29.jld2,7.185460090637207,244390.89188182706
mnist-net_256x6.onnx,4,42,unknown,16.913003851,1,./eval/mnist_fc_growing/mnist-net_256x6.onnx_4_42_hist_2026-07-06_15-15-29.jld2,8.146321058273315,276552.72775111377
mnist-net_256x6.onnx,4,43,unknown,18.275195891,1,./eval/mnist_fc_growing/mnist-net_256x6.onnx_4_43_hist_2026-07-06_15-15-29.jld2,8.848251104354858,303941.9048544857
mnist-net_256x6.onnx,4,44,unknown,19.66842554,1,./eval/mnist_fc_growing/mnist-net_256x6.onnx_4_44_hist_2026-07-06_15-15-29.jld2,9.548639059066772,342997.03460989165
mnist-net_256x6.onnx,4,45,unknown,21.034313332,1,./eval/mnist_fc_growing/mnist-net_256x6.onnx_4_45_hist_2026-07-06_15-15-29.jld2,10.194855213165283,388008.41118450806
mnist-net_256x6.onnx,4,46,unknown,22.704185283,1,./eval/mnist_fc_growing/mnist-net_256x6.onnx_4_46_hist_2026-07-06_15-15-29.jld2,11.101465940475464,383426.0774372048
mnist-net_256x6.onnx,4,47,unknown,24.714054765,1,./eval/mnist_fc_growing/mnist-net_256x6.onnx_4_47_hist_2026-07-06_15-15-29.jld2,12.280160188674927,409335.1394209918
mnist-net_256x6.onnx,4,48,unknown,26.657601916,1,./eval/mnist_fc_growing/mnist-net_256x6.onnx_4_48_hist_2026-07-06_15-15-29.jld2,12.943870067596436,431075.47463861946
mnist-net_256x6.onnx,4,49,unknown,28.43563967,1,./eval/mnist_fc_growing/mnist-net_256x6.onnx_4_49_hist_2026-07-06_15-15-29.jld2,14.282089948654175,485269.76648616977
mnist-net_256x6.onnx,4,50,unknown,30.258388393,1,./eval/mnist_fc_growing/mnist-net_256x6.onnx_4_50_hist_2026-07-06_15-15-29.jld2,14.973743200302124,501640.42147580435
mnist-net_256x6.onnx,5,1,unsat,0.189722627,1,./eval/mnist_fc_growing/mnist-net_256x6.onnx_5_1_hist_2026-07-06_15-15-29.jld2,0.09499812126159668,0.0
mnist-net_256x6.onnx,5,2,unsat,0.190696452,1,./eval/mnist_fc_growing/mnist-net_256x6.onnx_5_2_hist_2026-07-06_15-15-29.jld2,0.0921638011932373,0.0
mnist-net_256x6.onnx,5,3,unsat,0.207201412,1,./eval/mnist_fc_growing/mnist-net_256x6.onnx_5_3_hist_2026-07-06_15-15-29.jld2,0.0971219539642334,0.0
mnist-net_256x6.onnx,5,4,unsat,0.232347539,1,./eval/mnist_fc_growing/mnist-net_256x6.onnx_5_4_hist_2026-07-06_15-15-29.jld2,0.10645890235900879,0.0
mnist-net_256x6.onnx,5,5,unsat,0.265486009,1,./eval/mnist_fc_growing/mnist-net_256x6.onnx_5_5_hist_2026-07-06_15-15-29.jld2,0.11504220962524414,0.0
mnist-net_256x6.onnx,5,6,unsat,0.306694999,1,./eval/mnist_fc_growing/mnist-net_256x6.onnx_5_6_hist_2026-07-06_15-15-29.jld2,0.12279510498046875,0.0
mnist-net_256x6.onnx,5,7,unsat,0.3798497,1,./eval/mnist_fc_growing/mnist-net_256x6.onnx_5_7_hist_2026-07-06_15-15-29.jld2,0.16393208503723145,0.0
mnist-net_256x6.onnx,5,8,unsat,0.39538501,1,./eval/mnist_fc_growing/mnist-net_256x6.onnx_5_8_hist_2026-07-06_15-15-29.jld2,0.16148710250854492,0.0
mnist-net_256x6.onnx,5,9,unsat,0.456610946,1,./eval/mnist_fc_growing/mnist-net_256x6.onnx_5_9_hist_2026-07-06_15-15-29.jld2,0.18902301788330078,0.0
mnist-net_256x6.onnx,5,10,unsat,0.525745884,1,./eval/mnist_fc_growing/mnist-net_256x6.onnx_5_10_hist_2026-07-06_15-15-29.jld2,0.2207050323486328,0.0
mnist-net_256x6.onnx,5,11,unsat,0.595073064,1,./eval/mnist_fc_growing/mnist-net_256x6.onnx_5_11_hist_2026-07-06_15-15-29.jld2,0.2415308952331543,0.0
mnist-net_256x6.onnx,5,12,unsat,0.685405618,1,./eval/mnist_fc_growing/mnist-net_256x6.onnx_5_12_hist_2026-07-06_15-15-29.jld2,0.28309106826782227,0.0
mnist-net_256x6.onnx,5,13,unsat,0.793637163,1,./eval/mnist_fc_growing/mnist-net_256x6.onnx_5_13_hist_2026-07-06_15-15-29.jld2,0.33023595809936523,0.0
mnist-net_256x6.onnx,5,14,unsat,0.914699131,1,./eval/mnist_fc_growing/mnist-net_256x6.onnx_5_14_hist_2026-07-06_15-15-29.jld2,0.3899879455566406,0.0
mnist-net_256x6.onnx,5,15,unsat,1.040660088,1,./eval/mnist_fc_growing/mnist-net_256x6.onnx_5_15_hist_2026-07-06_15-15-29.jld2,0.44367289543151855,0.0
mnist-net_256x6.onnx,5,16,unsat,1.180709546,1,./eval/mnist_fc_growing/mnist-net_256x6.onnx_5_16_hist_2026-07-06_15-15-29.jld2,0.5125908851623535,0.0
mnist-net_256x6.onnx,5,17,unsat,1.384550837,1,./eval/mnist_fc_growing/mnist-net_256x6.onnx_5_17_hist_2026-07-06_15-15-29.jld2,0.5976719856262207,0.0
mnist-net_256x6.onnx,5,18,unsat,1.566299902,1,./eval/mnist_fc_growing/mnist-net_256x6.onnx_5_18_hist_2026-07-06_15-15-29.jld2,0.6571040153503418,0.0
mnist-net_256x6.onnx,5,19,unsat,1.77093138,1,./eval/mnist_fc_growing/mnist-net_256x6.onnx_5_19_hist_2026-07-06_15-15-29.jld2,0.8063559532165527,0.0
mnist-net_256x6.onnx,5,20,unknown,2.268872906,1,./eval/mnist_fc_growing/mnist-net_256x6.onnx_5_20_hist_2026-07-06_15-15-29.jld2,1.152984857559204,855.1937261257507
mnist-net_256x6.onnx,5,21,unknown,2.478227417,1,./eval/mnist_fc_growing/mnist-net_256x6.onnx_5_21_hist_2026-07-06_15-15-29.jld2,1.2818870544433594,3843.563552392837
mnist-net_256x6.onnx,5,22,unknown,2.69472801,1,./eval/mnist_fc_growing/mnist-net_256x6.onnx_5_22_hist_2026-07-06_15-15-29.jld2,1.3646440505981445,10516.834136290743
mnist-net_256x6.onnx,5,23,unknown,2.96972697,1,./eval/mnist_fc_growing/mnist-net_256x6.onnx_5_23_hist_2026-07-06_15-15-29.jld2,1.4875690937042236,18020.063543587363
mnist-net_256x6.onnx,5,24,unknown,3.274559647,1,./eval/mnist_fc_growing/mnist-net_256x6.onnx_5_24_hist_2026-07-06_15-15-29.jld2,1.6386659145355225,27824.189201126203
mnist-net_256x6.onnx,5,25,unknown,3.657421752,1,./eval/mnist_fc_growing/mnist-net_256x6.onnx_5_25_hist_2026-07-06_15-15-29.jld2,1.855997085571289,32037.18940432951
mnist-net_256x6.onnx,5,26,unknown,3.927139371,1,./eval/mnist_fc_growing/mnist-net_256x6.onnx_5_26_hist_2026-07-06_15-15-29.jld2,1.5791471004486084,36671.48675422855
mnist-net_256x6.onnx,5,27,unknown,4.674053932,1,./eval/mnist_fc_growing/mnist-net_256x6.onnx_5_27_hist_2026-07-06_15-15-29.jld2,2.131965160369873,41867.31934586737
mnist-net_256x6.onnx,5,28,unknown,5.097211603,1,./eval/mnist_fc_growing/mnist-net_256x6.onnx_5_28_hist_2026-07-06_15-15-29.jld2,2.350645065307617,45258.46107298139
mnist-net_256x6.onnx,5,29,unknown,5.486595843,1,./eval/mnist_fc_growing/mnist-net_256x6.onnx_5_29_hist_2026-07-06_15-15-29.jld2,2.5507431030273438,53227.275060247164
mnist-net_256x6.onnx,5,30,unknown,5.977752002,1,./eval/mnist_fc_growing/mnist-net_256x6.onnx_5_30_hist_2026-07-06_15-15-29.jld2,2.781243085861206,56193.963254896036
mnist-net_256x6.onnx,5,31,unknown,6.515922345,1,./eval/mnist_fc_growing/mnist-net_256x6.onnx_5_31_hist_2026-07-06_15-15-29.jld2,3.05056095123291,61784.464026528476
mnist-net_256x6.onnx,5,32,unknown,7.057738737,1,./eval/mnist_fc_growing/mnist-net_256x6.onnx_5_32_hist_2026-07-06_15-15-29.jld2,3.316962957382202,67700.89733319868
mnist-net_256x6.onnx,5,33,unknown,7.608125523,1,./eval/mnist_fc_growing/mnist-net_256x6.onnx_5_33_hist_2026-07-06_15-15-29.jld2,3.6315419673919678,72586.4073404416
mnist-net_256x6.onnx,5,34,unknown,8.237598437,1,./eval/mnist_fc_growing/mnist-net_256x6.onnx_5_34_hist_2026-07-06_15-15-29.jld2,3.964815855026245,77966.5159766161
mnist-net_256x6.onnx,5,35,unknown,9.366645745,1,./eval/mnist_fc_growing/mnist-net_256x6.onnx_5_35_hist_2026-07-06_15-15-29.jld2,4.701664924621582,85230.71505373516
mnist-net_256x6.onnx,5,36,unknown,10.082073591,1,./eval/mnist_fc_growing/mnist-net_256x6.onnx_5_36_hist_2026-07-06_15-15-29.jld2,5.095660924911499,96107.92054417983
mnist-net_256x6.onnx,5,37,unknown,10.954037484,1,./eval/mnist_fc_growing/mnist-net_256x6.onnx_5_37_hist_2026-07-06_15-15-29.jld2,5.488909959793091,111190.21405536654
mnist-net_256x6.onnx,5,38,unknown,11.962470324,1,./eval/mnist_fc_growing/mnist-net_256x6.onnx_5_38_hist_2026-07-06_15-15-29.jld2,5.962435960769653,128707.05420878546
mnist-net_256x6.onnx,5,39,unknown,13.086490774,1,./eval/mnist_fc_growing/mnist-net_256x6.onnx_5_39_hist_2026-07-06_15-15-29.jld2,6.43579888343811,147088.49178442435
mnist-net_256x6.onnx,5,40,unknown,14.162352282,1,./eval/mnist_fc_growing/mnist-net_256x6.onnx_5_40_hist_2026-07-06_15-15-29.jld2,6.970067024230957,170625.74918477226
mnist-net_256x6.onnx,5,41,unknown,15.304790137,1,./eval/mnist_fc_growing/mnist-net_256x6.onnx_5_41_hist_2026-07-06_15-15-29.jld2,7.187144041061401,174913.84985579335
mnist-net_256x6.onnx,5,42,unknown,16.857192098,1,./eval/mnist_fc_growing/mnist-net_256x6.onnx_5_42_hist_2026-07-06_15-15-29.jld2,8.134315013885498,180182.11614803842
mnist-net_256x6.onnx,5,43,unknown,18.257860691,1,./eval/mnist_fc_growing/mnist-net_256x6.onnx_5_43_hist_2026-07-06_15-15-29.jld2,8.826480865478516,191088.89421435122
mnist-net_256x6.onnx,5,44,unknown,19.544435929,1,./eval/mnist_fc_growing/mnist-net_256x6.onnx_5_44_hist_2026-07-06_15-15-29.jld2,9.519011974334717,217680.92642549018
mnist-net_256x6.onnx,5,45,unknown,21.181336778,1,./eval/mnist_fc_growing/mnist-net_256x6.onnx_5_45_hist_2026-07-06_15-15-29.jld2,10.256106853485107,234353.22539699078
mnist-net_256x6.onnx,5,46,unknown,22.668444236,1,./eval/mnist_fc_growing/mnist-net_256x6.onnx_5_46_hist_2026-07-06_15-15-29.jld2,11.054214000701904,250545.2406277464
mnist-net_256x6.onnx,5,47,unknown,24.743711886,1,./eval/mnist_fc_growing/mnist-net_256x6.onnx_5_47_hist_2026-07-06_15-15-29.jld2,12.336817979812622,268154.42371761514
mnist-net_256x6.onnx,5,48,unknown,26.671023062,1,./eval/mnist_fc_growing/mnist-net_256x6.onnx_5_48_hist_2026-07-06_15-15-29.jld2,13.28544282913208,283624.7341984887
mnist-net_256x6.onnx,5,49,unknown,28.502375398,1,./eval/mnist_fc_growing/mnist-net_256x6.onnx_5_49_hist_2026-07-06_15-15-29.jld2,14.373801946640015,310146.10690421774
mnist-net_256x6.onnx,5,50,unknown,30.341525312,1,./eval/mnist_fc_growing/mnist-net_256x6.onnx_5_50_hist_2026-07-06_15-15-29.jld2,15.354700088500977,328769.03940747835
mnist-net_256x6.onnx,6,1,unsat,0.192356661,1,./eval/mnist_fc_growing/mnist-net_256x6.onnx_6_1_hist_2026-07-06_15-15-29.jld2,0.09718108177185059,0.0
mnist-net_256x6.onnx,6,2,unsat,0.195843309,1,./eval/mnist_fc_growing/mnist-net_256x6.onnx_6_2_hist_2026-07-06_15-15-29.jld2,0.09820699691772461,0.0
mnist-net_256x6.onnx,6,3,unsat,0.208776745,1,./eval/mnist_fc_growing/mnist-net_256x6.onnx_6_3_hist_2026-07-06_15-15-29.jld2,0.0972280502319336,0.0
mnist-net_256x6.onnx,6,4,unknown,0.231930909,1,./eval/mnist_fc_growing/mnist-net_256x6.onnx_6_4_hist_2026-07-06_15-15-29.jld2,0.10614609718322754,1.6813777222675652
mnist-net_256x6.onnx,6,5,unknown,0.266596097,1,./eval/mnist_fc_growing/mnist-net_256x6.onnx_6_5_hist_2026-07-06_15-15-29.jld2,0.11522603034973145,5.566111102375286
mnist-net_256x6.onnx,6,6,unknown,0.307316415,1,./eval/mnist_fc_growing/mnist-net_256x6.onnx_6_6_hist_2026-07-06_15-15-29.jld2,0.1232609748840332,17.472879779658726
mnist-net_256x6.onnx,6,7,unknown,0.359470354,1,./eval/mnist_fc_growing/mnist-net_256x6.onnx_6_7_hist_2026-07-06_15-15-29.jld2,0.143402099609375,28.93284099733712
mnist-net_256x6.onnx,6,8,unknown,0.394091984,1,./eval/mnist_fc_growing/mnist-net_256x6.onnx_6_8_hist_2026-07-06_15-15-29.jld2,0.16084003448486328,60.398441652136334
mnist-net_256x6.onnx,6,9,unknown,0.457692813,1,./eval/mnist_fc_growing/mnist-net_256x6.onnx_6_9_hist_2026-07-06_15-15-29.jld2,0.18971991539001465,39.481141500911946
mnist-net_256x6.onnx,6,10,unknown,0.523319986,1,./eval/mnist_fc_growing/mnist-net_256x6.onnx_6_10_hist_2026-07-06_15-15-29.jld2,0.2184760570526123,1496.1659923807556
mnist-net_256x6.onnx,6,11,unknown,0.596749017,1,./eval/mnist_fc_growing/mnist-net_256x6.onnx_6_11_hist_2026-07-06_15-15-29.jld2,0.24144697189331055,5173.50715876525
mnist-net_256x6.onnx,6,12,unknown,0.686017303,1,./eval/mnist_fc_growing/mnist-net_256x6.onnx_6_12_hist_2026-07-06_15-15-29.jld2,0.283750057220459,9774.10556045349
mnist-net_256x6.onnx,6,13,unknown,0.793553295,1,./eval/mnist_fc_growing/mnist-net_256x6.onnx_6_13_hist_2026-07-06_15-15-29.jld2,0.33056092262268066,12936.517078005354
mnist-net_256x6.onnx,6,14,unknown,0.910871332,1,./eval/mnist_fc_growing/mnist-net_256x6.onnx_6_14_hist_2026-07-06_15-15-29.jld2,0.385998010635376,21507.84854949631
mnist-net_256x6.onnx,6,15,unknown,1.0381535,1,./eval/mnist_fc_growing/mnist-net_256x6.onnx_6_15_hist_2026-07-06_15-15-29.jld2,0.44714999198913574,24936.14110879004
mnist-net_256x6.onnx,6,16,unknown,1.180692058,1,./eval/mnist_fc_growing/mnist-net_256x6.onnx_6_16_hist_2026-07-06_15-15-29.jld2,0.51350998878479,31964.7906631073
mnist-net_256x6.onnx,6,17,unknown,1.386384427,1,./eval/mnist_fc_growing/mnist-net_256x6.onnx_6_17_hist_2026-07-06_15-15-29.jld2,0.6034879684448242,32614.342857894488
mnist-net_256x6.onnx,6,18,unknown,1.512572558,1,./eval/mnist_fc_growing/mnist-net_256x6.onnx_6_18_hist_2026-07-06_15-15-29.jld2,0.6553709506988525,37629.60463463943
mnist-net_256x6.onnx,6,19,unknown,1.76192507,1,./eval/mnist_fc_growing/mnist-net_256x6.onnx_6_19_hist_2026-07-06_15-15-29.jld2,0.8005378246307373,42730.708903216095
mnist-net_256x6.onnx,6,20,unknown,2.261913971,1,./eval/mnist_fc_growing/mnist-net_256x6.onnx_6_20_hist_2026-07-06_15-15-29.jld2,1.1501178741455078,46758.84595789126
mnist-net_256x6.onnx,6,21,unknown,2.483081207,1,./eval/mnist_fc_growing/mnist-net_256x6.onnx_6_21_hist_2026-07-06_15-15-29.jld2,1.2792210578918457,51201.99396467171
mnist-net_256x6.onnx,6,22,unknown,2.69025806,1,./eval/mnist_fc_growing/mnist-net_256x6.onnx_6_22_hist_2026-07-06_15-15-29.jld2,1.361616849899292,57278.5229426573
mnist-net_256x6.onnx,6,23,unknown,2.964102138,1,./eval/mnist_fc_growing/mnist-net_256x6.onnx_6_23_hist_2026-07-06_15-15-29.jld2,1.4807679653167725,59045.40402804407
mnist-net_256x6.onnx,6,24,unknown,3.285369223,1,./eval/mnist_fc_growing/mnist-net_256x6.onnx_6_24_hist_2026-07-06_15-15-29.jld2,1.643509864807129,66281.53542789251
mnist-net_256x6.onnx,6,25,unknown,3.594320874,1,./eval/mnist_fc_growing/mnist-net_256x6.onnx_6_25_hist_2026-07-06_15-15-29.jld2,1.7915959358215332,71274.8865253322
mnist-net_256x6.onnx,6,26,unknown,3.927187446,1,./eval/mnist_fc_growing/mnist-net_256x6.onnx_6_26_hist_2026-07-06_15-15-29.jld2,1.5758271217346191,87871.0019085572
mnist-net_256x6.onnx,6,27,unknown,4.672544543,1,./eval/mnist_fc_growing/mnist-net_256x6.onnx_6_27_hist_2026-07-06_15-15-29.jld2,2.1315040588378906,99450.9639414208
mnist-net_256x6.onnx,6,28,unknown,5.084023185,1,./eval/mnist_fc_growing/mnist-net_256x6.onnx_6_28_hist_2026-07-06_15-15-29.jld2,2.3338918685913086,123483.8254438903
mnist-net_256x6.onnx,6,29,unknown,5.478479179,1,./eval/mnist_fc_growing/mnist-net_256x6.onnx_6_29_hist_2026-07-06_15-15-29.jld2,2.5366060733795166,141741.81672790062
mnist-net_256x6.onnx,6,30,unknown,5.97314471,1,./eval/mnist_fc_growing/mnist-net_256x6.onnx_6_30_hist_2026-07-06_15-15-29.jld2,2.7701690196990967,152055.2779047927
mnist-net_256x6.onnx,6,31,unknown,6.472094949,1,./eval/mnist_fc_growing/mnist-net_256x6.onnx_6_31_hist_2026-07-06_15-15-29.jld2,3.0234060287475586,162600.79606312385
mnist-net_256x6.onnx,6,32,unknown,6.988486218,1,./eval/mnist_fc_growing/mnist-net_256x6.onnx_6_32_hist_2026-07-06_15-15-29.jld2,3.3122518062591553,180373.220613519
mnist-net_256x6.onnx,6,33,unknown,7.587802676,1,./eval/mnist_fc_growing/mnist-net_256x6.onnx_6_33_hist_2026-07-06_15-15-29.jld2,3.626634120941162,197188.19475362182
mnist-net_256x6.onnx,6,34,unknown,8.212190089,1,./eval/mnist_fc_growing/mnist-net_256x6.onnx_6_34_hist_2026-07-06_15-15-29.jld2,3.9506850242614746,212611.5556709403
mnist-net_256x6.onnx,6,35,unknown,9.444120778,1,./eval/mnist_fc_growing/mnist-net_256x6.onnx_6_35_hist_2026-07-06_15-15-29.jld2,4.7289228439331055,223724.64972562605
mnist-net_256x6.onnx,6,36,unknown,10.051443387,1,./eval/mnist_fc_growing/mnist-net_256x6.onnx_6_36_hist_2026-07-06_15-15-29.jld2,5.078904867172241,239049.26059858082
mnist-net_256x6.onnx,6,37,unknown,10.985797959,1,./eval/mnist_fc_growing/mnist-net_256x6.onnx_6_37_hist_2026-07-06_15-15-29.jld2,5.469718933105469,251484.75781162616
mnist-net_256x6.onnx,6,38,unknown,11.915604145,1,./eval/mnist_fc_growing/mnist-net_256x6.onnx_6_38_hist_2026-07-06_15-15-29.jld2,5.947476148605347,281741.1922017906
mnist-net_256x6.onnx,6,39,unknown,13.070340921,1,./eval/mnist_fc_growing/mnist-net_256x6.onnx_6_39_hist_2026-07-06_15-15-29.jld2,6.482238054275513,297163.9807140136
mnist-net_256x6.onnx,6,40,unknown,14.212653216,1,./eval/mnist_fc_growing/mnist-net_256x6.onnx_6_40_hist_2026-07-06_15-15-29.jld2,7.011651039123535,322112.56303800805
mnist-net_256x6.onnx,6,41,unknown,15.345648582,1,./eval/mnist_fc_growing/mnist-net_256x6.onnx_6_41_hist_2026-07-06_15-15-29.jld2,7.186077117919922,329732.94859728933
mnist-net_256x6.onnx,6,42,unknown,16.935020424,1,./eval/mnist_fc_growing/mnist-net_256x6.onnx_6_42_hist_2026-07-06_15-15-29.jld2,8.161539077758789,355328.0983820058
mnist-net_256x6.onnx,6,43,unknown,18.336484346,1,./eval/mnist_fc_growing/mnist-net_256x6.onnx_6_43_hist_2026-07-06_15-15-29.jld2,8.854412078857422,370333.6429213603
mnist-net_256x6.onnx,6,44,unknown,19.728336912,1,./eval/mnist_fc_growing/mnist-net_256x6.onnx_6_44_hist_2026-07-06_15-15-29.jld2,9.649828910827637,365573.82414575084
mnist-net_256x6.onnx,6,45,unknown,21.124820591,1,./eval/mnist_fc_growing/mnist-net_256x6.onnx_6_45_hist_2026-07-06_15-15-29.jld2,10.296180963516235,370322.69380491565
mnist-net_256x6.onnx,6,46,unknown,22.792827544,1,./eval/mnist_fc_growing/mnist-net_256x6.onnx_6_46_hist_2026-07-06_15-15-29.jld2,11.12708592414856,387738.9432527482
mnist-net_256x6.onnx,6,47,unknown,24.73735205,1,./eval/mnist_fc_growing/mnist-net_256x6.onnx_6_47_hist_2026-07-06_15-15-29.jld2,12.29074215888977,409603.4951421282
mnist-net_256x6.onnx,6,48,unknown,26.834602281,1,./eval/mnist_fc_growing/mnist-net_256x6.onnx_6_48_hist_2026-07-06_15-15-29.jld2,13.343662977218628,452499.4600270296
mnist-net_256x6.onnx,6,49,unknown,28.440280547,1,./eval/mnist_fc_growing/mnist-net_256x6.onnx_6_49_hist_2026-07-06_15-15-29.jld2,14.28980302810669,480141.0021041178
mnist-net_256x6.onnx,6,50,unknown,30.65921519,1,./eval/mnist_fc_growing/mnist-net_256x6.onnx_6_50_hist_2026-07-06_15-15-29.jld2,15.590852975845337,447914.5019546361
mnist-net_256x6.onnx,7,1,unsat,0.19042182,1,./eval/mnist_fc_growing/mnist-net_256x6.onnx_7_1_hist_2026-07-06_15-15-29.jld2,0.09543395042419434,0.0
mnist-net_256x6.onnx,7,2,unsat,0.191182889,1,./eval/mnist_fc_growing/mnist-net_256x6.onnx_7_2_hist_2026-07-06_15-15-29.jld2,0.09339499473571777,0.0
mnist-net_256x6.onnx,7,3,unsat,0.20775706,1,./eval/mnist_fc_growing/mnist-net_256x6.onnx_7_3_hist_2026-07-06_15-15-29.jld2,0.09708905220031738,0.0
mnist-net_256x6.onnx,7,4,unsat,0.232370057,1,./eval/mnist_fc_growing/mnist-net_256x6.onnx_7_4_hist_2026-07-06_15-15-29.jld2,0.1063530445098877,0.0
mnist-net_256x6.onnx,7,5,unsat,0.270195729,1,./eval/mnist_fc_growing/mnist-net_256x6.onnx_7_5_hist_2026-07-06_15-15-29.jld2,0.11559295654296875,0.0
mnist-net_256x6.onnx,7,6,unsat,0.307881434,1,./eval/mnist_fc_growing/mnist-net_256x6.onnx_7_6_hist_2026-07-06_15-15-29.jld2,0.1233820915222168,0.0
mnist-net_256x6.onnx,7,7,unsat,0.358578092,1,./eval/mnist_fc_growing/mnist-net_256x6.onnx_7_7_hist_2026-07-06_15-15-29.jld2,0.14336109161376953,0.0
mnist-net_256x6.onnx,7,8,unsat,0.395587067,1,./eval/mnist_fc_growing/mnist-net_256x6.onnx_7_8_hist_2026-07-06_15-15-29.jld2,0.16094708442687988,0.0
mnist-net_256x6.onnx,7,9,unsat,0.45934537,1,./eval/mnist_fc_growing/mnist-net_256x6.onnx_7_9_hist_2026-07-06_15-15-29.jld2,0.18926095962524414,0.0
mnist-net_256x6.onnx,7,10,unsat,0.552738419,1,./eval/mnist_fc_growing/mnist-net_256x6.onnx_7_10_hist_2026-07-06_15-15-29.jld2,0.2500929832458496,0.0
mnist-net_256x6.onnx,7,11,unsat,0.595478533,1,./eval/mnist_fc_growing/mnist-net_256x6.onnx_7_11_hist_2026-07-06_15-15-29.jld2,0.242203950881958,0.0
mnist-net_256x6.onnx,7,12,unknown,0.685238842,1,./eval/mnist_fc_growing/mnist-net_256x6.onnx_7_12_hist_2026-07-06_15-15-29.jld2,0.28336286544799805,20.92568867413047
mnist-net_256x6.onnx,7,13,unknown,0.794112583,1,./eval/mnist_fc_growing/mnist-net_256x6.onnx_7_13_hist_2026-07-06_15-15-29.jld2,0.3298020362854004,37.234716631899516
mnist-net_256x6.onnx,7,14,unknown,0.910726329,1,./eval/mnist_fc_growing/mnist-net_256x6.onnx_7_14_hist_2026-07-06_15-15-29.jld2,0.38518381118774414,182.27669612112032
mnist-net_256x6.onnx,7,15,unknown,1.038546418,1,./eval/mnist_fc_growing/mnist-net_256x6.onnx_7_15_hist_2026-07-06_15-15-29.jld2,0.44304800033569336,1087.7793135393267
mnist-net_256x6.onnx,7,16,unknown,1.177707022,1,./eval/mnist_fc_growing/mnist-net_256x6.onnx_7_16_hist_2026-07-06_15-15-29.jld2,0.5090839862823486,358.94512803745334
mnist-net_256x6.onnx,7,17,unknown,1.373749297,1,./eval/mnist_fc_growing/mnist-net_256x6.onnx_7_17_hist_2026-07-06_15-15-29.jld2,0.5936410427093506,878.8870961264726
mnist-net_256x6.onnx,7,18,unknown,1.505002731,1,./eval/mnist_fc_growing/mnist-net_256x6.onnx_7_18_hist_2026-07-06_15-15-29.jld2,0.6524331569671631,7682.4536700097415
mnist-net_256x6.onnx,7,19,unknown,1.753517178,1,./eval/mnist_fc_growing/mnist-net_256x6.onnx_7_19_hist_2026-07-06_15-15-29.jld2,0.7986268997192383,8952.90313099272
mnist-net_256x6.onnx,7,20,unknown,2.347011383,1,./eval/mnist_fc_growing/mnist-net_256x6.onnx_7_20_hist_2026-07-06_15-15-29.jld2,1.1456961631774902,10693.979842066716
mnist-net_256x6.onnx,7,21,unknown,2.463950792,1,./eval/mnist_fc_growing/mnist-net_256x6.onnx_7_21_hist_2026-07-06_15-15-29.jld2,1.2737669944763184,11560.46000082824
mnist-net_256x6.onnx,7,22,unknown,2.669605387,1,./eval/mnist_fc_growing/mnist-net_256x6.onnx_7_22_hist_2026-07-06_15-15-29.jld2,1.351747989654541,13294.135272181184
mnist-net_256x6.onnx,7,23,unknown,2.940873722,1,./eval/mnist_fc_growing/mnist-net_256x6.onnx_7_23_hist_2026-07-06_15-15-29.jld2,1.47347092628479,17846.652567673103
mnist-net_256x6.onnx,7,24,unknown,3.273579262,1,./eval/mnist_fc_growing/mnist-net_256x6.onnx_7_24_hist_2026-07-06_15-15-29.jld2,1.6463000774383545,19284.192709414303
mnist-net_256x6.onnx,7,25,unknown,3.579819878,1,./eval/mnist_fc_growing/mnist-net_256x6.onnx_7_25_hist_2026-07-06_15-15-29.jld2,1.7771310806274414,19535.02616334189
mnist-net_256x6.onnx,7,26,unknown,3.917755596,1,./eval/mnist_fc_growing/mnist-net_256x6.onnx_7_26_hist_2026-07-06_15-15-29.jld2,1.5772390365600586,24971.123249343706
mnist-net_256x6.onnx,7,27,unknown,4.69887421,1,./eval/mnist_fc_growing/mnist-net_256x6.onnx_7_27_hist_2026-07-06_15-15-29.jld2,2.1495940685272217,28463.399805888726
mnist-net_256x6.onnx,7,28,unknown,5.084184841,1,./eval/mnist_fc_growing/mnist-net_256x6.onnx_7_28_hist_2026-07-06_15-15-29.jld2,2.335860013961792,39142.711728881164
mnist-net_256x6.onnx,7,29,unknown,5.519853065,1,./eval/mnist_fc_growing/mnist-net_256x6.onnx_7_29_hist_2026-07-06_15-15-29.jld2,2.578693151473999,38902.5207088521
mnist-net_256x6.onnx,7,30,unknown,5.959711167,1,./eval/mnist_fc_growing/mnist-net_256x6.onnx_7_30_hist_2026-07-06_15-15-29.jld2,2.779249906539917,42991.174300620594
mnist-net_256x6.onnx,7,31,unknown,6.474400247,1,./eval/mnist_fc_growing/mnist-net_256x6.onnx_7_31_hist_2026-07-06_15-15-29.jld2,3.0282950401306152,45200.780685805395
mnist-net_256x6.onnx,7,32,unknown,7.050586479,1,./eval/mnist_fc_growing/mnist-net_256x6.onnx_7_32_hist_2026-07-06_15-15-29.jld2,3.3528170585632324,49430.463019622825
mnist-net_256x6.onnx,7,33,unknown,7.565005551,1,./eval/mnist_fc_growing/mnist-net_256x6.onnx_7_33_hist_2026-07-06_15-15-29.jld2,3.609779119491577,53988.61090954046
mnist-net_256x6.onnx,7,34,unknown,8.216580889,1,./eval/mnist_fc_growing/mnist-net_256x6.onnx_7_34_hist_2026-07-06_15-15-29.jld2,3.9551939964294434,60858.40546341507
mnist-net_256x6.onnx,7,35,unknown,9.381648795,1,./eval/mnist_fc_growing/mnist-net_256x6.onnx_7_35_hist_2026-07-06_15-15-29.jld2,4.7191550731658936,68769.81623908714
mnist-net_256x6.onnx,7,36,unknown,10.081660534,1,./eval/mnist_fc_growing/mnist-net_256x6.onnx_7_36_hist_2026-07-06_15-15-29.jld2,5.0828540325164795,80678.95044486522
mnist-net_256x6.onnx,7,37,unknown,10.952329191,1,./eval/mnist_fc_growing/mnist-net_256x6.onnx_7_37_hist_2026-07-06_15-15-29.jld2,5.4945900440216064,84252.2789545785
mnist-net_256x6.onnx,7,38,unknown,11.964519723,1,./eval/mnist_fc_growing/mnist-net_256x6.onnx_7_38_hist_2026-07-06_15-15-29.jld2,5.961167097091675,88526.00260889529
mnist-net_256x6.onnx,7,39,unknown,12.985107613,1,./eval/mnist_fc_growing/mnist-net_256x6.onnx_7_39_hist_2026-07-06_15-15-29.jld2,6.4289140701293945,99548.10189599334
mnist-net_256x6.onnx,7,40,unknown,14.188442117,1,./eval/mnist_fc_growing/mnist-net_256x6.onnx_7_40_hist_2026-07-06_15-15-29.jld2,7.0104711055755615,106014.48852685888
mnist-net_256x6.onnx,7,41,unknown,15.33128372,1,./eval/mnist_fc_growing/mnist-net_256x6.onnx_7_41_hist_2026-07-06_15-15-29.jld2,7.2009007930755615,114941.37264615775
mnist-net_256x6.onnx,7,42,unknown,16.947335493,1,./eval/mnist_fc_growing/mnist-net_256x6.onnx_7_42_hist_2026-07-06_15-15-29.jld2,8.202662944793701,124008.49474221545
mnist-net_256x6.onnx,7,43,unknown,18.252736222,1,./eval/mnist_fc_growing/mnist-net_256x6.onnx_7_43_hist_2026-07-06_15-15-29.jld2,8.829661130905151,136281.69446698928
mnist-net_256x6.onnx,7,44,unknown,19.550870942,1,./eval/mnist_fc_growing/mnist-net_256x6.onnx_7_44_hist_2026-07-06_15-15-29.jld2,9.535624980926514,147133.40518094107
mnist-net_256x6.onnx,7,45,unknown,21.247179606,1,./eval/mnist_fc_growing/mnist-net_256x6.onnx_7_45_hist_2026-07-06_15-15-29.jld2,10.404056787490845,178460.81479047224
mnist-net_256x6.onnx,7,46,unknown,22.668562035,1,./eval/mnist_fc_growing/mnist-net_256x6.onnx_7_46_hist_2026-07-06_15-15-29.jld2,11.069707155227661,173140.53742047446
mnist-net_256x6.onnx,7,47,unknown,24.720179757,1,./eval/mnist_fc_growing/mnist-net_256x6.onnx_7_47_hist_2026-07-06_15-15-29.jld2,12.293223857879639,184880.8272692812
mnist-net_256x6.onnx,7,48,unknown,26.638996588,1,./eval/mnist_fc_growing/mnist-net_256x6.onnx_7_48_hist_2026-07-06_15-15-29.jld2,13.273843050003052,205589.5284019529
mnist-net_256x6.onnx,7,49,unknown,28.448616811,1,./eval/mnist_fc_growing/mnist-net_256x6.onnx_7_49_hist_2026-07-06_15-15-29.jld2,14.284997940063477,218546.94469644182
mnist-net_256x6.onnx,7,50,unknown,30.646322045,1,./eval/mnist_fc_growing/mnist-net_256x6.onnx_7_50_hist_2026-07-06_15-15-29.jld2,15.35144305229187,225255.57153303918
mnist-net_256x6.onnx,8,1,unsat,0.187923263,1,./eval/mnist_fc_growing/mnist-net_256x6.onnx_8_1_hist_2026-07-06_15-15-29.jld2,0.09378194808959961,0.0
mnist-net_256x6.onnx,8,2,unsat,0.194338995,1,./eval/mnist_fc_growing/mnist-net_256x6.onnx_8_2_hist_2026-07-06_15-15-29.jld2,0.09474802017211914,0.0
mnist-net_256x6.onnx,8,3,unsat,0.20616355,1,./eval/mnist_fc_growing/mnist-net_256x6.onnx_8_3_hist_2026-07-06_15-15-29.jld2,0.09703993797302246,0.0
mnist-net_256x6.onnx,8,4,unsat,0.231904951,1,./eval/mnist_fc_growing/mnist-net_256x6.onnx_8_4_hist_2026-07-06_15-15-29.jld2,0.10634016990661621,0.0
mnist-net_256x6.onnx,8,5,unsat,0.266549872,1,./eval/mnist_fc_growing/mnist-net_256x6.onnx_8_5_hist_2026-07-06_15-15-29.jld2,0.11532402038574219,0.0
mnist-net_256x6.onnx,8,6,unsat,0.307351528,1,./eval/mnist_fc_growing/mnist-net_256x6.onnx_8_6_hist_2026-07-06_15-15-29.jld2,0.12324118614196777,0.0
mnist-net_256x6.onnx,8,7,unsat,0.357440338,1,./eval/mnist_fc_growing/mnist-net_256x6.onnx_8_7_hist_2026-07-06_15-15-29.jld2,0.14282512664794922,0.0
mnist-net_256x6.onnx,8,8,unsat,0.395278239,1,./eval/mnist_fc_growing/mnist-net_256x6.onnx_8_8_hist_2026-07-06_15-15-29.jld2,0.16012787818908691,0.0
mnist-net_256x6.onnx,8,9,unsat,0.457885563,1,./eval/mnist_fc_growing/mnist-net_256x6.onnx_8_9_hist_2026-07-06_15-15-29.jld2,0.1904921531677246,0.0
mnist-net_256x6.onnx,8,10,unsat,0.549083968,1,./eval/mnist_fc_growing/mnist-net_256x6.onnx_8_10_hist_2026-07-06_15-15-29.jld2,0.2445850372314453,0.0
mnist-net_256x6.onnx,8,11,unsat,0.59819651,1,./eval/mnist_fc_growing/mnist-net_256x6.onnx_8_11_hist_2026-07-06_15-15-29.jld2,0.2449328899383545,0.0
mnist-net_256x6.onnx,8,12,unsat,0.688670522,1,./eval/mnist_fc_growing/mnist-net_256x6.onnx_8_12_hist_2026-07-06_15-15-29.jld2,0.28695201873779297,0.0
mnist-net_256x6.onnx,8,13,unsat,0.795154057,1,./eval/mnist_fc_growing/mnist-net_256x6.onnx_8_13_hist_2026-07-06_15-15-29.jld2,0.32750487327575684,0.0
mnist-net_256x6.onnx,8,14,unsat,0.914599961,1,./eval/mnist_fc_growing/mnist-net_256x6.onnx_8_14_hist_2026-07-06_15-15-29.jld2,0.38278889656066895,0.0
mnist-net_256x6.onnx,8,15,unknown,1.039901901,1,./eval/mnist_fc_growing/mnist-net_256x6.onnx_8_15_hist_2026-07-06_15-15-29.jld2,0.44739508628845215,57.84690244884249
mnist-net_256x6.onnx,8,16,unknown,1.180166801,1,./eval/mnist_fc_growing/mnist-net_256x6.onnx_8_16_hist_2026-07-06_15-15-29.jld2,0.5091300010681152,9451.504059829473
mnist-net_256x6.onnx,8,17,unknown,1.391440125,1,./eval/mnist_fc_growing/mnist-net_256x6.onnx_8_17_hist_2026-07-06_15-15-29.jld2,0.6108999252319336,27497.944820661858
mnist-net_256x6.onnx,8,18,unknown,1.51108078,1,./eval/mnist_fc_growing/mnist-net_256x6.onnx_8_18_hist_2026-07-06_15-15-29.jld2,0.6522948741912842,39440.50870927672
mnist-net_256x6.onnx,8,19,unknown,1.860664325,1,./eval/mnist_fc_growing/mnist-net_256x6.onnx_8_19_hist_2026-07-06_15-15-29.jld2,0.8982400894165039,42070.05892976333
mnist-net_256x6.onnx,8,20,unknown,2.286521509,1,./eval/mnist_fc_growing/mnist-net_256x6.onnx_8_20_hist_2026-07-06_15-15-29.jld2,1.1499049663543701,49383.667292140315
mnist-net_256x6.onnx,8,21,unknown,2.472698749,1,./eval/mnist_fc_growing/mnist-net_256x6.onnx_8_21_hist_2026-07-06_15-15-29.jld2,1.2799952030181885,58805.185382950825
mnist-net_256x6.onnx,8,22,unknown,2.704575612,1,./eval/mnist_fc_growing/mnist-net_256x6.onnx_8_22_hist_2026-07-06_15-15-29.jld2,1.3794901371002197,72127.9539805885
mnist-net_256x6.onnx,8,23,unknown,2.950284845,1,./eval/mnist_fc_growing/mnist-net_256x6.onnx_8_23_hist_2026-07-06_15-15-29.jld2,1.4759101867675781,80403.70446694133
mnist-net_256x6.onnx,8,24,unknown,3.275647112,1,./eval/mnist_fc_growing/mnist-net_256x6.onnx_8_24_hist_2026-07-06_15-15-29.jld2,1.6407628059387207,88886.25993887206
mnist-net_256x6.onnx,8,25,unknown,3.592503309,1,./eval/mnist_fc_growing/mnist-net_256x6.onnx_8_25_hist_2026-07-06_15-15-29.jld2,1.7833378314971924,87625.32093567439
mnist-net_256x6.onnx,8,26,unknown,3.930984177,1,./eval/mnist_fc_growing/mnist-net_256x6.onnx_8_26_hist_2026-07-06_15-15-29.jld2,1.5758919715881348,90281.15002619801
mnist-net_256x6.onnx,8,27,unknown,4.670970194,1,./eval/mnist_fc_growing/mnist-net_256x6.onnx_8_27_hist_2026-07-06_15-15-29.jld2,2.134995937347412,98419.70364744152
mnist-net_256x6.onnx,8,28,unknown,5.074264108,1,./eval/mnist_fc_growing/mnist-net_256x6.onnx_8_28_hist_2026-07-06_15-15-29.jld2,2.327863931655884,98901.65764669719
mnist-net_256x6.onnx,8,29,unknown,5.49122767,1,./eval/mnist_fc_growing/mnist-net_256x6.onnx_8_29_hist_2026-07-06_15-15-29.jld2,2.54913592338562,111732.79738187899
mnist-net_256x6.onnx,8,30,unknown,5.977465335,1,./eval/mnist_fc_growing/mnist-net_256x6.onnx_8_30_hist_2026-07-06_15-15-29.jld2,2.7918918132781982,118401.5731698348
mnist-net_256x6.onnx,8,31,unknown,6.540671741,1,./eval/mnist_fc_growing/mnist-net_256x6.onnx_8_31_hist_2026-07-06_15-15-29.jld2,3.082702159881592,121953.26997488324
mnist-net_256x6.onnx,8,32,unknown,6.996895944,1,./eval/mnist_fc_growing/mnist-net_256x6.onnx_8_32_hist_2026-07-06_15-15-29.jld2,3.3091020584106445,122166.02751040345
mnist-net_256x6.onnx,8,33,unknown,7.588448125,1,./eval/mnist_fc_growing/mnist-net_256x6.onnx_8_33_hist_2026-07-06_15-15-29.jld2,3.6256749629974365,133032.61296873883
mnist-net_256x6.onnx,8,34,unknown,8.187382868,1,./eval/mnist_fc_growing/mnist-net_256x6.onnx_8_34_hist_2026-07-06_15-15-29.jld2,3.9388468265533447,150765.14749723775
mnist-net_256x6.onnx,8,35,unknown,9.320861276,1,./eval/mnist_fc_growing/mnist-net_256x6.onnx_8_35_hist_2026-07-06_15-15-29.jld2,4.677046060562134,143175.67821679093
mnist-net_256x6.onnx,8,36,unknown,10.025108693,1,./eval/mnist_fc_growing/mnist-net_256x6.onnx_8_36_hist_2026-07-06_15-15-29.jld2,5.05597996711731,161643.0198511831
mnist-net_256x6.onnx,8,37,unknown,10.881734702,1,./eval/mnist_fc_growing/mnist-net_256x6.onnx_8_37_hist_2026-07-06_15-15-29.jld2,5.459686994552612,166720.5562695497
mnist-net_256x6.onnx,8,38,unknown,11.915649052,1,./eval/mnist_fc_growing/mnist-net_256x6.onnx_8_38_hist_2026-07-06_15-15-29.jld2,5.9180519580841064,181067.02675128897
mnist-net_256x6.onnx,8,39,unknown,13.049940402,1,./eval/mnist_fc_growing/mnist-net_256x6.onnx_8_39_hist_2026-07-06_15-15-29.jld2,6.460690975189209,189134.4064166936
mnist-net_256x6.onnx,8,40,unknown,14.121552316,1,./eval/mnist_fc_growing/mnist-net_256x6.onnx_8_40_hist_2026-07-06_15-15-29.jld2,6.950609922409058,202027.06747024145
mnist-net_256x6.onnx,8,41,unknown,15.255013762,1,./eval/mnist_fc_growing/mnist-net_256x6.onnx_8_41_hist_2026-07-06_15-15-29.jld2,7.19022011756897,218764.43205078618
mnist-net_256x6.onnx,8,42,unknown,16.939786765,1,./eval/mnist_fc_growing/mnist-net_256x6.onnx_8_42_hist_2026-07-06_15-15-29.jld2,8.171173810958862,231501.47297482262
mnist-net_256x6.onnx,8,43,unknown,18.292856958,1,./eval/mnist_fc_growing/mnist-net_256x6.onnx_8_43_hist_2026-07-06_15-15-29.jld2,8.812811136245728,244106.7511832656
mnist-net_256x6.onnx,8,44,unknown,19.619303096,1,./eval/mnist_fc_growing/mnist-net_256x6.onnx_8_44_hist_2026-07-06_15-15-29.jld2,9.549798965454102,267074.796688708
mnist-net_256x6.onnx,8,45,unknown,21.268829666,1,./eval/mnist_fc_growing/mnist-net_256x6.onnx_8_45_hist_2026-07-06_15-15-29.jld2,10.382403135299683,284153.47118425276
mnist-net_256x6.onnx,8,46,unknown,22.808887075,1,./eval/mnist_fc_growing/mnist-net_256x6.onnx_8_46_hist_2026-07-06_15-15-29.jld2,11.139888048171997,298188.431702941
mnist-net_256x6.onnx,8,47,unknown,24.743721486,1,./eval/mnist_fc_growing/mnist-net_256x6.onnx_8_47_hist_2026-07-06_15-15-29.jld2,12.347653865814209,277519.84872953536
mnist-net_256x6.onnx,8,48,unknown,26.839632331,1,./eval/mnist_fc_growing/mnist-net_256x6.onnx_8_48_hist_2026-07-06_15-15-29.jld2,13.400710105895996,321671.73790044966
mnist-net_256x6.onnx,8,49,unknown,28.678267739,1,./eval/mnist_fc_growing/mnist-net_256x6.onnx_8_49_hist_2026-07-06_15-15-29.jld2,14.142062902450562,325026.3448910592
mnist-net_256x6.onnx,8,50,unknown,30.400162303,1,./eval/mnist_fc_growing/mnist-net_256x6.onnx_8_50_hist_2026-07-06_15-15-29.jld2,15.03266716003418,361074.584738589
mnist-net_256x6.onnx,9,1,unsat,0.189407241,1,./eval/mnist_fc_growing/mnist-net_256x6.onnx_9_1_hist_2026-07-06_15-15-29.jld2,0.09427499771118164,0.0
mnist-net_256x6.onnx,9,2,unsat,0.189132843,1,./eval/mnist_fc_growing/mnist-net_256x6.onnx_9_2_hist_2026-07-06_15-15-29.jld2,0.09209394454956055,0.0
mnist-net_256x6.onnx,9,3,unsat,0.206684422,1,./eval/mnist_fc_growing/mnist-net_256x6.onnx_9_3_hist_2026-07-06_15-15-29.jld2,0.09724092483520508,0.0
mnist-net_256x6.onnx,9,4,unknown,0.231411479,1,./eval/mnist_fc_growing/mnist-net_256x6.onnx_9_4_hist_2026-07-06_15-15-29.jld2,0.10607314109802246,1678.1491902765374
mnist-net_256x6.onnx,9,5,unknown,0.267254796,1,./eval/mnist_fc_growing/mnist-net_256x6.onnx_9_5_hist_2026-07-06_15-15-29.jld2,0.1152808666229248,4055.091185657823
mnist-net_256x6.onnx,9,6,unknown,0.30822848,1,./eval/mnist_fc_growing/mnist-net_256x6.onnx_9_6_hist_2026-07-06_15-15-29.jld2,0.12384700775146484,9575.882770333696
mnist-net_256x6.onnx,9,7,unknown,0.35802455,1,./eval/mnist_fc_growing/mnist-net_256x6.onnx_9_7_hist_2026-07-06_15-15-29.jld2,0.1430978775024414,9887.322931182625
mnist-net_256x6.onnx,9,8,unknown,0.393416106,1,./eval/mnist_fc_growing/mnist-net_256x6.onnx_9_8_hist_2026-07-06_15-15-29.jld2,0.16054606437683105,13161.80657780093
mnist-net_256x6.onnx,9,9,unknown,0.457750709,1,./eval/mnist_fc_growing/mnist-net_256x6.onnx_9_9_hist_2026-07-06_15-15-29.jld2,0.18964195251464844,13048.637951488981
mnist-net_256x6.onnx,9,10,unknown,0.521808253,1,./eval/mnist_fc_growing/mnist-net_256x6.onnx_9_10_hist_2026-07-06_15-15-29.jld2,0.2191789150238037,14386.737575356961
mnist-net_256x6.onnx,9,11,unknown,0.595504317,1,./eval/mnist_fc_growing/mnist-net_256x6.onnx_9_11_hist_2026-07-06_15-15-29.jld2,0.24135494232177734,16060.98789744681
mnist-net_256x6.onnx,9,12,unknown,0.685989065,1,./eval/mnist_fc_growing/mnist-net_256x6.onnx_9_12_hist_2026-07-06_15-15-29.jld2,0.283174991607666,24573.08035086311
mnist-net_256x6.onnx,9,13,unknown,0.795526184,1,./eval/mnist_fc_growing/mnist-net_256x6.onnx_9_13_hist_2026-07-06_15-15-29.jld2,0.3303561210632324,27282.039890468026
mnist-net_256x6.onnx,9,14,unknown,0.908754232,1,./eval/mnist_fc_growing/mnist-net_256x6.onnx_9_14_hist_2026-07-06_15-15-29.jld2,0.3845341205596924,36095.47258208009
mnist-net_256x6.onnx,9,15,unknown,1.036163987,1,./eval/mnist_fc_growing/mnist-net_256x6.onnx_9_15_hist_2026-07-06_15-15-29.jld2,0.44698309898376465,45191.22807266555
mnist-net_256x6.onnx,9,16,unknown,1.17707478,1,./eval/mnist_fc_growing/mnist-net_256x6.onnx_9_16_hist_2026-07-06_15-15-29.jld2,0.5091371536254883,47743.70175089161
mnist-net_256x6.onnx,9,17,unknown,1.373270465,1,./eval/mnist_fc_growing/mnist-net_256x6.onnx_9_17_hist_2026-07-06_15-15-29.jld2,0.5915229320526123,29858.245207017146
mnist-net_256x6.onnx,9,18,unknown,1.514891537,1,./eval/mnist_fc_growing/mnist-net_256x6.onnx_9_18_hist_2026-07-06_15-15-29.jld2,0.6519720554351807,32938.92533788137
mnist-net_256x6.onnx,9,19,unknown,1.756332153,1,./eval/mnist_fc_growing/mnist-net_256x6.onnx_9_19_hist_2026-07-06_15-15-29.jld2,0.801548957824707,38745.346660865725
mnist-net_256x6.onnx,9,20,unknown,2.260521788,1,./eval/mnist_fc_growing/mnist-net_256x6.onnx_9_20_hist_2026-07-06_15-15-29.jld2,1.150109052658081,42541.239081809086
mnist-net_256x6.onnx,9,21,unknown,2.50616322,1,./eval/mnist_fc_growing/mnist-net_256x6.onnx_9_21_hist_2026-07-06_15-15-29.jld2,1.31831693649292,47336.641226656386
mnist-net_256x6.onnx,9,22,unknown,2.729797797,1,./eval/mnist_fc_growing/mnist-net_256x6.onnx_9_22_hist_2026-07-06_15-15-29.jld2,1.3636140823364258,60711.75087714949
mnist-net_256x6.onnx,9,23,unknown,2.949037961,1,./eval/mnist_fc_growing/mnist-net_256x6.onnx_9_23_hist_2026-07-06_15-15-29.jld2,1.4729900360107422,65891.78598654503
mnist-net_256x6.onnx,9,24,unknown,3.27446223,1,./eval/mnist_fc_growing/mnist-net_256x6.onnx_9_24_hist_2026-07-06_15-15-29.jld2,1.6419038772583008,81151.9210438267
mnist-net_256x6.onnx,9,25,unknown,3.57516896,1,./eval/mnist_fc_growing/mnist-net_256x6.onnx_9_25_hist_2026-07-06_15-15-29.jld2,1.7742640972137451,117131.65535914416
mnist-net_256x6.onnx,9,26,unknown,3.909536799,1,./eval/mnist_fc_growing/mnist-net_256x6.onnx_9_26_hist_2026-07-06_15-15-29.jld2,1.9386858940124512,117813.65189419474
mnist-net_256x6.onnx,9,27,unknown,4.689275145,1,./eval/mnist_fc_growing/mnist-net_256x6.onnx_9_27_hist_2026-07-06_15-15-29.jld2,2.1604700088500977,133533.94357834462
mnist-net_256x6.onnx,9,28,unknown,5.071745725,1,./eval/mnist_fc_growing/mnist-net_256x6.onnx_9_28_hist_2026-07-06_15-15-29.jld2,2.335732936859131,141345.841880516
mnist-net_256x6.onnx,9,29,unknown,5.477101296,1,./eval/mnist_fc_growing/mnist-net_256x6.onnx_9_29_hist_2026-07-06_15-15-29.jld2,2.541167974472046,160231.2516327374
mnist-net_256x6.onnx,9,30,unknown,5.985675075,1,./eval/mnist_fc_growing/mnist-net_256x6.onnx_9_30_hist_2026-07-06_15-15-29.jld2,2.764533042907715,172775.77004260226
mnist-net_256x6.onnx,9,31,unknown,6.449982614,1,./eval/mnist_fc_growing/mnist-net_256x6.onnx_9_31_hist_2026-07-06_15-15-29.jld2,3.0221898555755615,165950.7086980461
mnist-net_256x6.onnx,9,32,unknown,6.991584595,1,./eval/mnist_fc_growing/mnist-net_256x6.onnx_9_32_hist_2026-07-06_15-15-29.jld2,3.311363935470581,172093.09858919246
mnist-net_256x6.onnx,9,33,unknown,7.596614364,1,./eval/mnist_fc_growing/mnist-net_256x6.onnx_9_33_hist_2026-07-06_15-15-29.jld2,3.6293790340423584,179290.42364419898
mnist-net_256x6.onnx,9,34,unknown,8.246792363,1,./eval/mnist_fc_growing/mnist-net_256x6.onnx_9_34_hist_2026-07-06_15-15-29.jld2,3.9630589485168457,197171.92029730347
mnist-net_256x6.onnx,9,35,unknown,9.445294676,1,./eval/mnist_fc_growing/mnist-net_256x6.onnx_9_35_hist_2026-07-06_15-15-29.jld2,4.701452970504761,207313.73007718954
mnist-net_256x6.onnx,9,36,unknown,10.089486687,1,./eval/mnist_fc_growing/mnist-net_256x6.onnx_9_36_hist_2026-07-06_15-15-29.jld2,5.079677104949951,217083.7244885931
mnist-net_256x6.onnx,9,37,unknown,10.925849595,1,./eval/mnist_fc_growing/mnist-net_256x6.onnx_9_37_hist_2026-07-06_15-15-29.jld2,5.459191799163818,223846.32414250373
mnist-net_256x6.onnx,9,38,unknown,11.96520922,1,./eval/mnist_fc_growing/mnist-net_256x6.onnx_9_38_hist_2026-07-06_15-15-29.jld2,5.9738450050354,232257.34210719445
mnist-net_256x6.onnx,9,39,unknown,13.050683773,1,./eval/mnist_fc_growing/mnist-net_256x6.onnx_9_39_hist_2026-07-06_15-15-29.jld2,6.455157041549683,246523.37429198175
mnist-net_256x6.onnx,9,40,unknown,14.14509729,1,./eval/mnist_fc_growing/mnist-net_256x6.onnx_9_40_hist_2026-07-06_15-15-29.jld2,6.967502117156982,258265.66160625158
mnist-net_256x6.onnx,9,41,unknown,15.255315123,1,./eval/mnist_fc_growing/mnist-net_256x6.onnx_9_41_hist_2026-07-06_15-15-29.jld2,7.135642051696777,271161.80248682154
mnist-net_256x6.onnx,9,42,unknown,16.89158334,1,./eval/mnist_fc_growing/mnist-net_256x6.onnx_9_42_hist_2026-07-06_15-15-29.jld2,8.151122093200684,288350.3086381715
mnist-net_256x6.onnx,9,43,unknown,18.280258251,1,./eval/mnist_fc_growing/mnist-net_256x6.onnx_9_43_hist_2026-07-06_15-15-29.jld2,8.819797039031982,310966.40383905935
mnist-net_256x6.onnx,9,44,unknown,19.542755978,1,./eval/mnist_fc_growing/mnist-net_256x6.onnx_9_44_hist_2026-07-06_15-15-29.jld2,9.505450963973999,380138.1653639893
mnist-net_256x6.onnx,9,45,unknown,21.152504189,1,./eval/mnist_fc_growing/mnist-net_256x6.onnx_9_45_hist_2026-07-06_15-15-29.jld2,10.279586791992188,381007.85537964455
mnist-net_256x6.onnx,9,46,unknown,22.789318465,1,./eval/mnist_fc_growing/mnist-net_256x6.onnx_9_46_hist_2026-07-06_15-15-29.jld2,11.124253988265991,406049.07414934656
mnist-net_256x6.onnx,9,47,unknown,24.613173814,1,./eval/mnist_fc_growing/mnist-net_256x6.onnx_9_47_hist_2026-07-06_15-15-29.jld2,12.194717168807983,461962.926696083
mnist-net_256x6.onnx,9,48,unknown,26.714509774,1,./eval/mnist_fc_growing/mnist-net_256x6.onnx_9_48_hist_2026-07-06_15-15-29.jld2,13.325156927108765,472732.7631957246
mnist-net_256x6.onnx,9,49,unknown,28.497976887,1,./eval/mnist_fc_growing/mnist-net_256x6.onnx_9_49_hist_2026-07-06_15-15-29.jld2,13.940473079681396,501551.17020414164
mnist-net_256x6.onnx,9,50,unknown,30.33467824,1,./eval/mnist_fc_growing/mnist-net_256x6.onnx_9_50_hist_2026-07-06_15-15-29.jld2,15.043962955474854,512933.38071128126
mnist-net_256x6.onnx,10,1,unsat,0.190312364,1,./eval/mnist_fc_growing/mnist-net_256x6.onnx_10_1_hist_2026-07-06_15-15-29.jld2,0.09485697746276855,0.0
mnist-net_256x6.onnx,10,2,unsat,0.189928744,1,./eval/mnist_fc_growing/mnist-net_256x6.onnx_10_2_hist_2026-07-06_15-15-29.jld2,0.0925450325012207,0.0
mnist-net_256x6.onnx,10,3,unsat,0.206312851,1,./eval/mnist_fc_growing/mnist-net_256x6.onnx_10_3_hist_2026-07-06_15-15-29.jld2,0.09711909294128418,0.0
mnist-net_256x6.onnx,10,4,unsat,0.231678489,1,./eval/mnist_fc_growing/mnist-net_256x6.onnx_10_4_hist_2026-07-06_15-15-29.jld2,0.10624504089355469,0.0
mnist-net_256x6.onnx,10,5,unsat,0.265952597,1,./eval/mnist_fc_growing/mnist-net_256x6.onnx_10_5_hist_2026-07-06_15-15-29.jld2,0.11519813537597656,0.0
mnist-net_256x6.onnx,10,6,unsat,0.307046276,1,./eval/mnist_fc_growing/mnist-net_256x6.onnx_10_6_hist_2026-07-06_15-15-29.jld2,0.12299394607543945,0.0
mnist-net_256x6.onnx,10,7,unsat,0.358660678,1,./eval/mnist_fc_growing/mnist-net_256x6.onnx_10_7_hist_2026-07-06_15-15-29.jld2,0.14291000366210938,0.0
mnist-net_256x6.onnx,10,8,unsat,0.393125372,1,./eval/mnist_fc_growing/mnist-net_256x6.onnx_10_8_hist_2026-07-06_15-15-29.jld2,0.1604621410369873,0.0
mnist-net_256x6.onnx,10,9,unsat,0.457111382,1,./eval/mnist_fc_growing/mnist-net_256x6.onnx_10_9_hist_2026-07-06_15-15-29.jld2,0.18882298469543457,0.0
mnist-net_256x6.onnx,10,10,unsat,0.521335149,1,./eval/mnist_fc_growing/mnist-net_256x6.onnx_10_10_hist_2026-07-06_15-15-29.jld2,0.21785783767700195,0.0
mnist-net_256x6.onnx,10,11,unsat,0.593451567,1,./eval/mnist_fc_growing/mnist-net_256x6.onnx_10_11_hist_2026-07-06_15-15-29.jld2,0.2409229278564453,0.0
mnist-net_256x6.onnx,10,12,unsat,0.686296997,1,./eval/mnist_fc_growing/mnist-net_256x6.onnx_10_12_hist_2026-07-06_15-15-29.jld2,0.2843141555786133,0.0
mnist-net_256x6.onnx,10,13,unsat,0.819373906,1,./eval/mnist_fc_growing/mnist-net_256x6.onnx_10_13_hist_2026-07-06_15-15-29.jld2,0.35823988914489746,0.0
mnist-net_256x6.onnx,10,14,unsat,0.915858351,1,./eval/mnist_fc_growing/mnist-net_256x6.onnx_10_14_hist_2026-07-06_15-15-29.jld2,0.38826608657836914,0.0
mnist-net_256x6.onnx,10,15,unsat,1.033930595,1,./eval/mnist_fc_growing/mnist-net_256x6.onnx_10_15_hist_2026-07-06_15-15-29.jld2,0.44370412826538086,0.0
mnist-net_256x6.onnx,10,16,unsat,1.182211231,1,./eval/mnist_fc_growing/mnist-net_256x6.onnx_10_16_hist_2026-07-06_15-15-29.jld2,0.5136010646820068,0.0
mnist-net_256x6.onnx,10,17,unsat,1.376311851,1,./eval/mnist_fc_growing/mnist-net_256x6.onnx_10_17_hist_2026-07-06_15-15-29.jld2,0.5974948406219482,0.0
mnist-net_256x6.onnx,10,18,unsat,1.508120759,1,./eval/mnist_fc_growing/mnist-net_256x6.onnx_10_18_hist_2026-07-06_15-15-29.jld2,0.6519999504089355,0.0
mnist-net_256x6.onnx,10,19,unsat,1.769480501,1,./eval/mnist_fc_growing/mnist-net_256x6.onnx_10_19_hist_2026-07-06_15-15-29.jld2,0.8103652000427246,0.0
mnist-net_256x6.onnx,10,20,unsat,2.263652879,1,./eval/mnist_fc_growing/mnist-net_256x6.onnx_10_20_hist_2026-07-06_15-15-29.jld2,1.149083137512207,0.0
mnist-net_256x6.onnx,10,21,unsat,2.509989839,1,./eval/mnist_fc_growing/mnist-net_256x6.onnx_10_21_hist_2026-07-06_15-15-29.jld2,1.2974090576171875,0.0
mnist-net_256x6.onnx,10,22,unknown,2.686719337,1,./eval/mnist_fc_growing/mnist-net_256x6.onnx_10_22_hist_2026-07-06_15-15-29.jld2,1.361063003540039,0.636640897859003
mnist-net_256x6.onnx,10,23,unknown,2.951643445,1,./eval/mnist_fc_growing/mnist-net_256x6.onnx_10_23_hist_2026-07-06_15-15-29.jld2,1.4746840000152588,83.6080514161583
mnist-net_256x6.onnx,10,24,unknown,3.313753566,1,./eval/mnist_fc_growing/mnist-net_256x6.onnx_10_24_hist_2026-07-06_15-15-29.jld2,1.6414570808410645,391.8157844854941
mnist-net_256x6.onnx,10,25,unknown,3.578561459,1,./eval/mnist_fc_growing/mnist-net_256x6.onnx_10_25_hist_2026-07-06_15-15-29.jld2,1.7833290100097656,1401.1491928592104
mnist-net_256x6.onnx,10,26,unknown,3.92008445,1,./eval/mnist_fc_growing/mnist-net_256x6.onnx_10_26_hist_2026-07-06_15-15-29.jld2,1.5796070098876953,2726.9690504255786
mnist-net_256x6.onnx,10,27,unknown,4.687581124,1,./eval/mnist_fc_growing/mnist-net_256x6.onnx_10_27_hist_2026-07-06_15-15-29.jld2,2.1511030197143555,12836.75544933725
mnist-net_256x6.onnx,10,28,unknown,5.088766557,1,./eval/mnist_fc_growing/mnist-net_256x6.onnx_10_28_hist_2026-07-06_15-15-29.jld2,2.333322048187256,26196.648614128804
mnist-net_256x6.onnx,10,29,unknown,5.48169152,1,./eval/mnist_fc_growing/mnist-net_256x6.onnx_10_29_hist_2026-07-06_15-15-29.jld2,2.538404941558838,35749.01283751377
mnist-net_256x6.onnx,10,30,unknown,5.990521868,1,./eval/mnist_fc_growing/mnist-net_256x6.onnx_10_30_hist_2026-07-06_15-15-29.jld2,2.7781431674957275,44864.95313168259
mnist-net_256x6.onnx,10,31,unknown,6.479327863,1,./eval/mnist_fc_growing/mnist-net_256x6.onnx_10_31_hist_2026-07-06_15-15-29.jld2,3.019659996032715,51816.27338667142
mnist-net_256x6.onnx,10,32,unknown,6.995633246,1,./eval/mnist_fc_growing/mnist-net_256x6.onnx_10_32_hist_2026-07-06_15-15-29.jld2,3.306427001953125,64350.890709779706
mnist-net_256x6.onnx,10,33,unknown,7.579339128,1,./eval/mnist_fc_growing/mnist-net_256x6.onnx_10_33_hist_2026-07-06_15-15-29.jld2,3.6099281311035156,75663.7921267195
mnist-net_256x6.onnx,10,34,unknown,8.204572533,1,./eval/mnist_fc_growing/mnist-net_256x6.onnx_10_34_hist_2026-07-06_15-15-29.jld2,3.944140911102295,92765.40444557306
mnist-net_256x6.onnx,10,35,unknown,9.34838669,1,./eval/mnist_fc_growing/mnist-net_256x6.onnx_10_35_hist_2026-07-06_15-15-29.jld2,4.7008068561553955,103020.99101315958
mnist-net_256x6.onnx,10,36,unknown,10.074126884,1,./eval/mnist_fc_growing/mnist-net_256x6.onnx_10_36_hist_2026-07-06_15-15-29.jld2,5.067241907119751,109771.99587385585
mnist-net_256x6.onnx,10,37,unknown,10.940323003,1,./eval/mnist_fc_growing/mnist-net_256x6.onnx_10_37_hist_2026-07-06_15-15-29.jld2,5.467473030090332,121953.6616575658
mnist-net_256x6.onnx,10,38,unknown,11.880238499,1,./eval/mnist_fc_growing/mnist-net_256x6.onnx_10_38_hist_2026-07-06_15-15-29.jld2,5.926265001296997,131884.9554571438
mnist-net_256x6.onnx,10,39,unknown,12.965869635,1,./eval/mnist_fc_growing/mnist-net_256x6.onnx_10_39_hist_2026-07-06_15-15-29.jld2,6.404024124145508,155125.05499551102
mnist-net_256x6.onnx,10,40,unknown,14.164590193,1,./eval/mnist_fc_growing/mnist-net_256x6.onnx_10_40_hist_2026-07-06_15-15-29.jld2,6.999521017074585,169457.85409709095
mnist-net_256x6.onnx,10,41,unknown,15.313292686,1,./eval/mnist_fc_growing/mnist-net_256x6.onnx_10_41_hist_2026-07-06_15-15-29.jld2,7.196404933929443,184777.9839766554
mnist-net_256x6.onnx,10,42,unknown,16.978374318,1,./eval/mnist_fc_growing/mnist-net_256x6.onnx_10_42_hist_2026-07-06_15-15-29.jld2,8.160424947738647,196014.6546767097
mnist-net_256x6.onnx,10,43,unknown,18.297620162,1,./eval/mnist_fc_growing/mnist-net_256x6.onnx_10_43_hist_2026-07-06_15-15-29.jld2,8.839987993240356,207173.95894688473
mnist-net_256x6.onnx,10,44,unknown,19.635974446,1,./eval/mnist_fc_growing/mnist-net_256x6.onnx_10_44_hist_2026-07-06_15-15-29.jld2,9.520333051681519,221088.9517470879
mnist-net_256x6.onnx,10,45,unknown,21.14746175,1,./eval/mnist_fc_growing/mnist-net_256x6.onnx_10_45_hist_2026-07-06_15-15-29.jld2,10.273348093032837,259562.60353172256
mnist-net_256x6.onnx,10,46,unknown,22.654732678,1,./eval/mnist_fc_growing/mnist-net_256x6.onnx_10_46_hist_2026-07-06_15-15-29.jld2,11.078649997711182,276053.8652544282
mnist-net_256x6.onnx,10,47,unknown,24.720501871,1,./eval/mnist_fc_growing/mnist-net_256x6.onnx_10_47_hist_2026-07-06_15-15-29.jld2,12.31045389175415,280903.0330284626
mnist-net_256x6.onnx,10,48,unknown,26.667685316,1,./eval/mnist_fc_growing/mnist-net_256x6.onnx_10_48_hist_2026-07-06_15-15-29.jld2,13.23012113571167,288618.0539392236
mnist-net_256x6.onnx,10,49,unknown,28.596391497,1,./eval/mnist_fc_growing/mnist-net_256x6.onnx_10_49_hist_2026-07-06_15-15-29.jld2,14.004978895187378,312051.2550728794
mnist-net_256x6.onnx,10,50,unknown,30.523981039,1,./eval/mnist_fc_growing/mnist-net_256x6.onnx_10_50_hist_2026-07-06_15-15-29.jld2,15.496307134628296,329303.3026285523
mnist-net_256x6.onnx,11,1,unsat,0.190073663,1,./eval/mnist_fc_growing/mnist-net_256x6.onnx_11_1_hist_2026-07-06_15-15-29.jld2,0.09502315521240234,0.0
mnist-net_256x6.onnx,11,2,unsat,0.187353665,1,./eval/mnist_fc_growing/mnist-net_256x6.onnx_11_2_hist_2026-07-06_15-15-29.jld2,0.0915060043334961,0.0
mnist-net_256x6.onnx,11,3,unsat,0.207054369,1,./eval/mnist_fc_growing/mnist-net_256x6.onnx_11_3_hist_2026-07-06_15-15-29.jld2,0.09717702865600586,0.0
mnist-net_256x6.onnx,11,4,unsat,0.23312409,1,./eval/mnist_fc_growing/mnist-net_256x6.onnx_11_4_hist_2026-07-06_15-15-29.jld2,0.10642600059509277,0.0
mnist-net_256x6.onnx,11,5,unsat,0.266475732,1,./eval/mnist_fc_growing/mnist-net_256x6.onnx_11_5_hist_2026-07-06_15-15-29.jld2,0.11556792259216309,0.0
mnist-net_256x6.onnx,11,6,unsat,0.306505286,1,./eval/mnist_fc_growing/mnist-net_256x6.onnx_11_6_hist_2026-07-06_15-15-29.jld2,0.12291502952575684,0.0
mnist-net_256x6.onnx,11,7,unsat,0.364881371,1,./eval/mnist_fc_growing/mnist-net_256x6.onnx_11_7_hist_2026-07-06_15-15-29.jld2,0.1467270851135254,0.0
mnist-net_256x6.onnx,11,8,unknown,0.393664181,1,./eval/mnist_fc_growing/mnist-net_256x6.onnx_11_8_hist_2026-07-06_15-15-29.jld2,0.16055893898010254,300.06372965470786
mnist-net_256x6.onnx,11,9,unknown,0.458314227,1,./eval/mnist_fc_growing/mnist-net_256x6.onnx_11_9_hist_2026-07-06_15-15-29.jld2,0.1891171932220459,2279.871384257286
mnist-net_256x6.onnx,11,10,unknown,0.523796822,1,./eval/mnist_fc_growing/mnist-net_256x6.onnx_11_10_hist_2026-07-06_15-15-29.jld2,0.21860003471374512,6126.445094454335
mnist-net_256x6.onnx,11,11,unknown,0.594063013,1,./eval/mnist_fc_growing/mnist-net_256x6.onnx_11_11_hist_2026-07-06_15-15-29.jld2,0.24100303649902344,15084.213537731315
mnist-net_256x6.onnx,11,12,unknown,0.683528072,1,./eval/mnist_fc_growing/mnist-net_256x6.onnx_11_12_hist_2026-07-06_15-15-29.jld2,0.2823948860168457,23825.64821456157
mnist-net_256x6.onnx,11,13,unknown,0.798133129,1,./eval/mnist_fc_growing/mnist-net_256x6.onnx_11_13_hist_2026-07-06_15-15-29.jld2,0.335874080657959,32129.248555779468
mnist-net_256x6.onnx,11,14,unknown,0.909175807,1,./eval/mnist_fc_growing/mnist-net_256x6.onnx_11_14_hist_2026-07-06_15-15-29.jld2,0.3853931427001953,40879.11380790149
mnist-net_256x6.onnx,11,15,unknown,1.034015676,1,./eval/mnist_fc_growing/mnist-net_256x6.onnx_11_15_hist_2026-07-06_15-15-29.jld2,0.4438948631286621,61366.426237660344
mnist-net_256x6.onnx,11,16,unknown,1.178230005,1,./eval/mnist_fc_growing/mnist-net_256x6.onnx_11_16_hist_2026-07-06_15-15-29.jld2,0.5147030353546143,60495.66016757775
mnist-net_256x6.onnx,11,17,unknown,1.377443605,1,./eval/mnist_fc_growing/mnist-net_256x6.onnx_11_17_hist_2026-07-06_15-15-29.jld2,0.5942809581756592,56424.51634268757
mnist-net_256x6.onnx,11,18,unknown,1.509216665,1,./eval/mnist_fc_growing/mnist-net_256x6.onnx_11_18_hist_2026-07-06_15-15-29.jld2,0.6539819240570068,59255.84869807354
mnist-net_256x6.onnx,11,19,unknown,1.753122077,1,./eval/mnist_fc_growing/mnist-net_256x6.onnx_11_19_hist_2026-07-06_15-15-29.jld2,0.7986860275268555,55206.18107205141
mnist-net_256x6.onnx,11,20,unknown,2.278811484,1,./eval/mnist_fc_growing/mnist-net_256x6.onnx_11_20_hist_2026-07-06_15-15-29.jld2,1.16994309425354,57615.10287687001
mnist-net_256x6.onnx,11,21,unknown,2.467852753,1,./eval/mnist_fc_growing/mnist-net_256x6.onnx_11_21_hist_2026-07-06_15-15-29.jld2,1.275676965713501,60278.40754036219
mnist-net_256x6.onnx,11,22,unknown,2.681816134,1,./eval/mnist_fc_growing/mnist-net_256x6.onnx_11_22_hist_2026-07-06_15-15-29.jld2,1.3611600399017334,63072.20067236187
mnist-net_256x6.onnx,11,23,unknown,2.956085129,1,./eval/mnist_fc_growing/mnist-net_256x6.onnx_11_23_hist_2026-07-06_15-15-29.jld2,1.483928918838501,70123.37889433277
mnist-net_256x6.onnx,11,24,unknown,3.270743081,1,./eval/mnist_fc_growing/mnist-net_256x6.onnx_11_24_hist_2026-07-06_15-15-29.jld2,1.639415979385376,62989.83368015582
mnist-net_256x6.onnx,11,25,unknown,3.570702129,1,./eval/mnist_fc_growing/mnist-net_256x6.onnx_11_25_hist_2026-07-06_15-15-29.jld2,1.7740559577941895,67495.93472790266
mnist-net_256x6.onnx,11,26,unknown,3.918261262,1,./eval/mnist_fc_growing/mnist-net_256x6.onnx_11_26_hist_2026-07-06_15-15-29.jld2,1.5756080150604248,75618.15815202116
mnist-net_256x6.onnx,11,27,unknown,4.689920135,1,./eval/mnist_fc_growing/mnist-net_256x6.onnx_11_27_hist_2026-07-06_15-15-29.jld2,2.134855031967163,81875.32693222197
mnist-net_256x6.onnx,11,28,unknown,5.063690537,1,./eval/mnist_fc_growing/mnist-net_256x6.onnx_11_28_hist_2026-07-06_15-15-29.jld2,2.3251349925994873,93002.38825599068
mnist-net_256x6.onnx,11,29,unknown,5.466389493,1,./eval/mnist_fc_growing/mnist-net_256x6.onnx_11_29_hist_2026-07-06_15-15-29.jld2,2.5395009517669678,94777.69983429593
mnist-net_256x6.onnx,11,30,unknown,5.945652582,1,./eval/mnist_fc_growing/mnist-net_256x6.onnx_11_30_hist_2026-07-06_15-15-29.jld2,2.772679090499878,93806.70601315256
mnist-net_256x6.onnx,11,31,unknown,6.522965909,1,./eval/mnist_fc_growing/mnist-net_256x6.onnx_11_31_hist_2026-07-06_15-15-29.jld2,3.0294549465179443,98316.15373073192
mnist-net_256x6.onnx,11,32,unknown,7.0123037,1,./eval/mnist_fc_growing/mnist-net_256x6.onnx_11_32_hist_2026-07-06_15-15-29.jld2,3.336540937423706,101309.72621511882
mnist-net_256x6.onnx,11,33,unknown,7.62558519,1,./eval/mnist_fc_growing/mnist-net_256x6.onnx_11_33_hist_2026-07-06_15-15-29.jld2,3.6181018352508545,109025.22520673212
mnist-net_256x6.onnx,11,34,unknown,8.215595511,1,./eval/mnist_fc_growing/mnist-net_256x6.onnx_11_34_hist_2026-07-06_15-15-29.jld2,3.955049991607666,118862.97446896494
mnist-net_256x6.onnx,11,35,unknown,9.415624453,1,./eval/mnist_fc_growing/mnist-net_256x6.onnx_11_35_hist_2026-07-06_15-15-29.jld2,4.727956056594849,125651.32654915516
mnist-net_256x6.onnx,11,36,unknown,10.04396734,1,./eval/mnist_fc_growing/mnist-net_256x6.onnx_11_36_hist_2026-07-06_15-15-29.jld2,5.052606821060181,128416.57325351654
mnist-net_256x6.onnx,11,37,unknown,10.90788031,1,./eval/mnist_fc_growing/mnist-net_256x6.onnx_11_37_hist_2026-07-06_15-15-29.jld2,5.468330144882202,138166.2234623213
mnist-net_256x6.onnx,11,38,unknown,11.92479017,1,./eval/mnist_fc_growing/mnist-net_256x6.onnx_11_38_hist_2026-07-06_15-15-29.jld2,5.937057971954346,153646.00661353132
mnist-net_256x6.onnx,11,39,unknown,13.102866029,1,./eval/mnist_fc_growing/mnist-net_256x6.onnx_11_39_hist_2026-07-06_15-15-29.jld2,6.486258029937744,158062.8289142108
mnist-net_256x6.onnx,11,40,unknown,14.179862224,1,./eval/mnist_fc_growing/mnist-net_256x6.onnx_11_40_hist_2026-07-06_15-15-29.jld2,7.007683992385864,167215.95944672666
mnist-net_256x6.onnx,11,41,unknown,15.319369854,1,./eval/mnist_fc_growing/mnist-net_256x6.onnx_11_41_hist_2026-07-06_15-15-29.jld2,7.201645135879517,174580.56102678835
mnist-net_256x6.onnx,11,42,unknown,16.913027991,1,./eval/mnist_fc_growing/mnist-net_256x6.onnx_11_42_hist_2026-07-06_15-15-29.jld2,8.184031963348389,181646.9037481589
mnist-net_256x6.onnx,11,43,unknown,18.295772822,1,./eval/mnist_fc_growing/mnist-net_256x6.onnx_11_43_hist_2026-07-06_15-15-29.jld2,8.825315952301025,185940.17302060343
mnist-net_256x6.onnx,11,44,unknown,19.548175225,1,./eval/mnist_fc_growing/mnist-net_256x6.onnx_11_44_hist_2026-07-06_15-15-29.jld2,9.526196002960205,205714.07511504827
mnist-net_256x6.onnx,11,45,unknown,21.233423126,1,./eval/mnist_fc_growing/mnist-net_256x6.onnx_11_45_hist_2026-07-06_15-15-29.jld2,10.354269981384277,211746.65423893993
mnist-net_256x6.onnx,11,46,unknown,22.707722383,1,./eval/mnist_fc_growing/mnist-net_256x6.onnx_11_46_hist_2026-07-06_15-15-29.jld2,11.083069086074829,223690.20900153348
mnist-net_256x6.onnx,11,47,unknown,24.386616534,1,./eval/mnist_fc_growing/mnist-net_256x6.onnx_11_47_hist_2026-07-06_15-15-29.jld2,11.990628004074097,240125.62634700068
mnist-net_256x6.onnx,11,48,unknown,26.818400738,1,./eval/mnist_fc_growing/mnist-net_256x6.onnx_11_48_hist_2026-07-06_15-15-29.jld2,13.37814998626709,256334.45135835416
mnist-net_256x6.onnx,11,49,unknown,28.485046411,1,./eval/mnist_fc_growing/mnist-net_256x6.onnx_11_49_hist_2026-07-06_15-15-29.jld2,13.932487964630127,264275.2970715874
mnist-net_256x6.onnx,11,50,unknown,30.639902774,1,./eval/mnist_fc_growing/mnist-net_256x6.onnx_11_50_hist_2026-07-06_15-15-29.jld2,15.564115047454834,261972.0176665186
mnist-net_256x6.onnx,12,1,unsat,0.192804299,1,./eval/mnist_fc_growing/mnist-net_256x6.onnx_12_1_hist_2026-07-06_15-15-29.jld2,0.0977318286895752,0.0
mnist-net_256x6.onnx,12,2,unsat,0.18976533,1,./eval/mnist_fc_growing/mnist-net_256x6.onnx_12_2_hist_2026-07-06_15-15-29.jld2,0.09225082397460938,0.0
mnist-net_256x6.onnx,12,3,unsat,0.207334701,1,./eval/mnist_fc_growing/mnist-net_256x6.onnx_12_3_hist_2026-07-06_15-15-29.jld2,0.0980839729309082,0.0
mnist-net_256x6.onnx,12,4,unsat,0.232442257,1,./eval/mnist_fc_growing/mnist-net_256x6.onnx_12_4_hist_2026-07-06_15-15-29.jld2,0.10629510879516602,0.0
mnist-net_256x6.onnx,12,5,unsat,0.2666025,1,./eval/mnist_fc_growing/mnist-net_256x6.onnx_12_5_hist_2026-07-06_15-15-29.jld2,0.11555600166320801,0.0
mnist-net_256x6.onnx,12,6,unsat,0.307885517,1,./eval/mnist_fc_growing/mnist-net_256x6.onnx_12_6_hist_2026-07-06_15-15-29.jld2,0.12282490730285645,0.0
mnist-net_256x6.onnx,12,7,unsat,0.360685988,1,./eval/mnist_fc_growing/mnist-net_256x6.onnx_12_7_hist_2026-07-06_15-15-29.jld2,0.1454789638519287,0.0
mnist-net_256x6.onnx,12,8,unsat,0.393932348,1,./eval/mnist_fc_growing/mnist-net_256x6.onnx_12_8_hist_2026-07-06_15-15-29.jld2,0.1607370376586914,0.0
mnist-net_256x6.onnx,12,9,unsat,0.455866402,1,./eval/mnist_fc_growing/mnist-net_256x6.onnx_12_9_hist_2026-07-06_15-15-29.jld2,0.1887679100036621,0.0
mnist-net_256x6.onnx,12,10,unsat,0.577819414,1,./eval/mnist_fc_growing/mnist-net_256x6.onnx_12_10_hist_2026-07-06_15-15-29.jld2,0.2189340591430664,0.0
mnist-net_256x6.onnx,12,11,unsat,0.594495058,1,./eval/mnist_fc_growing/mnist-net_256x6.onnx_12_11_hist_2026-07-06_15-15-29.jld2,0.24143195152282715,0.0
mnist-net_256x6.onnx,12,12,unknown,0.685159597,1,./eval/mnist_fc_growing/mnist-net_256x6.onnx_12_12_hist_2026-07-06_15-15-29.jld2,0.2832520008087158,497.39727650134597
mnist-net_256x6.onnx,12,13,unknown,0.792935389,1,./eval/mnist_fc_growing/mnist-net_256x6.onnx_12_13_hist_2026-07-06_15-15-29.jld2,0.330974817276001,1954.9656207620258
mnist-net_256x6.onnx,12,14,unknown,0.908370789,1,./eval/mnist_fc_growing/mnist-net_256x6.onnx_12_14_hist_2026-07-06_15-15-29.jld2,0.38454413414001465,3921.171269137112
mnist-net_256x6.onnx,12,15,unknown,1.046222634,1,./eval/mnist_fc_growing/mnist-net_256x6.onnx_12_15_hist_2026-07-06_15-15-29.jld2,0.4553389549255371,6927.382557810112
mnist-net_256x6.onnx,12,16,unknown,1.17819354,1,./eval/mnist_fc_growing/mnist-net_256x6.onnx_12_16_hist_2026-07-06_15-15-29.jld2,0.5113937854766846,9059.82660703472
mnist-net_256x6.onnx,12,17,unknown,1.378467007,1,./eval/mnist_fc_growing/mnist-net_256x6.onnx_12_17_hist_2026-07-06_15-15-29.jld2,0.595911979675293,11036.423338819151
mnist-net_256x6.onnx,12,18,unknown,1.515705955,1,./eval/mnist_fc_growing/mnist-net_256x6.onnx_12_18_hist_2026-07-06_15-15-29.jld2,0.6584529876708984,12542.738934190644
mnist-net_256x6.onnx,12,19,unknown,1.767433043,1,./eval/mnist_fc_growing/mnist-net_256x6.onnx_12_19_hist_2026-07-06_15-15-29.jld2,0.8067419528961182,13206.360527679491
mnist-net_256x6.onnx,12,20,unknown,2.271082704,1,./eval/mnist_fc_growing/mnist-net_256x6.onnx_12_20_hist_2026-07-06_15-15-29.jld2,1.1455330848693848,15961.327352679938
mnist-net_256x6.onnx,12,21,unknown,2.479050146,1,./eval/mnist_fc_growing/mnist-net_256x6.onnx_12_21_hist_2026-07-06_15-15-29.jld2,1.283437967300415,19674.462820279463
mnist-net_256x6.onnx,12,22,unknown,2.685885262,1,./eval/mnist_fc_growing/mnist-net_256x6.onnx_12_22_hist_2026-07-06_15-15-29.jld2,1.3618459701538086,23729.16750088437
mnist-net_256x6.onnx,12,23,unknown,2.971865975,1,./eval/mnist_fc_growing/mnist-net_256x6.onnx_12_23_hist_2026-07-06_15-15-29.jld2,1.4921729564666748,30079.31184487782
mnist-net_256x6.onnx,12,24,unknown,3.28413002,1,./eval/mnist_fc_growing/mnist-net_256x6.onnx_12_24_hist_2026-07-06_15-15-29.jld2,1.6432719230651855,42103.31781263186
mnist-net_256x6.onnx,12,25,unknown,3.60938844,1,./eval/mnist_fc_growing/mnist-net_256x6.onnx_12_25_hist_2026-07-06_15-15-29.jld2,1.799022912979126,48865.20797115852
mnist-net_256x6.onnx,12,26,unknown,4.032402115,1,./eval/mnist_fc_growing/mnist-net_256x6.onnx_12_26_hist_2026-07-06_15-15-29.jld2,1.675379991531372,74920.63488421703
mnist-net_256x6.onnx,12,27,unknown,4.673186156,1,./eval/mnist_fc_growing/mnist-net_256x6.onnx_12_27_hist_2026-07-06_15-15-29.jld2,2.132577896118164,80410.41282918838
mnist-net_256x6.onnx,12,28,unknown,5.08653031,1,./eval/mnist_fc_growing/mnist-net_256x6.onnx_12_28_hist_2026-07-06_15-15-29.jld2,2.340604066848755,88968.61848604005
mnist-net_256x6.onnx,12,29,unknown,5.469853147,1,./eval/mnist_fc_growing/mnist-net_256x6.onnx_12_29_hist_2026-07-06_15-15-29.jld2,2.531872034072876,101518.42629453161
mnist-net_256x6.onnx,12,30,unknown,6.001629478,1,./eval/mnist_fc_growing/mnist-net_256x6.onnx_12_30_hist_2026-07-06_15-15-29.jld2,2.8161509037017822,109827.19164750453
mnist-net_256x6.onnx,12,31,unknown,6.46447008,1,./eval/mnist_fc_growing/mnist-net_256x6.onnx_12_31_hist_2026-07-06_15-15-29.jld2,3.0253920555114746,114481.02362716448
mnist-net_256x6.onnx,12,32,unknown,6.989841132,1,./eval/mnist_fc_growing/mnist-net_256x6.onnx_12_32_hist_2026-07-06_15-15-29.jld2,3.3191988468170166,122331.07382726685
mnist-net_256x6.onnx,12,33,unknown,7.575883009,1,./eval/mnist_fc_growing/mnist-net_256x6.onnx_12_33_hist_2026-07-06_15-15-29.jld2,3.616814136505127,129742.23213749996
mnist-net_256x6.onnx,12,34,unknown,8.246073654,1,./eval/mnist_fc_growing/mnist-net_256x6.onnx_12_34_hist_2026-07-06_15-15-29.jld2,3.962484121322632,137634.53021150662
mnist-net_256x6.onnx,12,35,unknown,9.380693792,1,./eval/mnist_fc_growing/mnist-net_256x6.onnx_12_35_hist_2026-07-06_15-15-29.jld2,4.7195799350738525,160728.99103888756
mnist-net_256x6.onnx,12,36,unknown,10.053206336,1,./eval/mnist_fc_growing/mnist-net_256x6.onnx_12_36_hist_2026-07-06_15-15-29.jld2,5.064340114593506,167106.76974052846
mnist-net_256x6.onnx,12,37,unknown,11.029533189,1,./eval/mnist_fc_growing/mnist-net_256x6.onnx_12_37_hist_2026-07-06_15-15-29.jld2,5.587657928466797,181893.0512262927
mnist-net_256x6.onnx,12,38,unknown,11.891064708,1,./eval/mnist_fc_growing/mnist-net_256x6.onnx_12_38_hist_2026-07-06_15-15-29.jld2,5.927644968032837,176040.05580248503
mnist-net_256x6.onnx,12,39,unknown,13.038990945,1,./eval/mnist_fc_growing/mnist-net_256x6.onnx_12_39_hist_2026-07-06_15-15-29.jld2,6.47285795211792,162258.60631267738
mnist-net_256x6.onnx,12,40,unknown,14.196959262,1,./eval/mnist_fc_growing/mnist-net_256x6.onnx_12_40_hist_2026-07-06_15-15-29.jld2,7.001999855041504,173869.9851559801
mnist-net_256x6.onnx,12,41,unknown,15.291687919,1,./eval/mnist_fc_growing/mnist-net_256x6.onnx_12_41_hist_2026-07-06_15-15-29.jld2,7.186590194702148,184520.50787766313
mnist-net_256x6.onnx,12,42,unknown,16.946629058,1,./eval/mnist_fc_growing/mnist-net_256x6.onnx_12_42_hist_2026-07-06_15-15-29.jld2,8.147004127502441,198947.08108250122
mnist-net_256x6.onnx,12,43,unknown,18.257506918,1,./eval/mnist_fc_growing/mnist-net_256x6.onnx_12_43_hist_2026-07-06_15-15-29.jld2,8.807421922683716,211475.55117380084
mnist-net_256x6.onnx,12,44,unknown,19.61382815,1,./eval/mnist_fc_growing/mnist-net_256x6.onnx_12_44_hist_2026-07-06_15-15-29.jld2,9.534954071044922,234309.91856366786
mnist-net_256x6.onnx,12,45,unknown,21.108420732,1,./eval/mnist_fc_growing/mnist-net_256x6.onnx_12_45_hist_2026-07-06_15-15-29.jld2,10.251343011856079,246794.93517096987
mnist-net_256x6.onnx,12,46,unknown,22.827367875,1,./eval/mnist_fc_growing/mnist-net_256x6.onnx_12_46_hist_2026-07-06_15-15-29.jld2,11.180532932281494,260916.9976434088
mnist-net_256x6.onnx,12,47,unknown,24.806896834,1,./eval/mnist_fc_growing/mnist-net_256x6.onnx_12_47_hist_2026-07-06_15-15-29.jld2,12.36749005317688,259959.22628209548
mnist-net_256x6.onnx,12,48,unknown,26.681526764,1,./eval/mnist_fc_growing/mnist-net_256x6.onnx_12_48_hist_2026-07-06_15-15-29.jld2,13.281282901763916,270411.3163924182
mnist-net_256x6.onnx,12,49,unknown,28.651564772,1,./eval/mnist_fc_growing/mnist-net_256x6.onnx_12_49_hist_2026-07-06_15-15-29.jld2,14.414942979812622,279802.2119455187
mnist-net_256x6.onnx,12,50,unknown,30.394020074,1,./eval/mnist_fc_growing/mnist-net_256x6.onnx_12_50_hist_2026-07-06_15-15-29.jld2,15.05420994758606,283493.6938068468
mnist-net_256x6.onnx,13,1,unsat,0.191023072,1,./eval/mnist_fc_growing/mnist-net_256x6.onnx_13_1_hist_2026-07-06_15-15-29.jld2,0.09536600112915039,0.0
mnist-net_256x6.onnx,13,2,unsat,0.190159817,1,./eval/mnist_fc_growing/mnist-net_256x6.onnx_13_2_hist_2026-07-06_15-15-29.jld2,0.09223794937133789,0.0
mnist-net_256x6.onnx,13,3,unsat,0.218112865,1,./eval/mnist_fc_growing/mnist-net_256x6.onnx_13_3_hist_2026-07-06_15-15-29.jld2,0.0970301628112793,0.0
mnist-net_256x6.onnx,13,4,unsat,0.235248997,1,./eval/mnist_fc_growing/mnist-net_256x6.onnx_13_4_hist_2026-07-06_15-15-29.jld2,0.10622787475585938,0.0
mnist-net_256x6.onnx,13,5,unsat,0.266379535,1,./eval/mnist_fc_growing/mnist-net_256x6.onnx_13_5_hist_2026-07-06_15-15-29.jld2,0.11559700965881348,0.0
mnist-net_256x6.onnx,13,6,unsat,0.308812249,1,./eval/mnist_fc_growing/mnist-net_256x6.onnx_13_6_hist_2026-07-06_15-15-29.jld2,0.12282609939575195,0.0
mnist-net_256x6.onnx,13,7,unsat,0.360331707,1,./eval/mnist_fc_growing/mnist-net_256x6.onnx_13_7_hist_2026-07-06_15-15-29.jld2,0.1427919864654541,0.0
mnist-net_256x6.onnx,13,8,unsat,0.463217073,1,./eval/mnist_fc_growing/mnist-net_256x6.onnx_13_8_hist_2026-07-06_15-15-29.jld2,0.22890591621398926,0.0
mnist-net_256x6.onnx,13,9,unsat,0.459038111,1,./eval/mnist_fc_growing/mnist-net_256x6.onnx_13_9_hist_2026-07-06_15-15-29.jld2,0.19188904762268066,0.0
mnist-net_256x6.onnx,13,10,unknown,0.51993006,1,./eval/mnist_fc_growing/mnist-net_256x6.onnx_13_10_hist_2026-07-06_15-15-29.jld2,0.21837782859802246,145.04206035248686
mnist-net_256x6.onnx,13,11,unknown,0.592347344,1,./eval/mnist_fc_growing/mnist-net_256x6.onnx_13_11_hist_2026-07-06_15-15-29.jld2,0.24073195457458496,6730.612110971737
mnist-net_256x6.onnx,13,12,unknown,0.6856512,1,./eval/mnist_fc_growing/mnist-net_256x6.onnx_13_12_hist_2026-07-06_15-15-29.jld2,0.2822539806365967,13314.77501186931
mnist-net_256x6.onnx,13,13,unknown,0.789878104,1,./eval/mnist_fc_growing/mnist-net_256x6.onnx_13_13_hist_2026-07-06_15-15-29.jld2,0.32988500595092773,15113.890182304523
mnist-net_256x6.onnx,13,14,unknown,0.929644762,1,./eval/mnist_fc_growing/mnist-net_256x6.onnx_13_14_hist_2026-07-06_15-15-29.jld2,0.3839089870452881,21403.629016375828
mnist-net_256x6.onnx,13,15,unknown,1.039976587,1,./eval/mnist_fc_growing/mnist-net_256x6.onnx_13_15_hist_2026-07-06_15-15-29.jld2,0.4464600086212158,26099.96400561704
mnist-net_256x6.onnx,13,16,unknown,1.177108419,1,./eval/mnist_fc_growing/mnist-net_256x6.onnx_13_16_hist_2026-07-06_15-15-29.jld2,0.5107080936431885,28051.699811072227
mnist-net_256x6.onnx,13,17,unknown,1.375405002,1,./eval/mnist_fc_growing/mnist-net_256x6.onnx_13_17_hist_2026-07-06_15-15-29.jld2,0.5950729846954346,30253.630529600996
mnist-net_256x6.onnx,13,18,unknown,1.509020965,1,./eval/mnist_fc_growing/mnist-net_256x6.onnx_13_18_hist_2026-07-06_15-15-29.jld2,0.6565558910369873,34674.8358925336
mnist-net_256x6.onnx,13,19,unknown,1.75740157,1,./eval/mnist_fc_growing/mnist-net_256x6.onnx_13_19_hist_2026-07-06_15-15-29.jld2,0.8012261390686035,32924.759458740555
mnist-net_256x6.onnx,13,20,unknown,2.257553946,1,./eval/mnist_fc_growing/mnist-net_256x6.onnx_13_20_hist_2026-07-06_15-15-29.jld2,1.1485049724578857,35083.680122548845
mnist-net_256x6.onnx,13,21,unknown,2.454711671,1,./eval/mnist_fc_growing/mnist-net_256x6.onnx_13_21_hist_2026-07-06_15-15-29.jld2,1.268272876739502,40044.60547048455
mnist-net_256x6.onnx,13,22,unknown,2.719504783,1,./eval/mnist_fc_growing/mnist-net_256x6.onnx_13_22_hist_2026-07-06_15-15-29.jld2,1.357719898223877,46796.63128386541
mnist-net_256x6.onnx,13,23,unknown,2.942049445,1,./eval/mnist_fc_growing/mnist-net_256x6.onnx_13_23_hist_2026-07-06_15-15-29.jld2,1.4715650081634521,57003.93730764509
mnist-net_256x6.onnx,13,24,unknown,3.259724872,1,./eval/mnist_fc_growing/mnist-net_256x6.onnx_13_24_hist_2026-07-06_15-15-29.jld2,1.632896900177002,65417.2920385235
mnist-net_256x6.onnx,13,25,unknown,3.560625346,1,./eval/mnist_fc_growing/mnist-net_256x6.onnx_13_25_hist_2026-07-06_15-15-29.jld2,1.7690870761871338,62459.130038999894
mnist-net_256x6.onnx,13,26,unknown,3.926345428,1,./eval/mnist_fc_growing/mnist-net_256x6.onnx_13_26_hist_2026-07-06_15-15-29.jld2,1.5782830715179443,67229.88212530894
mnist-net_256x6.onnx,13,27,unknown,4.699584214,1,./eval/mnist_fc_growing/mnist-net_256x6.onnx_13_27_hist_2026-07-06_15-15-29.jld2,2.1320338249206543,83348.28754994157
mnist-net_256x6.onnx,13,28,unknown,5.0794799,1,./eval/mnist_fc_growing/mnist-net_256x6.onnx_13_28_hist_2026-07-06_15-15-29.jld2,2.329630136489868,88182.78965721934
mnist-net_256x6.onnx,13,29,unknown,5.488862572,1,./eval/mnist_fc_growing/mnist-net_256x6.onnx_13_29_hist_2026-07-06_15-15-29.jld2,2.5466349124908447,99431.0378903651
mnist-net_256x6.onnx,13,30,unknown,6.025075313,1,./eval/mnist_fc_growing/mnist-net_256x6.onnx_13_30_hist_2026-07-06_15-15-29.jld2,2.78548002243042,105367.18423132833
mnist-net_256x6.onnx,13,31,unknown,6.451680449,1,./eval/mnist_fc_growing/mnist-net_256x6.onnx_13_31_hist_2026-07-06_15-15-29.jld2,3.0170600414276123,110409.55140797829
mnist-net_256x6.onnx,13,32,unknown,6.99541161,1,./eval/mnist_fc_growing/mnist-net_256x6.onnx_13_32_hist_2026-07-06_15-15-29.jld2,3.3150501251220703,112264.50856308844
mnist-net_256x6.onnx,13,33,unknown,7.625337608,1,./eval/mnist_fc_growing/mnist-net_256x6.onnx_13_33_hist_2026-07-06_15-15-29.jld2,3.6468260288238525,119752.83258527957
mnist-net_256x6.onnx,13,34,unknown,8.211695937,1,./eval/mnist_fc_growing/mnist-net_256x6.onnx_13_34_hist_2026-07-06_15-15-29.jld2,3.9629788398742676,134437.42444129183
mnist-net_256x6.onnx,13,35,unknown,9.320304214,1,./eval/mnist_fc_growing/mnist-net_256x6.onnx_13_35_hist_2026-07-06_15-15-29.jld2,4.690960884094238,142722.9007912476
mnist-net_256x6.onnx,13,36,unknown,10.078219949,1,./eval/mnist_fc_growing/mnist-net_256x6.onnx_13_36_hist_2026-07-06_15-15-29.jld2,5.092491865158081,146072.35762405267
mnist-net_256x6.onnx,13,37,unknown,10.953520666,1,./eval/mnist_fc_growing/mnist-net_256x6.onnx_13_37_hist_2026-07-06_15-15-29.jld2,5.494605779647827,154253.32428393053
mnist-net_256x6.onnx,13,38,unknown,11.92778657,1,./eval/mnist_fc_growing/mnist-net_256x6.onnx_13_38_hist_2026-07-06_15-15-29.jld2,5.94185209274292,161963.18307097966
mnist-net_256x6.onnx,13,39,unknown,13.029336686,1,./eval/mnist_fc_growing/mnist-net_256x6.onnx_13_39_hist_2026-07-06_15-15-29.jld2,6.430995941162109,168620.53308869255
mnist-net_256x6.onnx,13,40,unknown,14.13678181,1,./eval/mnist_fc_growing/mnist-net_256x6.onnx_13_40_hist_2026-07-06_15-15-29.jld2,6.989841938018799,177738.2609698133
mnist-net_256x6.onnx,13,41,unknown,15.371414335,1,./eval/mnist_fc_growing/mnist-net_256x6.onnx_13_41_hist_2026-07-06_15-15-29.jld2,7.236907005310059,183906.49281027482
mnist-net_256x6.onnx,13,42,unknown,16.933968125,1,./eval/mnist_fc_growing/mnist-net_256x6.onnx_13_42_hist_2026-07-06_15-15-29.jld2,8.149935960769653,191992.574815166
mnist-net_256x6.onnx,13,43,unknown,18.322809888,1,./eval/mnist_fc_growing/mnist-net_256x6.onnx_13_43_hist_2026-07-06_15-15-29.jld2,8.818382024765015,197057.93777573633
mnist-net_256x6.onnx,13,44,unknown,19.659081699,1,./eval/mnist_fc_growing/mnist-net_256x6.onnx_13_44_hist_2026-07-06_15-15-29.jld2,9.583396911621094,222537.2784325941
mnist-net_256x6.onnx,13,45,unknown,21.169819017,1,./eval/mnist_fc_growing/mnist-net_256x6.onnx_13_45_hist_2026-07-06_15-15-29.jld2,10.281771898269653,234086.19137738796
mnist-net_256x6.onnx,13,46,unknown,22.752649479,1,./eval/mnist_fc_growing/mnist-net_256x6.onnx_13_46_hist_2026-07-06_15-15-29.jld2,11.109451055526733,291959.9405272732
mnist-net_256x6.onnx,13,47,unknown,24.84047375,1,./eval/mnist_fc_growing/mnist-net_256x6.onnx_13_47_hist_2026-07-06_15-15-29.jld2,12.378914833068848,261597.10644754788
mnist-net_256x6.onnx,13,48,unknown,26.778171973,1,./eval/mnist_fc_growing/mnist-net_256x6.onnx_13_48_hist_2026-07-06_15-15-29.jld2,13.292641162872314,281021.17197267787
mnist-net_256x6.onnx,13,49,unknown,28.628837853,1,./eval/mnist_fc_growing/mnist-net_256x6.onnx_13_49_hist_2026-07-06_15-15-29.jld2,14.45784616470337,291913.5849194916
mnist-net_256x6.onnx,13,50,unknown,30.342071799,1,./eval/mnist_fc_growing/mnist-net_256x6.onnx_13_50_hist_2026-07-06_15-15-29.jld2,15.014559984207153,291331.3860998355
mnist-net_256x6.onnx,14,1,unsat,0.189610752,1,./eval/mnist_fc_growing/mnist-net_256x6.onnx_14_1_hist_2026-07-06_15-15-29.jld2,0.09494805335998535,0.0
mnist-net_256x6.onnx,14,2,unsat,0.187060606,1,./eval/mnist_fc_growing/mnist-net_256x6.onnx_14_2_hist_2026-07-06_15-15-29.jld2,0.09132599830627441,0.0
mnist-net_256x6.onnx,14,3,unsat,0.207042791,1,./eval/mnist_fc_growing/mnist-net_256x6.onnx_14_3_hist_2026-07-06_15-15-29.jld2,0.09699201583862305,0.0
mnist-net_256x6.onnx,14,4,unsat,0.232415016,1,./eval/mnist_fc_growing/mnist-net_256x6.onnx_14_4_hist_2026-07-06_15-15-29.jld2,0.10597705841064453,0.0
mnist-net_256x6.onnx,14,5,unsat,0.283727678,1,./eval/mnist_fc_growing/mnist-net_256x6.onnx_14_5_hist_2026-07-06_15-15-29.jld2,0.115264892578125,0.0
mnist-net_256x6.onnx,14,6,unsat,0.310636817,1,./eval/mnist_fc_growing/mnist-net_256x6.onnx_14_6_hist_2026-07-06_15-15-29.jld2,0.12331700325012207,0.0
mnist-net_256x6.onnx,14,7,unsat,0.358711934,1,./eval/mnist_fc_growing/mnist-net_256x6.onnx_14_7_hist_2026-07-06_15-15-29.jld2,0.14286589622497559,0.0
mnist-net_256x6.onnx,14,8,unsat,0.393722648,1,./eval/mnist_fc_growing/mnist-net_256x6.onnx_14_8_hist_2026-07-06_15-15-29.jld2,0.16035699844360352,0.0
mnist-net_256x6.onnx,14,9,unsat,0.456667912,1,./eval/mnist_fc_growing/mnist-net_256x6.onnx_14_9_hist_2026-07-06_15-15-29.jld2,0.1885528564453125,0.0
mnist-net_256x6.onnx,14,10,unsat,0.530606948,1,./eval/mnist_fc_growing/mnist-net_256x6.onnx_14_10_hist_2026-07-06_15-15-29.jld2,0.2204439640045166,0.0
mnist-net_256x6.onnx,14,11,unsat,0.59813678,1,./eval/mnist_fc_growing/mnist-net_256x6.onnx_14_11_hist_2026-07-06_15-15-29.jld2,0.2411491870880127,0.0
mnist-net_256x6.onnx,14,12,unsat,0.68418991,1,./eval/mnist_fc_growing/mnist-net_256x6.onnx_14_12_hist_2026-07-06_15-15-29.jld2,0.2824859619140625,0.0
mnist-net_256x6.onnx,14,13,unsat,0.796580902,1,./eval/mnist_fc_growing/mnist-net_256x6.onnx_14_13_hist_2026-07-06_15-15-29.jld2,0.33083415031433105,0.0
mnist-net_256x6.onnx,14,14,unsat,0.909867574,1,./eval/mnist_fc_growing/mnist-net_256x6.onnx_14_14_hist_2026-07-06_15-15-29.jld2,0.3844718933105469,0.0
mnist-net_256x6.onnx,14,15,unsat,1.061161236,1,./eval/mnist_fc_growing/mnist-net_256x6.onnx_14_15_hist_2026-07-06_15-15-29.jld2,0.4704608917236328,0.0
mnist-net_256x6.onnx,14,16,unsat,1.186782448,1,./eval/mnist_fc_growing/mnist-net_256x6.onnx_14_16_hist_2026-07-06_15-15-29.jld2,0.5151638984680176,0.0
mnist-net_256x6.onnx,14,17,unsat,1.402945639,1,./eval/mnist_fc_growing/mnist-net_256x6.onnx_14_17_hist_2026-07-06_15-15-29.jld2,0.5977520942687988,0.0
mnist-net_256x6.onnx,14,18,unsat,1.553178975,1,./eval/mnist_fc_growing/mnist-net_256x6.onnx_14_18_hist_2026-07-06_15-15-29.jld2,0.6801128387451172,0.0
mnist-net_256x6.onnx,14,19,unsat,2.132756316,1,./eval/mnist_fc_growing/mnist-net_256x6.onnx_14_19_hist_2026-07-06_15-15-29.jld2,1.1673171520233154,0.0
mnist-net_256x6.onnx,14,20,unsat,2.253898579,1,./eval/mnist_fc_growing/mnist-net_256x6.onnx_14_20_hist_2026-07-06_15-15-29.jld2,1.189655065536499,0.0
mnist-net_256x6.onnx,14,21,unsat,2.483131706,1,./eval/mnist_fc_growing/mnist-net_256x6.onnx_14_21_hist_2026-07-06_15-15-29.jld2,1.2905969619750977,0.0
mnist-net_256x6.onnx,14,22,unknown,2.684694277,1,./eval/mnist_fc_growing/mnist-net_256x6.onnx_14_22_hist_2026-07-06_15-15-29.jld2,1.3599579334259033,13.107102379428312
mnist-net_256x6.onnx,14,23,unknown,2.955155102,1,./eval/mnist_fc_growing/mnist-net_256x6.onnx_14_23_hist_2026-07-06_15-15-29.jld2,1.4769489765167236,113.18881927912572
mnist-net_256x6.onnx,14,24,unknown,3.281637977,1,./eval/mnist_fc_growing/mnist-net_256x6.onnx_14_24_hist_2026-07-06_15-15-29.jld2,1.634101152420044,445.13357935676044
mnist-net_256x6.onnx,14,25,unknown,3.588725068,1,./eval/mnist_fc_growing/mnist-net_256x6.onnx_14_25_hist_2026-07-06_15-15-29.jld2,1.7798550128936768,1593.1208155232036
mnist-net_256x6.onnx,14,26,unknown,3.934462074,1,./eval/mnist_fc_growing/mnist-net_256x6.onnx_14_26_hist_2026-07-06_15-15-29.jld2,1.583907127380371,4006.7242476534952
mnist-net_256x6.onnx,14,27,unknown,4.70541644,1,./eval/mnist_fc_growing/mnist-net_256x6.onnx_14_27_hist_2026-07-06_15-15-29.jld2,2.1633968353271484,7486.7941499006
mnist-net_256x6.onnx,14,28,unknown,5.081264477,1,./eval/mnist_fc_growing/mnist-net_256x6.onnx_14_28_hist_2026-07-06_15-15-29.jld2,2.3358609676361084,11997.16476704982
mnist-net_256x6.onnx,14,29,unknown,5.486324776,1,./eval/mnist_fc_growing/mnist-net_256x6.onnx_14_29_hist_2026-07-06_15-15-29.jld2,2.545496940612793,14250.954336418778
mnist-net_256x6.onnx,14,30,unknown,5.9722043,1,./eval/mnist_fc_growing/mnist-net_256x6.onnx_14_30_hist_2026-07-06_15-15-29.jld2,2.780949831008911,17900.725541181466
mnist-net_256x6.onnx,14,31,unknown,6.50180463,1,./eval/mnist_fc_growing/mnist-net_256x6.onnx_14_31_hist_2026-07-06_15-15-29.jld2,3.0554351806640625,21454.608192330932
mnist-net_256x6.onnx,14,32,unknown,7.035743164,1,./eval/mnist_fc_growing/mnist-net_256x6.onnx_14_32_hist_2026-07-06_15-15-29.jld2,3.327683925628662,25162.431097578738
mnist-net_256x6.onnx,14,33,unknown,7.635540078,1,./eval/mnist_fc_growing/mnist-net_256x6.onnx_14_33_hist_2026-07-06_15-15-29.jld2,3.6288161277770996,29222.27368970609
mnist-net_256x6.onnx,14,34,unknown,8.249450631,1,./eval/mnist_fc_growing/mnist-net_256x6.onnx_14_34_hist_2026-07-06_15-15-29.jld2,3.9580671787261963,44456.05201276579
mnist-net_256x6.onnx,14,35,unknown,9.361187447,1,./eval/mnist_fc_growing/mnist-net_256x6.onnx_14_35_hist_2026-07-06_15-15-29.jld2,4.704385995864868,57038.94244979456
mnist-net_256x6.onnx,14,36,unknown,10.052255206,1,./eval/mnist_fc_growing/mnist-net_256x6.onnx_14_36_hist_2026-07-06_15-15-29.jld2,5.07757306098938,66458.45875188266
mnist-net_256x6.onnx,14,37,unknown,10.999250753,1,./eval/mnist_fc_growing/mnist-net_256x6.onnx_14_37_hist_2026-07-06_15-15-29.jld2,5.481225967407227,74378.6547817048
mnist-net_256x6.onnx,14,38,unknown,11.991181941,1,./eval/mnist_fc_growing/mnist-net_256x6.onnx_14_38_hist_2026-07-06_15-15-29.jld2,5.979526042938232,80263.63569327678
mnist-net_256x6.onnx,14,39,unknown,13.048955507,1,./eval/mnist_fc_growing/mnist-net_256x6.onnx_14_39_hist_2026-07-06_15-15-29.jld2,6.476325988769531,94292.7654238923
mnist-net_256x6.onnx,14,40,unknown,14.201183635,1,./eval/mnist_fc_growing/mnist-net_256x6.onnx_14_40_hist_2026-07-06_15-15-29.jld2,7.002259016036987,106997.93247279304
mnist-net_256x6.onnx,14,41,unknown,15.276475545,1,./eval/mnist_fc_growing/mnist-net_256x6.onnx_14_41_hist_2026-07-06_15-15-29.jld2,7.190114974975586,117880.30646662001
mnist-net_256x6.onnx,14,42,unknown,16.987205536,1,./eval/mnist_fc_growing/mnist-net_256x6.onnx_14_42_hist_2026-07-06_15-15-29.jld2,8.206490993499756,122001.02615749503
mnist-net_256x6.onnx,14,43,unknown,18.314474655,1,./eval/mnist_fc_growing/mnist-net_256x6.onnx_14_43_hist_2026-07-06_15-15-29.jld2,8.819149017333984,131624.42447809567
mnist-net_256x6.onnx,14,44,unknown,19.539173727,1,./eval/mnist_fc_growing/mnist-net_256x6.onnx_14_44_hist_2026-07-06_15-15-29.jld2,9.490130186080933,138754.83809868243
mnist-net_256x6.onnx,14,45,unknown,21.139615734,1,./eval/mnist_fc_growing/mnist-net_256x6.onnx_14_45_hist_2026-07-06_15-15-29.jld2,10.28643798828125,158520.54977737155
mnist-net_256x6.onnx,14,46,unknown,22.772847647,1,./eval/mnist_fc_growing/mnist-net_256x6.onnx_14_46_hist_2026-07-06_15-15-29.jld2,11.083622932434082,164515.38592539067
mnist-net_256x6.onnx,14,47,unknown,24.844702469,1,./eval/mnist_fc_growing/mnist-net_256x6.onnx_14_47_hist_2026-07-06_15-15-29.jld2,12.338441133499146,177035.70505026364
mnist-net_256x6.onnx,14,48,unknown,26.806578775,1,./eval/mnist_fc_growing/mnist-net_256x6.onnx_14_48_hist_2026-07-06_15-15-29.jld2,13.349938869476318,183825.71566039204
mnist-net_256x6.onnx,14,49,unknown,28.478567894,1,./eval/mnist_fc_growing/mnist-net_256x6.onnx_14_49_hist_2026-07-06_15-15-29.jld2,13.950555086135864,190375.75707994867
mnist-net_256x6.onnx,14,50,unknown,30.342744681,1,./eval/mnist_fc_growing/mnist-net_256x6.onnx_14_50_hist_2026-07-06_15-15-29.jld2,15.023219108581543,205278.59030524336
